ISO-10303-21;
HEADER;
FILE_DESCRIPTION((''),'2;1');
FILE_NAME('C-284414-6','2021-11-30T08:16:45',('workeradm'),(
'TE Connectivity Ltd.'),'CREO PARAMETRIC BY PTC INC, 2021072',
'CREO PARAMETRIC BY PTC INC, 2021072','');
FILE_SCHEMA(('AUTOMOTIVE_DESIGN { 1 0 10303 214 1 1 1 1 }'));
ENDSEC;
DATA;
#2=DIRECTION('',(0.E0,0.E0,1.E0));
#3=VECTOR('',#2,8.E-1);
#4=CARTESIAN_POINT('',(-1.05E1,6.7E0,-8.2E0));
#5=LINE('',#4,#3);
#6=DIRECTION('',(0.E0,1.E0,0.E0));
#7=VECTOR('',#6,2.3E0);
#8=CARTESIAN_POINT('',(-1.05E1,6.7E0,-7.4E0));
#9=LINE('',#8,#7);
#10=DIRECTION('',(0.E0,0.E0,1.E0));
#11=VECTOR('',#10,3.652228694495E-1);
#12=CARTESIAN_POINT('',(-1.05E1,9.E0,-7.4E0));
#13=LINE('',#12,#11);
#14=DIRECTION('',(0.E0,9.848077530122E-1,1.736481776669E-1));
#15=VECTOR('',#14,3.529670858112E0);
#16=CARTESIAN_POINT('',(-1.05E1,9.E0,-7.034777130550E0));
#17=LINE('',#16,#15);
#18=CARTESIAN_POINT('',(-1.05E1,1.245E1,-6.274135055323E0));
#19=DIRECTION('',(-1.E0,0.E0,0.E0));
#20=DIRECTION('',(0.E0,1.E0,0.E0));
#21=AXIS2_PLACEMENT_3D('',#18,#19,#20);
#23=DIRECTION('',(0.E0,0.E0,1.E0));
#24=VECTOR('',#23,1.030025687829E-1);
#25=CARTESIAN_POINT('',(-1.05E1,1.26E1,-6.274135055323E0));
#26=LINE('',#25,#24);
#27=DIRECTION('',(0.E0,1.E0,0.E0));
#28=VECTOR('',#27,2.2E0);
#29=CARTESIAN_POINT('',(-1.05E1,1.04E1,-6.171132486540E0));
#30=LINE('',#29,#28);
#31=DIRECTION('',(0.E0,0.E0,1.E0));
#32=VECTOR('',#31,9.422649730810E-1);
#33=CARTESIAN_POINT('',(-1.05E1,1.04E1,-6.171132486540E0));
#34=LINE('',#33,#32);
#35=DIRECTION('',(0.E0,1.E0,0.E0));
#36=VECTOR('',#35,2.2E0);
#37=CARTESIAN_POINT('',(-1.05E1,1.04E1,-5.228867513459E0));
#38=LINE('',#37,#36);
#39=DIRECTION('',(0.E0,0.E0,1.E0));
#40=VECTOR('',#39,2.257735026919E0);
#41=CARTESIAN_POINT('',(-1.05E1,1.26E1,-5.228867513459E0));
#42=LINE('',#41,#40);
#43=DIRECTION('',(0.E0,1.E0,0.E0));
#44=VECTOR('',#43,2.2E0);
#45=CARTESIAN_POINT('',(-1.05E1,1.04E1,-2.971132486540E0));
#46=LINE('',#45,#44);
#47=DIRECTION('',(0.E0,0.E0,1.E0));
#48=VECTOR('',#47,9.422649730810E-1);
#49=CARTESIAN_POINT('',(-1.05E1,1.04E1,-2.971132486540E0));
#50=LINE('',#49,#48);
#51=DIRECTION('',(0.E0,1.E0,0.E0));
#52=VECTOR('',#51,2.2E0);
#53=CARTESIAN_POINT('',(-1.05E1,1.04E1,-2.028867513459E0));
#54=LINE('',#53,#52);
#55=DIRECTION('',(0.E0,0.E0,1.E0));
#56=VECTOR('',#55,1.583440594408E-2);
#57=CARTESIAN_POINT('',(-1.05E1,1.26E1,-2.028867513460E0));
#58=LINE('',#57,#56);
#59=CARTESIAN_POINT('',(-1.05E1,1.245E1,-2.013033107515E0));
#60=DIRECTION('',(1.E0,0.E0,0.E0));
#61=DIRECTION('',(0.E0,1.E0,0.E0));
#62=AXIS2_PLACEMENT_3D('',#59,#60,#61);
#64=DIRECTION('',(0.E0,-9.612616959383E-1,2.756373558170E-1));
#65=VECTOR('',#64,5.556598817930E0);
#66=CARTESIAN_POINT('',(-1.05E1,1.249134560337E1,-1.868843853125E0));
#67=LINE('',#66,#65);
#68=DIRECTION('',(0.E0,0.E0,1.E0));
#69=VECTOR('',#68,3.372376476145E-1);
#70=CARTESIAN_POINT('',(-1.05E1,7.15E0,-3.372376476145E-1));
#71=LINE('',#70,#69);
#72=DIRECTION('',(0.E0,-1.E0,0.E0));
#73=VECTOR('',#72,7.15E0);
#74=CARTESIAN_POINT('',(-1.05E1,7.15E0,0.E0));
#75=LINE('',#74,#73);
#76=DIRECTION('',(0.E0,0.E0,-1.E0));
#77=VECTOR('',#76,7.435778670279E0);
#78=CARTESIAN_POINT('',(-1.05E1,0.E0,0.E0));
#79=LINE('',#78,#77);
#80=DIRECTION('',(0.E0,-1.E0,0.E0));
#81=VECTOR('',#80,1.3E0);
#82=CARTESIAN_POINT('',(-1.05E1,0.E0,-7.435778670279E0));
#83=LINE('',#82,#81);
#84=CARTESIAN_POINT('',(-1.05E1,-1.3E0,-7.635778670279E0));
#85=DIRECTION('',(-1.E0,0.E0,0.E0));
#86=DIRECTION('',(0.E0,-1.E0,0.E0));
#87=AXIS2_PLACEMENT_3D('',#84,#85,#86);
#89=DIRECTION('',(0.E0,0.E0,-1.E0));
#90=VECTOR('',#89,5.642213297207E-1);
#91=CARTESIAN_POINT('',(-1.05E1,-1.5E0,-7.635778670279E0));
#92=LINE('',#91,#90);
#93=DIRECTION('',(0.E0,1.E0,0.E0));
#94=VECTOR('',#93,8.2E0);
#95=CARTESIAN_POINT('',(-1.05E1,-1.5E0,-8.2E0));
#96=LINE('',#95,#94);
#97=CARTESIAN_POINT('',(-9.990192378865E0,6.7E0,-8.05E0));
#98=DIRECTION('',(0.E0,-1.E0,0.E0));
#99=DIRECTION('',(-8.660254037844E-1,0.E0,5.E-1));
#100=AXIS2_PLACEMENT_3D('',#97,#98,#99);
#102=DIRECTION('',(-5.E-1,0.E0,-8.660254037844E-1));
#103=VECTOR('',#102,5.773502691896E-1);
#104=CARTESIAN_POINT('',(-9.831421054837E0,6.7E0,-7.475E0));
#105=LINE('',#104,#103);
#106=CARTESIAN_POINT('',(-9.874722325027E0,6.7E0,-7.45E0));
#107=DIRECTION('',(0.E0,1.E0,0.E0));
#108=DIRECTION('',(0.E0,0.E0,1.E0));
#109=AXIS2_PLACEMENT_3D('',#106,#107,#108);
#111=DIRECTION('',(1.E0,0.E0,0.E0));
#112=VECTOR('',#111,6.252776749733E-1);
#113=CARTESIAN_POINT('',(-1.05E1,6.7E0,-7.4E0));
#114=LINE('',#113,#112);
#115=DIRECTION('',(1.E0,0.E0,0.E0));
#116=VECTOR('',#115,6.252776749733E-1);
#117=CARTESIAN_POINT('',(9.874722325027E0,6.7E0,-7.4E0));
#118=LINE('',#117,#116);
#119=CARTESIAN_POINT('',(9.874722325027E0,6.7E0,-7.45E0));
#120=DIRECTION('',(0.E0,1.E0,0.E0));
#121=DIRECTION('',(-8.660254037844E-1,0.E0,-5.E-1));
#122=AXIS2_PLACEMENT_3D('',#119,#120,#121);
#124=DIRECTION('',(-5.E-1,0.E0,8.660254037844E-1));
#125=VECTOR('',#124,5.773502691896E-1);
#126=CARTESIAN_POINT('',(1.012009618943E1,6.7E0,-7.975E0));
#127=LINE('',#126,#125);
#128=CARTESIAN_POINT('',(9.990192378865E0,6.7E0,-8.05E0));
#129=DIRECTION('',(0.E0,-1.E0,0.E0));
#130=DIRECTION('',(0.E0,0.E0,-1.E0));
#131=AXIS2_PLACEMENT_3D('',#128,#129,#130);
#133=DIRECTION('',(1.E0,0.E0,0.E0));
#134=VECTOR('',#133,5.098076211354E-1);
#135=CARTESIAN_POINT('',(-1.05E1,6.7E0,-8.2E0));
#136=LINE('',#135,#134);
#137=DIRECTION('',(1.E0,0.E0,0.E0));
#138=VECTOR('',#137,1.E0);
#139=CARTESIAN_POINT('',(-1.05E1,-1.5E0,-8.2E0));
#140=LINE('',#139,#138);
#141=CARTESIAN_POINT('',(-9.5E0,-1.3E0,-8.2E0));
#142=DIRECTION('',(0.E0,0.E0,-1.E0));
#143=DIRECTION('',(1.E0,0.E0,0.E0));
#144=AXIS2_PLACEMENT_3D('',#141,#142,#143);
#146=DIRECTION('',(0.E0,1.E0,0.E0));
#147=VECTOR('',#146,1.3E0);
#148=CARTESIAN_POINT('',(-9.3E0,-1.3E0,-8.2E0));
#149=LINE('',#148,#147);
#150=DIRECTION('',(1.E0,0.E0,0.E0));
#151=VECTOR('',#150,1.1E0);
#152=CARTESIAN_POINT('',(-9.3E0,0.E0,-8.2E0));
#153=LINE('',#152,#151);
#154=DIRECTION('',(0.E0,1.E0,0.E0));
#155=VECTOR('',#154,1.3E0);
#156=CARTESIAN_POINT('',(-8.2E0,-1.3E0,-8.2E0));
#157=LINE('',#156,#155);
#158=CARTESIAN_POINT('',(-8.E0,-1.3E0,-8.2E0));
#159=DIRECTION('',(0.E0,0.E0,-1.E0));
#160=DIRECTION('',(0.E0,-1.E0,0.E0));
#161=AXIS2_PLACEMENT_3D('',#158,#159,#160);
#163=DIRECTION('',(1.E0,0.E0,0.E0));
#164=VECTOR('',#163,8.45E-1);
#165=CARTESIAN_POINT('',(-8.E0,-1.5E0,-8.2E0));
#166=LINE('',#165,#164);
#167=DIRECTION('',(0.E0,1.E0,0.E0));
#168=VECTOR('',#167,1.5E0);
#169=CARTESIAN_POINT('',(-7.155E0,-1.5E0,-8.2E0));
#170=LINE('',#169,#168);
#171=DIRECTION('',(1.E0,0.E0,0.E0));
#172=VECTOR('',#171,1.431E1);
#173=CARTESIAN_POINT('',(-7.155E0,0.E0,-8.2E0));
#174=LINE('',#173,#172);
#175=DIRECTION('',(0.E0,1.E0,0.E0));
#176=VECTOR('',#175,1.5E0);
#177=CARTESIAN_POINT('',(7.155E0,-1.5E0,-8.2E0));
#178=LINE('',#177,#176);
#179=DIRECTION('',(1.E0,0.E0,0.E0));
#180=VECTOR('',#179,8.45E-1);
#181=CARTESIAN_POINT('',(7.155E0,-1.5E0,-8.2E0));
#182=LINE('',#181,#180);
#183=CARTESIAN_POINT('',(8.E0,-1.3E0,-8.2E0));
#184=DIRECTION('',(0.E0,0.E0,-1.E0));
#185=DIRECTION('',(1.E0,0.E0,0.E0));
#186=AXIS2_PLACEMENT_3D('',#183,#184,#185);
#188=DIRECTION('',(0.E0,1.E0,0.E0));
#189=VECTOR('',#188,1.3E0);
#190=CARTESIAN_POINT('',(8.2E0,-1.3E0,-8.2E0));
#191=LINE('',#190,#189);
#192=DIRECTION('',(1.E0,0.E0,0.E0));
#193=VECTOR('',#192,1.1E0);
#194=CARTESIAN_POINT('',(8.2E0,0.E0,-8.2E0));
#195=LINE('',#194,#193);
#196=DIRECTION('',(0.E0,1.E0,0.E0));
#197=VECTOR('',#196,1.3E0);
#198=CARTESIAN_POINT('',(9.3E0,-1.3E0,-8.2E0));
#199=LINE('',#198,#197);
#200=CARTESIAN_POINT('',(9.5E0,-1.3E0,-8.2E0));
#201=DIRECTION('',(0.E0,0.E0,-1.E0));
#202=DIRECTION('',(0.E0,-1.E0,0.E0));
#203=AXIS2_PLACEMENT_3D('',#200,#201,#202);
#205=DIRECTION('',(1.E0,0.E0,0.E0));
#206=VECTOR('',#205,1.E0);
#207=CARTESIAN_POINT('',(9.5E0,-1.5E0,-8.2E0));
#208=LINE('',#207,#206);
#209=DIRECTION('',(1.E0,0.E0,0.E0));
#210=VECTOR('',#209,5.098076211354E-1);
#211=CARTESIAN_POINT('',(9.990192378865E0,6.7E0,-8.2E0));
#212=LINE('',#211,#210);
#213=DIRECTION('',(0.E0,1.E0,0.E0));
#214=VECTOR('',#213,2.3E0);
#215=CARTESIAN_POINT('',(9.990192378865E0,6.7E0,-8.2E0));
#216=LINE('',#215,#214);
#217=DIRECTION('',(0.E0,1.E0,0.E0));
#218=VECTOR('',#217,2.3E0);
#219=CARTESIAN_POINT('',(-9.990192378865E0,6.7E0,-8.2E0));
#220=LINE('',#219,#218);
#221=DIRECTION('',(0.E0,0.E0,1.E0));
#222=VECTOR('',#221,5.642213297207E-1);
#223=CARTESIAN_POINT('',(-9.5E0,-1.5E0,-8.2E0));
#224=LINE('',#223,#222);
#225=DIRECTION('',(-1.E0,0.E0,0.E0));
#226=VECTOR('',#225,1.E0);
#227=CARTESIAN_POINT('',(-9.5E0,-1.5E0,-7.635778670279E0));
#228=LINE('',#227,#226);
#229=DIRECTION('',(0.E0,0.E0,-1.E0));
#230=VECTOR('',#229,5.642213297207E-1);
#231=CARTESIAN_POINT('',(-8.E0,-1.5E0,-7.635778670279E0));
#232=LINE('',#231,#230);
#233=DIRECTION('',(-1.E0,0.E0,0.E0));
#234=VECTOR('',#233,8.45E-1);
#235=CARTESIAN_POINT('',(-7.155E0,-1.5E0,-7.635778670279E0));
#236=LINE('',#235,#234);
#237=DIRECTION('',(0.E0,0.E0,-1.E0));
#238=VECTOR('',#237,5.642213297207E-1);
#239=CARTESIAN_POINT('',(-7.155E0,-1.5E0,-7.635778670279E0));
#240=LINE('',#239,#238);
#241=DIRECTION('',(0.E0,0.E0,-1.E0));
#242=VECTOR('',#241,5.642213297207E-1);
#243=CARTESIAN_POINT('',(9.5E0,-1.5E0,-7.635778670279E0));
#244=LINE('',#243,#242);
#245=DIRECTION('',(-1.E0,0.E0,0.E0));
#246=VECTOR('',#245,1.E0);
#247=CARTESIAN_POINT('',(1.05E1,-1.5E0,-7.635778670279E0));
#248=LINE('',#247,#246);
#249=DIRECTION('',(0.E0,0.E0,1.E0));
#250=VECTOR('',#249,5.642213297207E-1);
#251=CARTESIAN_POINT('',(8.E0,-1.5E0,-8.2E0));
#252=LINE('',#251,#250);
#253=DIRECTION('',(0.E0,0.E0,-1.E0));
#254=VECTOR('',#253,5.642213297207E-1);
#255=CARTESIAN_POINT('',(7.155E0,-1.5E0,-7.635778670279E0));
#256=LINE('',#255,#254);
#257=DIRECTION('',(-1.E0,0.E0,0.E0));
#258=VECTOR('',#257,8.45E-1);
#259=CARTESIAN_POINT('',(8.E0,-1.5E0,-7.635778670279E0));
#260=LINE('',#259,#258);
#261=CARTESIAN_POINT('',(-9.3E0,-1.3E0,-7.435778670279E0));
#262=CARTESIAN_POINT('',(-9.3E0,-1.303802312567E0,-7.435778670279E0));
#263=CARTESIAN_POINT('',(-9.300217114537E0,-1.311430193063E0,
-7.435995784817E0));
#264=CARTESIAN_POINT('',(-9.301202461133E0,-1.322889820217E0,
-7.436981131413E0));
#265=CARTESIAN_POINT('',(-9.302860595089E0,-1.334371060693E0,
-7.438639265368E0));
#266=CARTESIAN_POINT('',(-9.305211224256E0,-1.345867830683E0,
-7.440989894535E0));
#267=CARTESIAN_POINT('',(-9.308281788309E0,-1.357378049875E0,
-7.444060458589E0));
#268=CARTESIAN_POINT('',(-9.312107454452E0,-1.368894881343E0,
-7.447886124731E0));
#269=CARTESIAN_POINT('',(-9.316730923728E0,-1.380404574003E0,
-7.452509594007E0));
#270=CARTESIAN_POINT('',(-9.322195692851E0,-1.391874164650E0,
-7.457974363130E0));
#271=CARTESIAN_POINT('',(-9.328557367177E0,-1.403275236222E0,
-7.464336037456E0));
#272=CARTESIAN_POINT('',(-9.335858331512E0,-1.414539847005E0,
-7.471637001792E0));
#273=CARTESIAN_POINT('',(-9.344158225774E0,-1.425614901205E0,
-7.479936896053E0));
#274=CARTESIAN_POINT('',(-9.353491048330E0,-1.436400112959E0,
-7.489269718609E0));
#275=CARTESIAN_POINT('',(-9.363894386843E0,-1.446797795350E0,
-7.499673057123E0));
#276=CARTESIAN_POINT('',(-9.375389802124E0,-1.456688147138E0,
-7.511168472403E0));
#277=CARTESIAN_POINT('',(-9.387967084362E0,-1.465927832184E0,
-7.523745754641E0));
#278=CARTESIAN_POINT('',(-9.401602072114E0,-1.474372550541E0,
-7.537380742393E0));
#279=CARTESIAN_POINT('',(-9.416238367780E0,-1.481868451370E0,
-7.552017038059E0));
#280=CARTESIAN_POINT('',(-9.431779018776E0,-1.488259963714E0,
-7.567557689055E0));
#281=CARTESIAN_POINT('',(-9.448098559696E0,-1.493404305997E0,
-7.583877229975E0));
#282=CARTESIAN_POINT('',(-9.465032911179E0,-1.497177252112E0,
-7.600811581459E0));
#283=CARTESIAN_POINT('',(-9.482411097140E0,-1.499482612844E0,
-7.618189767419E0));
#284=CARTESIAN_POINT('',(-9.494117078836E0,-1.5E0,-7.629895749116E0));
#285=CARTESIAN_POINT('',(-9.5E0,-1.5E0,-7.635778670279E0));
#287=DIRECTION('',(-1.E0,0.E0,0.E0));
#288=VECTOR('',#287,1.2E0);
#289=CARTESIAN_POINT('',(-9.3E0,-1.3E0,-7.435778670279E0));
#290=LINE('',#289,#288);
#291=DIRECTION('',(1.E0,0.E0,0.E0));
#292=VECTOR('',#291,1.2E0);
#293=CARTESIAN_POINT('',(-1.05E1,0.E0,-7.435778670279E0));
#294=LINE('',#293,#292);
#295=DIRECTION('',(0.E0,-1.E0,0.E0));
#296=VECTOR('',#295,1.3E0);
#297=CARTESIAN_POINT('',(-9.3E0,0.E0,-7.435778670279E0));
#298=LINE('',#297,#296);
#299=DIRECTION('',(-1.E0,0.E0,0.E0));
#300=VECTOR('',#299,1.045E0);
#301=CARTESIAN_POINT('',(-7.155E0,-1.3E0,-7.435778670279E0));
#302=LINE('',#301,#300);
#303=DIRECTION('',(0.E0,-1.E0,0.E0));
#304=VECTOR('',#303,1.3E0);
#305=CARTESIAN_POINT('',(-8.2E0,0.E0,-7.435778670279E0));
#306=LINE('',#305,#304);
#307=DIRECTION('',(1.E0,0.E0,0.E0));
#308=VECTOR('',#307,1.045E0);
#309=CARTESIAN_POINT('',(-8.2E0,0.E0,-7.435778670279E0));
#310=LINE('',#309,#308);
#311=DIRECTION('',(0.E0,-1.E0,0.E0));
#312=VECTOR('',#311,1.3E0);
#313=CARTESIAN_POINT('',(-7.155E0,0.E0,-7.435778670279E0));
#314=LINE('',#313,#312);
#315=DIRECTION('',(-1.E0,0.E0,0.E0));
#316=VECTOR('',#315,1.2E0);
#317=CARTESIAN_POINT('',(1.05E1,-1.3E0,-7.435778670279E0));
#318=LINE('',#317,#316);
#319=DIRECTION('',(0.E0,-1.E0,0.E0));
#320=VECTOR('',#319,1.3E0);
#321=CARTESIAN_POINT('',(9.3E0,0.E0,-7.435778670279E0));
#322=LINE('',#321,#320);
#323=DIRECTION('',(1.E0,0.E0,0.E0));
#324=VECTOR('',#323,1.2E0);
#325=CARTESIAN_POINT('',(9.3E0,0.E0,-7.435778670279E0));
#326=LINE('',#325,#324);
#327=DIRECTION('',(-1.E0,0.E0,0.E0));
#328=VECTOR('',#327,1.045E0);
#329=CARTESIAN_POINT('',(8.2E0,-1.3E0,-7.435778670279E0));
#330=LINE('',#329,#328);
#331=DIRECTION('',(0.E0,-1.E0,0.E0));
#332=VECTOR('',#331,1.3E0);
#333=CARTESIAN_POINT('',(7.155E0,0.E0,-7.435778670279E0));
#334=LINE('',#333,#332);
#335=DIRECTION('',(1.E0,0.E0,0.E0));
#336=VECTOR('',#335,1.045E0);
#337=CARTESIAN_POINT('',(7.155E0,0.E0,-7.435778670279E0));
#338=LINE('',#337,#336);
#339=DIRECTION('',(0.E0,-1.E0,0.E0));
#340=VECTOR('',#339,1.3E0);
#341=CARTESIAN_POINT('',(8.2E0,0.E0,-7.435778670279E0));
#342=LINE('',#341,#340);
#343=DIRECTION('',(0.E0,0.E0,1.E0));
#344=VECTOR('',#343,7.642213297207E-1);
#345=CARTESIAN_POINT('',(-9.3E0,0.E0,-8.2E0));
#346=LINE('',#345,#344);
#347=DIRECTION('',(1.E0,0.E0,0.E0));
#348=VECTOR('',#347,2.1E1);
#349=CARTESIAN_POINT('',(-1.05E1,0.E0,0.E0));
#350=LINE('',#349,#348);
#351=DIRECTION('',(0.E0,0.E0,1.E0));
#352=VECTOR('',#351,7.642213297207E-1);
#353=CARTESIAN_POINT('',(8.2E0,0.E0,-8.2E0));
#354=LINE('',#353,#352);
#355=DIRECTION('',(0.E0,0.E0,1.E0));
#356=VECTOR('',#355,7.642213297207E-1);
#357=CARTESIAN_POINT('',(-7.155E0,0.E0,-8.2E0));
#358=LINE('',#357,#356);
#359=DIRECTION('',(0.E0,0.E0,-1.E0));
#360=VECTOR('',#359,5.045628348781E-1);
#361=CARTESIAN_POINT('',(-9.2E0,0.E0,-6.851787997812E0));
#362=LINE('',#361,#360);
#363=DIRECTION('',(1.E0,0.E0,0.E0));
#364=VECTOR('',#363,9.E-1);
#365=CARTESIAN_POINT('',(-9.2E0,0.E0,-7.356350832690E0));
#366=LINE('',#365,#364);
#367=DIRECTION('',(0.E0,0.E0,-1.E0));
#368=VECTOR('',#367,5.045628348781E-1);
#369=CARTESIAN_POINT('',(-8.3E0,0.E0,-6.851787997812E0));
#370=LINE('',#369,#368);
#371=DIRECTION('',(1.E0,0.E0,0.E0));
#372=VECTOR('',#371,9.E-1);
#373=CARTESIAN_POINT('',(-9.2E0,0.E0,-6.851787997812E0));
#374=LINE('',#373,#372);
#375=DIRECTION('',(0.E0,0.E0,1.E0));
#376=VECTOR('',#375,5.045628348781E-1);
#377=CARTESIAN_POINT('',(-5.7E0,0.E0,-7.356350832690E0));
#378=LINE('',#377,#376);
#379=DIRECTION('',(1.E0,0.E0,0.E0));
#380=VECTOR('',#379,9.E-1);
#381=CARTESIAN_POINT('',(-5.7E0,0.E0,-7.356350832690E0));
#382=LINE('',#381,#380);
#383=DIRECTION('',(0.E0,0.E0,1.E0));
#384=VECTOR('',#383,5.045628348781E-1);
#385=CARTESIAN_POINT('',(-4.8E0,0.E0,-7.356350832690E0));
#386=LINE('',#385,#384);
#387=DIRECTION('',(1.E0,0.E0,0.E0));
#388=VECTOR('',#387,9.E-1);
#389=CARTESIAN_POINT('',(-5.7E0,0.E0,-6.851787997812E0));
#390=LINE('',#389,#388);
#391=DIRECTION('',(0.E0,0.E0,1.E0));
#392=VECTOR('',#391,5.045628348781E-1);
#393=CARTESIAN_POINT('',(-2.2E0,0.E0,-7.356350832690E0));
#394=LINE('',#393,#392);
#395=DIRECTION('',(1.E0,0.E0,0.E0));
#396=VECTOR('',#395,9.E-1);
#397=CARTESIAN_POINT('',(-2.2E0,0.E0,-7.356350832690E0));
#398=LINE('',#397,#396);
#399=DIRECTION('',(0.E0,0.E0,1.E0));
#400=VECTOR('',#399,5.045628348781E-1);
#401=CARTESIAN_POINT('',(-1.3E0,0.E0,-7.356350832690E0));
#402=LINE('',#401,#400);
#403=DIRECTION('',(1.E0,0.E0,0.E0));
#404=VECTOR('',#403,9.E-1);
#405=CARTESIAN_POINT('',(-2.2E0,0.E0,-6.851787997812E0));
#406=LINE('',#405,#404);
#407=DIRECTION('',(0.E0,0.E0,1.E0));
#408=VECTOR('',#407,5.045628348781E-1);
#409=CARTESIAN_POINT('',(1.3E0,0.E0,-7.356350832690E0));
#410=LINE('',#409,#408);
#411=DIRECTION('',(1.E0,0.E0,0.E0));
#412=VECTOR('',#411,9.E-1);
#413=CARTESIAN_POINT('',(1.3E0,0.E0,-7.356350832690E0));
#414=LINE('',#413,#412);
#415=DIRECTION('',(0.E0,0.E0,1.E0));
#416=VECTOR('',#415,5.045628348781E-1);
#417=CARTESIAN_POINT('',(2.2E0,0.E0,-7.356350832690E0));
#418=LINE('',#417,#416);
#419=DIRECTION('',(1.E0,0.E0,0.E0));
#420=VECTOR('',#419,9.E-1);
#421=CARTESIAN_POINT('',(1.3E0,0.E0,-6.851787997812E0));
#422=LINE('',#421,#420);
#423=DIRECTION('',(0.E0,0.E0,1.E0));
#424=VECTOR('',#423,5.045628348781E-1);
#425=CARTESIAN_POINT('',(4.8E0,0.E0,-7.356350832690E0));
#426=LINE('',#425,#424);
#427=DIRECTION('',(1.E0,0.E0,0.E0));
#428=VECTOR('',#427,9.E-1);
#429=CARTESIAN_POINT('',(4.8E0,0.E0,-7.356350832690E0));
#430=LINE('',#429,#428);
#431=DIRECTION('',(0.E0,0.E0,1.E0));
#432=VECTOR('',#431,5.045628348781E-1);
#433=CARTESIAN_POINT('',(5.7E0,0.E0,-7.356350832690E0));
#434=LINE('',#433,#432);
#435=DIRECTION('',(1.E0,0.E0,0.E0));
#436=VECTOR('',#435,9.E-1);
#437=CARTESIAN_POINT('',(4.8E0,0.E0,-6.851787997812E0));
#438=LINE('',#437,#436);
#439=DIRECTION('',(0.E0,0.E0,1.E0));
#440=VECTOR('',#439,5.045628348781E-1);
#441=CARTESIAN_POINT('',(8.3E0,0.E0,-7.356350832690E0));
#442=LINE('',#441,#440);
#443=DIRECTION('',(1.E0,0.E0,0.E0));
#444=VECTOR('',#443,9.E-1);
#445=CARTESIAN_POINT('',(8.3E0,0.E0,-7.356350832690E0));
#446=LINE('',#445,#444);
#447=DIRECTION('',(0.E0,0.E0,1.E0));
#448=VECTOR('',#447,5.045628348781E-1);
#449=CARTESIAN_POINT('',(9.2E0,0.E0,-7.356350832690E0));
#450=LINE('',#449,#448);
#451=DIRECTION('',(1.E0,0.E0,0.E0));
#452=VECTOR('',#451,9.E-1);
#453=CARTESIAN_POINT('',(8.3E0,0.E0,-6.851787997812E0));
#454=LINE('',#453,#452);
#455=DIRECTION('',(0.E0,0.E0,-1.E0));
#456=VECTOR('',#455,7.642213297207E-1);
#457=CARTESIAN_POINT('',(-8.2E0,-1.3E0,-7.435778670279E0));
#458=LINE('',#457,#456);
#459=DIRECTION('',(0.E0,0.E0,1.E0));
#460=VECTOR('',#459,7.642213297207E-1);
#461=CARTESIAN_POINT('',(-8.2E0,0.E0,-8.2E0));
#462=LINE('',#461,#460);
#463=CARTESIAN_POINT('',(-8.E0,-1.5E0,-7.635778670279E0));
#464=CARTESIAN_POINT('',(-8.005882921164E0,-1.5E0,-7.629895749116E0));
#465=CARTESIAN_POINT('',(-8.017588902860E0,-1.499482612844E0,
-7.618189767419E0));
#466=CARTESIAN_POINT('',(-8.034967088821E0,-1.497177252112E0,
-7.600811581459E0));
#467=CARTESIAN_POINT('',(-8.051901440304E0,-1.493404305997E0,
-7.583877229975E0));
#468=CARTESIAN_POINT('',(-8.068220981224E0,-1.488259963714E0,
-7.567557689055E0));
#469=CARTESIAN_POINT('',(-8.083761632220E0,-1.481868451370E0,
-7.552017038059E0));
#470=CARTESIAN_POINT('',(-8.098397927886E0,-1.474372550541E0,
-7.537380742393E0));
#471=CARTESIAN_POINT('',(-8.112032915638E0,-1.465927832184E0,
-7.523745754641E0));
#472=CARTESIAN_POINT('',(-8.124610197876E0,-1.456688147138E0,
-7.511168472403E0));
#473=CARTESIAN_POINT('',(-8.136105613157E0,-1.446797795350E0,
-7.499673057123E0));
#474=CARTESIAN_POINT('',(-8.146508951670E0,-1.436400112959E0,
-7.489269718609E0));
#475=CARTESIAN_POINT('',(-8.155841774226E0,-1.425614901205E0,
-7.479936896053E0));
#476=CARTESIAN_POINT('',(-8.164141668488E0,-1.414539847005E0,
-7.471637001792E0));
#477=CARTESIAN_POINT('',(-8.171442632823E0,-1.403275236222E0,
-7.464336037456E0));
#478=CARTESIAN_POINT('',(-8.177804307149E0,-1.391874164650E0,
-7.457974363130E0));
#479=CARTESIAN_POINT('',(-8.183269076272E0,-1.380404574003E0,
-7.452509594007E0));
#480=CARTESIAN_POINT('',(-8.187892545548E0,-1.368894881343E0,
-7.447886124731E0));
#481=CARTESIAN_POINT('',(-8.191718211691E0,-1.357378049875E0,
-7.444060458589E0));
#482=CARTESIAN_POINT('',(-8.194788775744E0,-1.345867830683E0,
-7.440989894535E0));
#483=CARTESIAN_POINT('',(-8.197139404911E0,-1.334371060693E0,
-7.438639265368E0));
#484=CARTESIAN_POINT('',(-8.198797538867E0,-1.322889820217E0,
-7.436981131413E0));
#485=CARTESIAN_POINT('',(-8.199782885463E0,-1.311430193063E0,
-7.435995784817E0));
#486=CARTESIAN_POINT('',(-8.2E0,-1.303802312567E0,-7.435778670279E0));
#487=CARTESIAN_POINT('',(-8.2E0,-1.3E0,-7.435778670279E0));
#489=CARTESIAN_POINT('',(-7.155E0,-1.3E0,-7.635778670279E0));
#490=DIRECTION('',(1.E0,0.E0,0.E0));
#491=DIRECTION('',(0.E0,0.E0,1.E0));
#492=AXIS2_PLACEMENT_3D('',#489,#490,#491);
#494=DIRECTION('',(0.E0,0.E0,1.E0));
#495=VECTOR('',#494,7.642213297207E-1);
#496=CARTESIAN_POINT('',(-9.3E0,-1.3E0,-8.2E0));
#497=LINE('',#496,#495);
#498=DIRECTION('',(1.E0,0.E0,0.E0));
#499=VECTOR('',#498,2.1E1);
#500=CARTESIAN_POINT('',(-1.05E1,7.15E0,0.E0));
#501=LINE('',#500,#499);
#502=CARTESIAN_POINT('',(-2.660178571429E1,4.05E0,0.E0));
#503=DIRECTION('',(0.E0,0.E0,1.E0));
#504=DIRECTION('',(9.909802116889E-1,-1.340082834791E-1,0.E0));
#505=AXIS2_PLACEMENT_3D('',#502,#503,#504);
#507=DIRECTION('',(1.E0,0.E0,0.E0));
#508=VECTOR('',#507,2.52E0);
#509=CARTESIAN_POINT('',(-9.895E0,6.65E0,0.E0));
#510=LINE('',#509,#508);
#511=CARTESIAN_POINT('',(9.331785714286E0,4.05E0,0.E0));
#512=DIRECTION('',(0.E0,0.E0,-1.E0));
#513=DIRECTION('',(-9.948458352508E-1,1.013990339408E-1,0.E0));
#514=AXIS2_PLACEMENT_3D('',#511,#512,#513);
#516=DIRECTION('',(0.E0,1.E0,0.E0));
#517=VECTOR('',#516,3.934644656310E0);
#518=CARTESIAN_POINT('',(-9.97E0,2.082677671845E0,0.E0));
#519=LINE('',#518,#517);
#520=CARTESIAN_POINT('',(9.331785714286E0,4.05E0,0.E0));
#521=DIRECTION('',(0.E0,0.E0,-1.E0));
#522=DIRECTION('',(-9.909802116889E-1,-1.340082834791E-1,0.E0));
#523=AXIS2_PLACEMENT_3D('',#520,#521,#522);
#525=DIRECTION('',(1.E0,0.E0,0.E0));
#526=VECTOR('',#525,2.52E0);
#527=CARTESIAN_POINT('',(-9.895E0,1.45E0,0.E0));
#528=LINE('',#527,#526);
#529=DIRECTION('',(1.E0,0.E0,0.E0));
#530=VECTOR('',#529,2.75E0);
#531=CARTESIAN_POINT('',(-6.625E0,1.45E0,0.E0));
#532=LINE('',#531,#530);
#533=CARTESIAN_POINT('',(-2.310178571429E1,4.05E0,0.E0));
#534=DIRECTION('',(0.E0,0.E0,1.E0));
#535=DIRECTION('',(9.909802116889E-1,-1.340082834791E-1,0.E0));
#536=AXIS2_PLACEMENT_3D('',#533,#534,#535);
#538=DIRECTION('',(1.E0,0.E0,0.E0));
#539=VECTOR('',#538,2.75E0);
#540=CARTESIAN_POINT('',(-6.625E0,6.65E0,0.E0));
#541=LINE('',#540,#539);
#542=CARTESIAN_POINT('',(1.260178571429E1,4.05E0,0.E0));
#543=DIRECTION('',(0.E0,0.E0,1.E0));
#544=DIRECTION('',(-9.909802116889E-1,1.340082834791E-1,0.E0));
#545=AXIS2_PLACEMENT_3D('',#542,#543,#544);
#547=DIRECTION('',(1.E0,0.E0,0.E0));
#548=VECTOR('',#547,2.75E0);
#549=CARTESIAN_POINT('',(-3.125E0,1.45E0,0.E0));
#550=LINE('',#549,#548);
#551=CARTESIAN_POINT('',(-1.960178571429E1,4.05E0,0.E0));
#552=DIRECTION('',(0.E0,0.E0,1.E0));
#553=DIRECTION('',(9.909802116889E-1,-1.340082834791E-1,0.E0));
#554=AXIS2_PLACEMENT_3D('',#551,#552,#553);
#556=DIRECTION('',(1.E0,0.E0,0.E0));
#557=VECTOR('',#556,2.75E0);
#558=CARTESIAN_POINT('',(-3.125E0,6.65E0,0.E0));
#559=LINE('',#558,#557);
#560=CARTESIAN_POINT('',(1.610178571429E1,4.05E0,0.E0));
#561=DIRECTION('',(0.E0,0.E0,1.E0));
#562=DIRECTION('',(-9.909802116889E-1,1.340082834791E-1,0.E0));
#563=AXIS2_PLACEMENT_3D('',#560,#561,#562);
#565=DIRECTION('',(1.E0,0.E0,0.E0));
#566=VECTOR('',#565,2.75E0);
#567=CARTESIAN_POINT('',(3.75E-1,1.45E0,0.E0));
#568=LINE('',#567,#566);
#569=CARTESIAN_POINT('',(-1.610178571429E1,4.05E0,0.E0));
#570=DIRECTION('',(0.E0,0.E0,1.E0));
#571=DIRECTION('',(9.909802116889E-1,-1.340082834791E-1,0.E0));
#572=AXIS2_PLACEMENT_3D('',#569,#570,#571);
#574=DIRECTION('',(1.E0,0.E0,0.E0));
#575=VECTOR('',#574,2.75E0);
#576=CARTESIAN_POINT('',(3.75E-1,6.65E0,0.E0));
#577=LINE('',#576,#575);
#578=CARTESIAN_POINT('',(1.960178571429E1,4.05E0,0.E0));
#579=DIRECTION('',(0.E0,0.E0,1.E0));
#580=DIRECTION('',(-9.909802116889E-1,1.340082834791E-1,0.E0));
#581=AXIS2_PLACEMENT_3D('',#578,#579,#580);
#583=DIRECTION('',(1.E0,0.E0,0.E0));
#584=VECTOR('',#583,2.75E0);
#585=CARTESIAN_POINT('',(3.875E0,1.45E0,0.E0));
#586=LINE('',#585,#584);
#587=CARTESIAN_POINT('',(-1.260178571429E1,4.05E0,0.E0));
#588=DIRECTION('',(0.E0,0.E0,1.E0));
#589=DIRECTION('',(9.909802116889E-1,-1.340082834791E-1,0.E0));
#590=AXIS2_PLACEMENT_3D('',#587,#588,#589);
#592=DIRECTION('',(1.E0,0.E0,0.E0));
#593=VECTOR('',#592,2.75E0);
#594=CARTESIAN_POINT('',(3.875E0,6.65E0,0.E0));
#595=LINE('',#594,#593);
#596=CARTESIAN_POINT('',(2.310178571429E1,4.05E0,0.E0));
#597=DIRECTION('',(0.E0,0.E0,1.E0));
#598=DIRECTION('',(-9.909802116889E-1,1.340082834791E-1,0.E0));
#599=AXIS2_PLACEMENT_3D('',#596,#597,#598);
#601=DIRECTION('',(1.E0,0.E0,0.E0));
#602=VECTOR('',#601,2.52E0);
#603=CARTESIAN_POINT('',(7.375E0,6.65E0,0.E0));
#604=LINE('',#603,#602);
#605=CARTESIAN_POINT('',(2.660178571429E1,4.05E0,0.E0));
#606=DIRECTION('',(0.E0,0.E0,1.E0));
#607=DIRECTION('',(-9.909802116889E-1,1.340082834791E-1,0.E0));
#608=AXIS2_PLACEMENT_3D('',#605,#606,#607);
#610=DIRECTION('',(1.E0,0.E0,0.E0));
#611=VECTOR('',#610,2.52E0);
#612=CARTESIAN_POINT('',(7.375E0,1.45E0,0.E0));
#613=LINE('',#612,#611);
#614=CARTESIAN_POINT('',(-3.513416666667E1,4.05E0,0.E0));
#615=DIRECTION('',(0.E0,0.E0,1.E0));
#616=DIRECTION('',(9.983371824480E-1,-5.764434180139E-2,0.E0));
#617=AXIS2_PLACEMENT_3D('',#614,#615,#616);
#619=DIRECTION('',(0.E0,0.E0,1.E0));
#620=VECTOR('',#619,8.E-1);
#621=CARTESIAN_POINT('',(1.05E1,6.7E0,-8.2E0));
#622=LINE('',#621,#620);
#623=DIRECTION('',(0.E0,1.E0,0.E0));
#624=VECTOR('',#623,8.2E0);
#625=CARTESIAN_POINT('',(1.05E1,-1.5E0,-8.2E0));
#626=LINE('',#625,#624);
#627=DIRECTION('',(0.E0,0.E0,-1.E0));
#628=VECTOR('',#627,5.642213297207E-1);
#629=CARTESIAN_POINT('',(1.05E1,-1.5E0,-7.635778670279E0));
#630=LINE('',#629,#628);
#631=CARTESIAN_POINT('',(1.05E1,-1.3E0,-7.635778670279E0));
#632=DIRECTION('',(1.E0,0.E0,0.E0));
#633=DIRECTION('',(0.E0,0.E0,1.E0));
#634=AXIS2_PLACEMENT_3D('',#631,#632,#633);
#636=DIRECTION('',(0.E0,-1.E0,0.E0));
#637=VECTOR('',#636,1.3E0);
#638=CARTESIAN_POINT('',(1.05E1,0.E0,-7.435778670279E0));
#639=LINE('',#638,#637);
#640=DIRECTION('',(0.E0,0.E0,-1.E0));
#641=VECTOR('',#640,7.435778670279E0);
#642=CARTESIAN_POINT('',(1.05E1,0.E0,0.E0));
#643=LINE('',#642,#641);
#644=DIRECTION('',(0.E0,1.E0,0.E0));
#645=VECTOR('',#644,7.15E0);
#646=CARTESIAN_POINT('',(1.05E1,0.E0,0.E0));
#647=LINE('',#646,#645);
#648=DIRECTION('',(0.E0,0.E0,1.E0));
#649=VECTOR('',#648,3.372376476145E-1);
#650=CARTESIAN_POINT('',(1.05E1,7.15E0,-3.372376476145E-1));
#651=LINE('',#650,#649);
#652=DIRECTION('',(0.E0,-9.612616959383E-1,2.756373558170E-1));
#653=VECTOR('',#652,5.556598817930E0);
#654=CARTESIAN_POINT('',(1.05E1,1.249134560337E1,-1.868843853125E0));
#655=LINE('',#654,#653);
#656=CARTESIAN_POINT('',(1.05E1,1.245E1,-2.013033107515E0));
#657=DIRECTION('',(1.E0,0.E0,0.E0));
#658=DIRECTION('',(0.E0,1.E0,0.E0));
#659=AXIS2_PLACEMENT_3D('',#656,#657,#658);
#661=DIRECTION('',(0.E0,0.E0,1.E0));
#662=VECTOR('',#661,1.890394867010E-1);
#663=CARTESIAN_POINT('',(1.05E1,1.26E1,-2.202072594216E0));
#664=LINE('',#663,#662);
#665=DIRECTION('',(0.E0,1.E0,0.E0));
#666=VECTOR('',#665,2.2E0);
#667=CARTESIAN_POINT('',(1.05E1,1.04E1,-2.202072594216E0));
#668=LINE('',#667,#666);
#669=DIRECTION('',(0.E0,0.E0,1.E0));
#670=VECTOR('',#669,5.958548115672E-1);
#671=CARTESIAN_POINT('',(1.05E1,1.04E1,-2.797927405784E0));
#672=LINE('',#671,#670);
#673=DIRECTION('',(0.E0,1.E0,0.E0));
#674=VECTOR('',#673,2.2E0);
#675=CARTESIAN_POINT('',(1.05E1,1.04E1,-2.797927405784E0));
#676=LINE('',#675,#674);
#677=DIRECTION('',(0.E0,0.E0,1.E0));
#678=VECTOR('',#677,2.604145188433E0);
#679=CARTESIAN_POINT('',(1.05E1,1.26E1,-5.402072594216E0));
#680=LINE('',#679,#678);
#681=DIRECTION('',(0.E0,1.E0,0.E0));
#682=VECTOR('',#681,2.2E0);
#683=CARTESIAN_POINT('',(1.05E1,1.04E1,-5.402072594216E0));
#684=LINE('',#683,#682);
#685=DIRECTION('',(0.E0,0.E0,1.E0));
#686=VECTOR('',#685,5.958548115672E-1);
#687=CARTESIAN_POINT('',(1.05E1,1.04E1,-5.997927405784E0));
#688=LINE('',#687,#686);
#689=DIRECTION('',(0.E0,1.E0,0.E0));
#690=VECTOR('',#689,2.2E0);
#691=CARTESIAN_POINT('',(1.05E1,1.04E1,-5.997927405784E0));
#692=LINE('',#691,#690);
#693=DIRECTION('',(0.E0,0.E0,1.E0));
#694=VECTOR('',#693,2.762076495398E-1);
#695=CARTESIAN_POINT('',(1.05E1,1.26E1,-6.274135055323E0));
#696=LINE('',#695,#694);
#697=CARTESIAN_POINT('',(1.05E1,1.245E1,-6.274135055323E0));
#698=DIRECTION('',(1.E0,0.E0,0.E0));
#699=DIRECTION('',(0.E0,1.736481776669E-1,-9.848077530122E-1));
#700=AXIS2_PLACEMENT_3D('',#697,#698,#699);
#702=DIRECTION('',(0.E0,9.848077530122E-1,1.736481776669E-1));
#703=VECTOR('',#702,3.529670858112E0);
#704=CARTESIAN_POINT('',(1.05E1,9.E0,-7.034777130550E0));
#705=LINE('',#704,#703);
#706=DIRECTION('',(0.E0,0.E0,1.E0));
#707=VECTOR('',#706,3.652228694495E-1);
#708=CARTESIAN_POINT('',(1.05E1,9.E0,-7.4E0));
#709=LINE('',#708,#707);
#710=DIRECTION('',(0.E0,1.E0,0.E0));
#711=VECTOR('',#710,2.3E0);
#712=CARTESIAN_POINT('',(1.05E1,6.7E0,-7.4E0));
#713=LINE('',#712,#711);
#714=CARTESIAN_POINT('',(9.5E0,-1.5E0,-7.635778670279E0));
#715=CARTESIAN_POINT('',(9.494117078836E0,-1.5E0,-7.629895749116E0));
#716=CARTESIAN_POINT('',(9.482411097140E0,-1.499482612844E0,-7.618189767419E0));
#717=CARTESIAN_POINT('',(9.465032911179E0,-1.497177252112E0,-7.600811581459E0));
#718=CARTESIAN_POINT('',(9.448098559696E0,-1.493404305997E0,-7.583877229975E0));
#719=CARTESIAN_POINT('',(9.431779018776E0,-1.488259963714E0,-7.567557689055E0));
#720=CARTESIAN_POINT('',(9.416238367780E0,-1.481868451370E0,-7.552017038059E0));
#721=CARTESIAN_POINT('',(9.401602072114E0,-1.474372550541E0,-7.537380742393E0));
#722=CARTESIAN_POINT('',(9.387967084362E0,-1.465927832184E0,-7.523745754641E0));
#723=CARTESIAN_POINT('',(9.375389802124E0,-1.456688147138E0,-7.511168472403E0));
#724=CARTESIAN_POINT('',(9.363894386843E0,-1.446797795350E0,-7.499673057123E0));
#725=CARTESIAN_POINT('',(9.353491048330E0,-1.436400112959E0,-7.489269718609E0));
#726=CARTESIAN_POINT('',(9.344158225774E0,-1.425614901205E0,-7.479936896053E0));
#727=CARTESIAN_POINT('',(9.335858331513E0,-1.414539847005E0,-7.471637001792E0));
#728=CARTESIAN_POINT('',(9.328557367177E0,-1.403275236222E0,-7.464336037456E0));
#729=CARTESIAN_POINT('',(9.322195692851E0,-1.391874164650E0,-7.457974363130E0));
#730=CARTESIAN_POINT('',(9.316730923728E0,-1.380404574003E0,-7.452509594007E0));
#731=CARTESIAN_POINT('',(9.312107454452E0,-1.368894881343E0,-7.447886124731E0));
#732=CARTESIAN_POINT('',(9.308281788309E0,-1.357378049875E0,-7.444060458589E0));
#733=CARTESIAN_POINT('',(9.305211224256E0,-1.345867830683E0,-7.440989894535E0));
#734=CARTESIAN_POINT('',(9.302860595089E0,-1.334371060693E0,-7.438639265368E0));
#735=CARTESIAN_POINT('',(9.301202461133E0,-1.322889820217E0,-7.436981131413E0));
#736=CARTESIAN_POINT('',(9.300217114537E0,-1.311430193063E0,-7.435995784817E0));
#737=CARTESIAN_POINT('',(9.3E0,-1.303802312567E0,-7.435778670279E0));
#738=CARTESIAN_POINT('',(9.3E0,-1.3E0,-7.435778670279E0));
#740=DIRECTION('',(0.E0,0.E0,-1.E0));
#741=VECTOR('',#740,7.642213297207E-1);
#742=CARTESIAN_POINT('',(9.3E0,-1.3E0,-7.435778670279E0));
#743=LINE('',#742,#741);
#744=DIRECTION('',(0.E0,0.E0,1.E0));
#745=VECTOR('',#744,7.642213297207E-1);
#746=CARTESIAN_POINT('',(9.3E0,0.E0,-8.2E0));
#747=LINE('',#746,#745);
#748=DIRECTION('',(1.E0,0.E0,0.E0));
#749=VECTOR('',#748,2.1E1);
#750=CARTESIAN_POINT('',(-1.05E1,7.15E0,-3.372376476145E-1));
#751=LINE('',#750,#749);
#752=DIRECTION('',(1.E0,0.E0,0.E0));
#753=VECTOR('',#752,2.1E1);
#754=CARTESIAN_POINT('',(-1.05E1,1.249134560337E1,-1.868843853125E0));
#755=LINE('',#754,#753);
#756=DIRECTION('',(1.E0,0.E0,0.E0));
#757=VECTOR('',#756,2.1E1);
#758=CARTESIAN_POINT('',(-1.05E1,1.26E1,-2.013033107515E0));
#759=LINE('',#758,#757);
#760=DIRECTION('',(-1.E0,0.E0,0.E0));
#761=VECTOR('',#760,2.1E1);
#762=CARTESIAN_POINT('',(1.05E1,1.26E1,-6.274135055323E0));
#763=LINE('',#762,#761);
#764=CARTESIAN_POINT('',(1.055E1,1.26E1,-5.997927405784E0));
#765=DIRECTION('',(0.E0,-1.E0,0.E0));
#766=DIRECTION('',(5.E-1,0.E0,8.660254037845E-1));
#767=AXIS2_PLACEMENT_3D('',#764,#765,#766);
#769=DIRECTION('',(-8.660254037845E-1,0.E0,5.E-1));
#770=VECTOR('',#769,2.309401076758E-1);
#771=CARTESIAN_POINT('',(1.0775E1,1.26E1,-6.070096189432E0));
#772=LINE('',#771,#770);
#773=CARTESIAN_POINT('',(1.085E1,1.26E1,-5.940192378865E0));
#774=DIRECTION('',(0.E0,1.E0,0.E0));
#775=DIRECTION('',(1.E0,0.E0,5.625129991434E-13));
#776=AXIS2_PLACEMENT_3D('',#773,#774,#775);
#778=DIRECTION('',(0.E0,0.E0,-1.E0));
#779=VECTOR('',#778,4.803847577292E-1);
#780=CARTESIAN_POINT('',(1.1E1,1.26E1,-5.459807621135E0));
#781=LINE('',#780,#779);
#782=CARTESIAN_POINT('',(1.085E1,1.26E1,-5.459807621135E0));
#783=DIRECTION('',(0.E0,1.E0,0.E0));
#784=DIRECTION('',(-4.999999999999E-1,0.E0,8.660254037845E-1));
#785=AXIS2_PLACEMENT_3D('',#782,#783,#784);
#787=DIRECTION('',(8.660254037844E-1,0.E0,5.E-1));
#788=VECTOR('',#787,2.309401076759E-1);
#789=CARTESIAN_POINT('',(1.0575E1,1.26E1,-5.445373864406E0));
#790=LINE('',#789,#788);
#791=CARTESIAN_POINT('',(1.055E1,1.26E1,-5.402072594216E0));
#792=DIRECTION('',(0.E0,-1.E0,0.E0));
#793=DIRECTION('',(-1.E0,0.E0,0.E0));
#794=AXIS2_PLACEMENT_3D('',#791,#792,#793);
#796=CARTESIAN_POINT('',(1.055E1,1.26E1,-2.797927405784E0));
#797=DIRECTION('',(0.E0,-1.E0,0.E0));
#798=DIRECTION('',(5.E-1,0.E0,8.660254037845E-1));
#799=AXIS2_PLACEMENT_3D('',#796,#797,#798);
#801=DIRECTION('',(-8.660254037845E-1,0.E0,5.E-1));
#802=VECTOR('',#801,2.309401076758E-1);
#803=CARTESIAN_POINT('',(1.0775E1,1.26E1,-2.870096189432E0));
#804=LINE('',#803,#802);
#805=CARTESIAN_POINT('',(1.085E1,1.26E1,-2.740192378865E0));
#806=DIRECTION('',(0.E0,1.E0,0.E0));
#807=DIRECTION('',(1.E0,0.E0,0.E0));
#808=AXIS2_PLACEMENT_3D('',#805,#806,#807);
#810=DIRECTION('',(0.E0,0.E0,-1.E0));
#811=VECTOR('',#810,4.803847577293E-1);
#812=CARTESIAN_POINT('',(1.1E1,1.26E1,-2.259807621135E0));
#813=LINE('',#812,#811);
#814=CARTESIAN_POINT('',(1.085E1,1.26E1,-2.259807621135E0));
#815=DIRECTION('',(0.E0,1.E0,0.E0));
#816=DIRECTION('',(-5.000000000002E-1,0.E0,8.660254037843E-1));
#817=AXIS2_PLACEMENT_3D('',#814,#815,#816);
#819=DIRECTION('',(8.660254037844E-1,0.E0,5.E-1));
#820=VECTOR('',#819,2.309401076758E-1);
#821=CARTESIAN_POINT('',(1.0575E1,1.26E1,-2.245373864406E0));
#822=LINE('',#821,#820);
#823=CARTESIAN_POINT('',(1.055E1,1.26E1,-2.202072594216E0));
#824=DIRECTION('',(0.E0,-1.E0,0.E0));
#825=DIRECTION('',(-1.E0,0.E0,0.E0));
#826=AXIS2_PLACEMENT_3D('',#823,#824,#825);
#828=CARTESIAN_POINT('',(-1.035E1,1.26E1,-2.028867513459E0));
#829=DIRECTION('',(0.E0,1.E0,0.E0));
#830=DIRECTION('',(4.999999999999E-1,0.E0,-8.660254037845E-1));
#831=AXIS2_PLACEMENT_3D('',#828,#829,#830);
#833=DIRECTION('',(8.660254037844E-1,0.E0,5.E-1));
#834=VECTOR('',#833,2.309401076759E-1);
#835=CARTESIAN_POINT('',(-1.0275E1,1.26E1,-2.158771324027E0));
#836=LINE('',#835,#834);
#837=CARTESIAN_POINT('',(-1.005E1,1.26E1,-2.086602540378E0));
#838=DIRECTION('',(0.E0,1.E0,0.E0));
#839=DIRECTION('',(-5.000000000001E-1,0.E0,8.660254037844E-1));
#840=AXIS2_PLACEMENT_3D('',#837,#838,#839);
#842=DIRECTION('',(0.E0,0.E0,-1.E0));
#843=VECTOR('',#842,8.267949192431E-1);
#844=CARTESIAN_POINT('',(-1.E1,1.26E1,-2.086602540378E0));
#845=LINE('',#844,#843);
#846=CARTESIAN_POINT('',(-1.005E1,1.26E1,-2.913397459622E0));
#847=DIRECTION('',(0.E0,1.E0,0.E0));
#848=DIRECTION('',(1.E0,0.E0,0.E0));
#849=AXIS2_PLACEMENT_3D('',#846,#847,#848);
#851=DIRECTION('',(-8.660254037844E-1,0.E0,5.E-1));
#852=VECTOR('',#851,2.309401076759E-1);
#853=CARTESIAN_POINT('',(-1.0075E1,1.26E1,-2.956698729811E0));
#854=LINE('',#853,#852);
#855=CARTESIAN_POINT('',(-1.035E1,1.26E1,-2.971132486540E0));
#856=DIRECTION('',(0.E0,1.E0,0.E0));
#857=DIRECTION('',(-1.E0,0.E0,5.329070518201E-14));
#858=AXIS2_PLACEMENT_3D('',#855,#856,#857);
#860=CARTESIAN_POINT('',(-1.035E1,1.26E1,-5.228867513459E0));
#861=DIRECTION('',(0.E0,1.E0,0.E0));
#862=DIRECTION('',(5.E-1,0.E0,-8.660254037844E-1));
#863=AXIS2_PLACEMENT_3D('',#860,#861,#862);
#865=DIRECTION('',(8.660254037844E-1,0.E0,5.E-1));
#866=VECTOR('',#865,2.309401076758E-1);
#867=CARTESIAN_POINT('',(-1.0275E1,1.26E1,-5.358771324027E0));
#868=LINE('',#867,#866);
#869=CARTESIAN_POINT('',(-1.005E1,1.26E1,-5.286602540378E0));
#870=DIRECTION('',(0.E0,1.E0,0.E0));
#871=DIRECTION('',(-5.E-1,0.E0,8.660254037844E-1));
#872=AXIS2_PLACEMENT_3D('',#869,#870,#871);
#874=DIRECTION('',(0.E0,0.E0,-1.E0));
#875=VECTOR('',#874,8.267949192431E-1);
#876=CARTESIAN_POINT('',(-1.E1,1.26E1,-5.286602540378E0));
#877=LINE('',#876,#875);
#878=CARTESIAN_POINT('',(-1.005E1,1.26E1,-6.113397459622E0));
#879=DIRECTION('',(0.E0,1.E0,0.E0));
#880=DIRECTION('',(1.E0,0.E0,0.E0));
#881=AXIS2_PLACEMENT_3D('',#878,#879,#880);
#883=DIRECTION('',(-8.660254037844E-1,0.E0,5.E-1));
#884=VECTOR('',#883,2.309401076758E-1);
#885=CARTESIAN_POINT('',(-1.0075E1,1.26E1,-6.156698729811E0));
#886=LINE('',#885,#884);
#887=CARTESIAN_POINT('',(-1.035E1,1.26E1,-6.171132486540E0));
#888=DIRECTION('',(0.E0,1.E0,0.E0));
#889=DIRECTION('',(-1.E0,0.E0,5.329070518201E-14));
#890=AXIS2_PLACEMENT_3D('',#887,#888,#889);
#892=CARTESIAN_POINT('',(-8.75E0,1.26E1,-4.1E0));
#893=DIRECTION('',(0.E0,1.E0,0.E0));
#894=DIRECTION('',(1.E0,0.E0,0.E0));
#895=AXIS2_PLACEMENT_3D('',#892,#893,#894);
#897=CARTESIAN_POINT('',(-8.75E0,1.26E1,-4.1E0));
#898=DIRECTION('',(0.E0,1.E0,0.E0));
#899=DIRECTION('',(-1.E0,0.E0,0.E0));
#900=AXIS2_PLACEMENT_3D('',#897,#898,#899);
#902=CARTESIAN_POINT('',(-5.25E0,1.26E1,-4.1E0));
#903=DIRECTION('',(0.E0,1.E0,0.E0));
#904=DIRECTION('',(1.E0,0.E0,0.E0));
#905=AXIS2_PLACEMENT_3D('',#902,#903,#904);
#907=CARTESIAN_POINT('',(-5.25E0,1.26E1,-4.1E0));
#908=DIRECTION('',(0.E0,1.E0,0.E0));
#909=DIRECTION('',(-1.E0,0.E0,0.E0));
#910=AXIS2_PLACEMENT_3D('',#907,#908,#909);
#912=CARTESIAN_POINT('',(-1.75E0,1.26E1,-4.1E0));
#913=DIRECTION('',(0.E0,1.E0,0.E0));
#914=DIRECTION('',(1.E0,0.E0,0.E0));
#915=AXIS2_PLACEMENT_3D('',#912,#913,#914);
#917=CARTESIAN_POINT('',(-1.75E0,1.26E1,-4.1E0));
#918=DIRECTION('',(0.E0,1.E0,0.E0));
#919=DIRECTION('',(-1.E0,0.E0,0.E0));
#920=AXIS2_PLACEMENT_3D('',#917,#918,#919);
#922=CARTESIAN_POINT('',(1.75E0,1.26E1,-4.1E0));
#923=DIRECTION('',(0.E0,1.E0,0.E0));
#924=DIRECTION('',(1.E0,0.E0,0.E0));
#925=AXIS2_PLACEMENT_3D('',#922,#923,#924);
#927=CARTESIAN_POINT('',(1.75E0,1.26E1,-4.1E0));
#928=DIRECTION('',(0.E0,1.E0,0.E0));
#929=DIRECTION('',(-1.E0,0.E0,0.E0));
#930=AXIS2_PLACEMENT_3D('',#927,#928,#929);
#932=CARTESIAN_POINT('',(5.25E0,1.26E1,-4.1E0));
#933=DIRECTION('',(0.E0,1.E0,0.E0));
#934=DIRECTION('',(1.E0,0.E0,0.E0));
#935=AXIS2_PLACEMENT_3D('',#932,#933,#934);
#937=CARTESIAN_POINT('',(5.25E0,1.26E1,-4.1E0));
#938=DIRECTION('',(0.E0,1.E0,0.E0));
#939=DIRECTION('',(-1.E0,0.E0,0.E0));
#940=AXIS2_PLACEMENT_3D('',#937,#938,#939);
#942=CARTESIAN_POINT('',(8.75E0,1.26E1,-4.1E0));
#943=DIRECTION('',(0.E0,1.E0,0.E0));
#944=DIRECTION('',(1.E0,0.E0,0.E0));
#945=AXIS2_PLACEMENT_3D('',#942,#943,#944);
#947=CARTESIAN_POINT('',(8.75E0,1.26E1,-4.1E0));
#948=DIRECTION('',(0.E0,1.E0,0.E0));
#949=DIRECTION('',(-1.E0,0.E0,0.E0));
#950=AXIS2_PLACEMENT_3D('',#947,#948,#949);
#952=DIRECTION('',(-1.E0,0.E0,0.E0));
#953=VECTOR('',#952,2.1E1);
#954=CARTESIAN_POINT('',(1.05E1,1.247604722665E1,-6.421856218275E0));
#955=LINE('',#954,#953);
#956=DIRECTION('',(1.E0,0.E0,0.E0));
#957=VECTOR('',#956,2.1E1);
#958=CARTESIAN_POINT('',(-1.05E1,9.E0,-7.034777130550E0));
#959=LINE('',#958,#957);
#960=DIRECTION('',(1.E0,0.E0,0.E0));
#961=VECTOR('',#960,6.252776749733E-1);
#962=CARTESIAN_POINT('',(-1.05E1,9.E0,-7.4E0));
#963=LINE('',#962,#961);
#964=CARTESIAN_POINT('',(-9.874722325027E0,9.E0,-7.45E0));
#965=DIRECTION('',(0.E0,1.E0,0.E0));
#966=DIRECTION('',(0.E0,0.E0,1.E0));
#967=AXIS2_PLACEMENT_3D('',#964,#965,#966);
#969=DIRECTION('',(-5.E-1,0.E0,-8.660254037844E-1));
#970=VECTOR('',#969,5.773502691896E-1);
#971=CARTESIAN_POINT('',(-9.831421054837E0,9.E0,-7.475E0));
#972=LINE('',#971,#970);
#973=CARTESIAN_POINT('',(-9.990192378865E0,9.E0,-8.05E0));
#974=DIRECTION('',(0.E0,1.E0,0.E0));
#975=DIRECTION('',(-4.736951571734E-14,0.E0,-1.E0));
#976=AXIS2_PLACEMENT_3D('',#973,#974,#975);
#978=DIRECTION('',(1.E0,0.E0,0.E0));
#979=VECTOR('',#978,1.998038475773E1);
#980=CARTESIAN_POINT('',(-9.990192378865E0,9.E0,-8.2E0));
#981=LINE('',#980,#979);
#982=CARTESIAN_POINT('',(9.990192378865E0,9.E0,-8.05E0));
#983=DIRECTION('',(0.E0,1.E0,0.E0));
#984=DIRECTION('',(8.660254037844E-1,0.E0,5.E-1));
#985=AXIS2_PLACEMENT_3D('',#982,#983,#984);
#987=DIRECTION('',(-5.E-1,0.E0,8.660254037844E-1));
#988=VECTOR('',#987,5.773502691896E-1);
#989=CARTESIAN_POINT('',(1.012009618943E1,9.E0,-7.975E0));
#990=LINE('',#989,#988);
#991=CARTESIAN_POINT('',(9.874722325027E0,9.E0,-7.45E0));
#992=DIRECTION('',(0.E0,1.E0,0.E0));
#993=DIRECTION('',(-8.660254037844E-1,0.E0,-5.E-1));
#994=AXIS2_PLACEMENT_3D('',#991,#992,#993);
#996=DIRECTION('',(-1.E0,0.E0,0.E0));
#997=VECTOR('',#996,6.252776749733E-1);
#998=CARTESIAN_POINT('',(1.05E1,9.E0,-7.4E0));
#999=LINE('',#998,#997);
#1000=DIRECTION('',(0.E0,-1.E0,0.E0));
#1001=VECTOR('',#1000,2.3E0);
#1002=CARTESIAN_POINT('',(-9.874722325027E0,9.E0,-7.4E0));
#1003=LINE('',#1002,#1001);
#1004=DIRECTION('',(0.E0,-1.E0,0.E0));
#1005=VECTOR('',#1004,2.3E0);
#1006=CARTESIAN_POINT('',(-9.831421054837E0,9.E0,-7.475E0));
#1007=LINE('',#1006,#1005);
#1008=DIRECTION('',(0.E0,-1.E0,0.E0));
#1009=VECTOR('',#1008,2.3E0);
#1010=CARTESIAN_POINT('',(-1.012009618943E1,9.E0,-7.975E0));
#1011=LINE('',#1010,#1009);
#1012=DIRECTION('',(0.E0,-1.E0,0.E0));
#1013=VECTOR('',#1012,2.3E0);
#1014=CARTESIAN_POINT('',(1.012009618943E1,9.E0,-7.975E0));
#1015=LINE('',#1014,#1013);
#1016=DIRECTION('',(0.E0,-1.E0,0.E0));
#1017=VECTOR('',#1016,2.3E0);
#1018=CARTESIAN_POINT('',(9.831421054837E0,9.E0,-7.475E0));
#1019=LINE('',#1018,#1017);
#1020=DIRECTION('',(0.E0,-1.E0,0.E0));
#1021=VECTOR('',#1020,2.3E0);
#1022=CARTESIAN_POINT('',(9.874722325027E0,9.E0,-7.4E0));
#1023=LINE('',#1022,#1021);
#1024=DIRECTION('',(0.E0,-1.E0,0.E0));
#1025=VECTOR('',#1024,2.2E0);
#1026=CARTESIAN_POINT('',(1.0575E1,1.26E1,-5.954626135594E0));
#1027=LINE('',#1026,#1025);
#1028=CARTESIAN_POINT('',(1.055E1,1.04E1,-5.402072594216E0));
#1029=DIRECTION('',(0.E0,-1.E0,0.E0));
#1030=DIRECTION('',(-1.E0,0.E0,0.E0));
#1031=AXIS2_PLACEMENT_3D('',#1028,#1029,#1030);
#1033=DIRECTION('',(8.660254037844E-1,0.E0,5.E-1));
#1034=VECTOR('',#1033,2.309401076759E-1);
#1035=CARTESIAN_POINT('',(1.0575E1,1.04E1,-5.445373864406E0));
#1036=LINE('',#1035,#1034);
#1037=CARTESIAN_POINT('',(1.085E1,1.04E1,-5.459807621135E0));
#1038=DIRECTION('',(0.E0,1.E0,0.E0));
#1039=DIRECTION('',(-4.999999999999E-1,0.E0,8.660254037845E-1));
#1040=AXIS2_PLACEMENT_3D('',#1037,#1038,#1039);
#1042=DIRECTION('',(0.E0,0.E0,-1.E0));
#1043=VECTOR('',#1042,4.803847577292E-1);
#1044=CARTESIAN_POINT('',(1.1E1,1.04E1,-5.459807621135E0));
#1045=LINE('',#1044,#1043);
#1046=CARTESIAN_POINT('',(1.085E1,1.04E1,-5.940192378865E0));
#1047=DIRECTION('',(0.E0,1.E0,0.E0));
#1048=DIRECTION('',(1.E0,0.E0,5.625129991434E-13));
#1049=AXIS2_PLACEMENT_3D('',#1046,#1047,#1048);
#1051=DIRECTION('',(-8.660254037845E-1,0.E0,5.E-1));
#1052=VECTOR('',#1051,2.309401076758E-1);
#1053=CARTESIAN_POINT('',(1.0775E1,1.04E1,-6.070096189432E0));
#1054=LINE('',#1053,#1052);
#1055=CARTESIAN_POINT('',(1.055E1,1.04E1,-5.997927405784E0));
#1056=DIRECTION('',(0.E0,-1.E0,0.E0));
#1057=DIRECTION('',(5.E-1,0.E0,8.660254037845E-1));
#1058=AXIS2_PLACEMENT_3D('',#1055,#1056,#1057);
#1060=CARTESIAN_POINT('',(1.055E1,1.04E1,-2.202072594216E0));
#1061=DIRECTION('',(0.E0,-1.E0,0.E0));
#1062=DIRECTION('',(-1.E0,0.E0,0.E0));
#1063=AXIS2_PLACEMENT_3D('',#1060,#1061,#1062);
#1065=DIRECTION('',(8.660254037844E-1,0.E0,5.E-1));
#1066=VECTOR('',#1065,2.309401076758E-1);
#1067=CARTESIAN_POINT('',(1.0575E1,1.04E1,-2.245373864406E0));
#1068=LINE('',#1067,#1066);
#1069=CARTESIAN_POINT('',(1.085E1,1.04E1,-2.259807621135E0));
#1070=DIRECTION('',(0.E0,1.E0,0.E0));
#1071=DIRECTION('',(-5.000000000001E-1,0.E0,8.660254037844E-1));
#1072=AXIS2_PLACEMENT_3D('',#1069,#1070,#1071);
#1074=DIRECTION('',(0.E0,0.E0,-1.E0));
#1075=VECTOR('',#1074,4.803847577293E-1);
#1076=CARTESIAN_POINT('',(1.1E1,1.04E1,-2.259807621135E0));
#1077=LINE('',#1076,#1075);
#1078=CARTESIAN_POINT('',(1.085E1,1.04E1,-2.740192378865E0));
#1079=DIRECTION('',(0.E0,1.E0,0.E0));
#1080=DIRECTION('',(1.E0,0.E0,0.E0));
#1081=AXIS2_PLACEMENT_3D('',#1078,#1079,#1080);
#1083=DIRECTION('',(-8.660254037845E-1,0.E0,5.E-1));
#1084=VECTOR('',#1083,2.309401076758E-1);
#1085=CARTESIAN_POINT('',(1.0775E1,1.04E1,-2.870096189432E0));
#1086=LINE('',#1085,#1084);
#1087=CARTESIAN_POINT('',(1.055E1,1.04E1,-2.797927405784E0));
#1088=DIRECTION('',(0.E0,-1.E0,0.E0));
#1089=DIRECTION('',(5.E-1,0.E0,8.660254037845E-1));
#1090=AXIS2_PLACEMENT_3D('',#1087,#1088,#1089);
#1092=DIRECTION('',(0.E0,-1.E0,0.E0));
#1093=VECTOR('',#1092,2.2E0);
#1094=CARTESIAN_POINT('',(1.0575E1,1.26E1,-5.445373864406E0));
#1095=LINE('',#1094,#1093);
#1096=DIRECTION('',(0.E0,-1.E0,0.E0));
#1097=VECTOR('',#1096,2.2E0);
#1098=CARTESIAN_POINT('',(1.0775E1,1.26E1,-5.329903810568E0));
#1099=LINE('',#1098,#1097);
#1100=DIRECTION('',(0.E0,-1.E0,0.E0));
#1101=VECTOR('',#1100,2.2E0);
#1102=CARTESIAN_POINT('',(1.1E1,1.26E1,-5.459807621135E0));
#1103=LINE('',#1102,#1101);
#1104=DIRECTION('',(0.E0,-1.E0,0.E0));
#1105=VECTOR('',#1104,2.2E0);
#1106=CARTESIAN_POINT('',(1.1E1,1.26E1,-5.940192378865E0));
#1107=LINE('',#1106,#1105);
#1108=DIRECTION('',(0.E0,-1.E0,0.E0));
#1109=VECTOR('',#1108,2.2E0);
#1110=CARTESIAN_POINT('',(1.0775E1,1.26E1,-6.070096189432E0));
#1111=LINE('',#1110,#1109);
#1112=DIRECTION('',(0.E0,-1.E0,0.E0));
#1113=VECTOR('',#1112,2.2E0);
#1114=CARTESIAN_POINT('',(1.0575E1,1.26E1,-2.245373864406E0));
#1115=LINE('',#1114,#1113);
#1116=DIRECTION('',(0.E0,-1.E0,0.E0));
#1117=VECTOR('',#1116,2.2E0);
#1118=CARTESIAN_POINT('',(1.0775E1,1.26E1,-2.129903810568E0));
#1119=LINE('',#1118,#1117);
#1120=DIRECTION('',(0.E0,-1.E0,0.E0));
#1121=VECTOR('',#1120,2.2E0);
#1122=CARTESIAN_POINT('',(1.1E1,1.26E1,-2.259807621135E0));
#1123=LINE('',#1122,#1121);
#1124=DIRECTION('',(0.E0,-1.E0,0.E0));
#1125=VECTOR('',#1124,2.2E0);
#1126=CARTESIAN_POINT('',(1.1E1,1.26E1,-2.740192378865E0));
#1127=LINE('',#1126,#1125);
#1128=DIRECTION('',(0.E0,-1.E0,0.E0));
#1129=VECTOR('',#1128,2.2E0);
#1130=CARTESIAN_POINT('',(1.0775E1,1.26E1,-2.870096189432E0));
#1131=LINE('',#1130,#1129);
#1132=DIRECTION('',(0.E0,-1.E0,0.E0));
#1133=VECTOR('',#1132,2.2E0);
#1134=CARTESIAN_POINT('',(1.0575E1,1.26E1,-2.754626135594E0));
#1135=LINE('',#1134,#1133);
#1136=CARTESIAN_POINT('',(-1.035E1,1.04E1,-6.171132486540E0));
#1137=DIRECTION('',(0.E0,-1.E0,0.E0));
#1138=DIRECTION('',(5.000000000001E-1,0.E0,8.660254037844E-1));
#1139=AXIS2_PLACEMENT_3D('',#1136,#1137,#1138);
#1141=DIRECTION('',(-8.660254037844E-1,0.E0,5.E-1));
#1142=VECTOR('',#1141,2.309401076758E-1);
#1143=CARTESIAN_POINT('',(-1.0075E1,1.04E1,-6.156698729811E0));
#1144=LINE('',#1143,#1142);
#1145=CARTESIAN_POINT('',(-1.005E1,1.04E1,-6.113397459622E0));
#1146=DIRECTION('',(0.E0,1.E0,0.E0));
#1147=DIRECTION('',(1.E0,0.E0,3.019806626980E-13));
#1148=AXIS2_PLACEMENT_3D('',#1145,#1146,#1147);
#1150=DIRECTION('',(0.E0,0.E0,-1.E0));
#1151=VECTOR('',#1150,8.267949192431E-1);
#1152=CARTESIAN_POINT('',(-1.E1,1.04E1,-5.286602540378E0));
#1153=LINE('',#1152,#1151);
#1154=CARTESIAN_POINT('',(-1.005E1,1.04E1,-5.286602540378E0));
#1155=DIRECTION('',(0.E0,1.E0,0.E0));
#1156=DIRECTION('',(-5.E-1,0.E0,8.660254037845E-1));
#1157=AXIS2_PLACEMENT_3D('',#1154,#1155,#1156);
#1159=DIRECTION('',(8.660254037844E-1,0.E0,5.E-1));
#1160=VECTOR('',#1159,2.309401076758E-1);
#1161=CARTESIAN_POINT('',(-1.0275E1,1.04E1,-5.358771324027E0));
#1162=LINE('',#1161,#1160);
#1163=CARTESIAN_POINT('',(-1.035E1,1.04E1,-5.228867513459E0));
#1164=DIRECTION('',(0.E0,-1.E0,0.E0));
#1165=DIRECTION('',(-1.E0,0.E0,0.E0));
#1166=AXIS2_PLACEMENT_3D('',#1163,#1164,#1165);
#1168=CARTESIAN_POINT('',(-1.035E1,1.04E1,-2.971132486540E0));
#1169=DIRECTION('',(0.E0,-1.E0,0.E0));
#1170=DIRECTION('',(5.E-1,0.E0,8.660254037844E-1));
#1171=AXIS2_PLACEMENT_3D('',#1168,#1169,#1170);
#1173=DIRECTION('',(-8.660254037844E-1,0.E0,5.E-1));
#1174=VECTOR('',#1173,2.309401076759E-1);
#1175=CARTESIAN_POINT('',(-1.0075E1,1.04E1,-2.956698729811E0));
#1176=LINE('',#1175,#1174);
#1177=CARTESIAN_POINT('',(-1.005E1,1.04E1,-2.913397459622E0));
#1178=DIRECTION('',(0.E0,1.E0,0.E0));
#1179=DIRECTION('',(1.E0,0.E0,1.776356839400E-14));
#1180=AXIS2_PLACEMENT_3D('',#1177,#1178,#1179);
#1182=DIRECTION('',(0.E0,0.E0,-1.E0));
#1183=VECTOR('',#1182,8.267949192431E-1);
#1184=CARTESIAN_POINT('',(-1.E1,1.04E1,-2.086602540378E0));
#1185=LINE('',#1184,#1183);
#1186=CARTESIAN_POINT('',(-1.005E1,1.04E1,-2.086602540378E0));
#1187=DIRECTION('',(0.E0,1.E0,0.E0));
#1188=DIRECTION('',(-5.E-1,0.E0,8.660254037845E-1));
#1189=AXIS2_PLACEMENT_3D('',#1186,#1187,#1188);
#1191=DIRECTION('',(8.660254037844E-1,0.E0,5.E-1));
#1192=VECTOR('',#1191,2.309401076758E-1);
#1193=CARTESIAN_POINT('',(-1.0275E1,1.04E1,-2.158771324027E0));
#1194=LINE('',#1193,#1192);
#1195=CARTESIAN_POINT('',(-1.035E1,1.04E1,-2.028867513459E0));
#1196=DIRECTION('',(0.E0,-1.E0,0.E0));
#1197=DIRECTION('',(-1.E0,0.E0,0.E0));
#1198=AXIS2_PLACEMENT_3D('',#1195,#1196,#1197);
#1200=DIRECTION('',(0.E0,-1.E0,0.E0));
#1201=VECTOR('',#1200,2.2E0);
#1202=CARTESIAN_POINT('',(-1.0275E1,1.26E1,-6.041228675973E0));
#1203=LINE('',#1202,#1201);
#1204=DIRECTION('',(0.E0,-1.E0,0.E0));
#1205=VECTOR('',#1204,2.2E0);
#1206=CARTESIAN_POINT('',(-1.0075E1,1.26E1,-6.156698729811E0));
#1207=LINE('',#1206,#1205);
#1208=DIRECTION('',(0.E0,-1.E0,0.E0));
#1209=VECTOR('',#1208,2.2E0);
#1210=CARTESIAN_POINT('',(-1.E1,1.26E1,-6.113397459622E0));
#1211=LINE('',#1210,#1209);
#1212=DIRECTION('',(0.E0,-1.E0,0.E0));
#1213=VECTOR('',#1212,2.2E0);
#1214=CARTESIAN_POINT('',(-1.E1,1.26E1,-5.286602540378E0));
#1215=LINE('',#1214,#1213);
#1216=DIRECTION('',(0.E0,-1.E0,0.E0));
#1217=VECTOR('',#1216,2.2E0);
#1218=CARTESIAN_POINT('',(-1.0075E1,1.26E1,-5.243301270189E0));
#1219=LINE('',#1218,#1217);
#1220=DIRECTION('',(0.E0,-1.E0,0.E0));
#1221=VECTOR('',#1220,2.2E0);
#1222=CARTESIAN_POINT('',(-1.0275E1,1.26E1,-5.358771324027E0));
#1223=LINE('',#1222,#1221);
#1224=DIRECTION('',(0.E0,-1.E0,0.E0));
#1225=VECTOR('',#1224,2.2E0);
#1226=CARTESIAN_POINT('',(-1.0275E1,1.26E1,-2.841228675973E0));
#1227=LINE('',#1226,#1225);
#1228=DIRECTION('',(0.E0,-1.E0,0.E0));
#1229=VECTOR('',#1228,2.2E0);
#1230=CARTESIAN_POINT('',(-1.0075E1,1.26E1,-2.956698729811E0));
#1231=LINE('',#1230,#1229);
#1232=DIRECTION('',(0.E0,-1.E0,0.E0));
#1233=VECTOR('',#1232,2.2E0);
#1234=CARTESIAN_POINT('',(-1.E1,1.26E1,-2.913397459622E0));
#1235=LINE('',#1234,#1233);
#1236=DIRECTION('',(0.E0,-1.E0,0.E0));
#1237=VECTOR('',#1236,2.2E0);
#1238=CARTESIAN_POINT('',(-1.E1,1.26E1,-2.086602540378E0));
#1239=LINE('',#1238,#1237);
#1240=DIRECTION('',(0.E0,-1.E0,0.E0));
#1241=VECTOR('',#1240,2.2E0);
#1242=CARTESIAN_POINT('',(-1.0075E1,1.26E1,-2.043301270189E0));
#1243=LINE('',#1242,#1241);
#1244=DIRECTION('',(0.E0,-1.E0,0.E0));
#1245=VECTOR('',#1244,2.2E0);
#1246=CARTESIAN_POINT('',(-1.0275E1,1.26E1,-2.158771324027E0));
#1247=LINE('',#1246,#1245);
#1248=CARTESIAN_POINT('',(-9.333192750113E0,1.236974900505E1,
-5.427548950591E0));
#1249=CARTESIAN_POINT('',(-9.332659414560E0,1.237116387647E1,
-5.427783245099E0));
#1250=CARTESIAN_POINT('',(-9.331755710332E0,1.237398016545E1,
-5.428179496825E0));
#1251=CARTESIAN_POINT('',(-9.330866936924E0,1.237815510734E1,
-5.428568313202E0));
#1252=CARTESIAN_POINT('',(-9.330422934801E0,1.238226728652E1,
-5.428762291009E0));
#1253=CARTESIAN_POINT('',(-9.330399600003E0,1.238634377291E1,
-5.428772481031E0));
#1254=CARTESIAN_POINT('',(-9.330799254994E0,1.239046889330E1,
-5.428597893785E0));
#1255=CARTESIAN_POINT('',(-9.331640712821E0,1.239463714947E1,
-5.428229845404E0));
#1256=CARTESIAN_POINT('',(-9.332940294442E0,1.239883860800E1,
-5.427660169702E0));
#1257=CARTESIAN_POINT('',(-9.334720220886E0,1.240308444784E1,
-5.426877506778E0));
#1258=CARTESIAN_POINT('',(-9.337088263975E0,1.240750858152E1,
-5.425831908958E0));
#1259=CARTESIAN_POINT('',(-9.340156302967E0,1.241213913172E1,
-5.424469792820E0));
#1260=CARTESIAN_POINT('',(-9.344017574469E0,1.241695320372E1,
-5.422743548541E0));
#1261=CARTESIAN_POINT('',(-9.348803144180E0,1.242195204581E1,
-5.420585430620E0));
#1262=CARTESIAN_POINT('',(-9.354528940440E0,1.242701361020E1,
-5.417975727816E0));
#1263=CARTESIAN_POINT('',(-9.361127879725E0,1.243200731035E1,
-5.414930739018E0));
#1264=CARTESIAN_POINT('',(-9.368680982010E0,1.243694171546E1,
-5.411396285033E0));
#1265=CARTESIAN_POINT('',(-9.377261265156E0,1.244179939739E1,
-5.407316815291E0));
#1266=CARTESIAN_POINT('',(-9.386933844397E0,1.244655344634E1,
-5.402635245446E0));
#1267=CARTESIAN_POINT('',(-9.397750896049E0,1.245116496282E1,
-5.397294233093E0));
#1268=CARTESIAN_POINT('',(-9.409659113297E0,1.245556338489E1,
-5.391284450613E0));
#1269=CARTESIAN_POINT('',(-9.422876292949E0,1.245977930842E1,
-5.384453236077E0));
#1270=CARTESIAN_POINT('',(-9.437647201517E0,1.246381320604E1,
-5.376614887253E0));
#1271=CARTESIAN_POINT('',(-9.454161966295E0,1.246762974309E1,
-5.367591952112E0));
#1272=CARTESIAN_POINT('',(-9.466526641347E0,1.247000608489E1,
-5.360613236675E0));
#1273=CARTESIAN_POINT('',(-9.473022537360E0,1.247113248654E1,
-5.356876449962E0));
#1275=CARTESIAN_POINT('',(-9.473022537360E0,1.247113248654E1,
-5.356876449962E0));
#1276=CARTESIAN_POINT('',(-9.529505924877E0,1.248092682146E1,
-5.324384185378E0));
#1277=CARTESIAN_POINT('',(-9.636074139060E0,1.249529108825E1,
-5.253001095361E0));
#1278=CARTESIAN_POINT('',(-9.778188440475E0,1.250235445587E1,
-5.128188440475E0));
#1279=CARTESIAN_POINT('',(-9.903001095361E0,1.249529108825E1,
-4.986074139060E0));
#1280=CARTESIAN_POINT('',(-9.974384185378E0,1.248092682146E1,
-4.879505924877E0));
#1281=CARTESIAN_POINT('',(-1.000687644996E1,1.247113248654E1,
-4.823022537360E0));
#1283=CARTESIAN_POINT('',(-1.000687644996E1,1.247113248654E1,
-4.823022537360E0));
#1284=CARTESIAN_POINT('',(-1.001030315595E1,1.247009955435E1,
-4.817065674565E0));
#1285=CARTESIAN_POINT('',(-1.001678790050E1,1.246791607245E1,
-4.805596815235E0));
#1286=CARTESIAN_POINT('',(-1.002544054826E1,1.246434400324E1,
-4.789818571513E0));
#1287=CARTESIAN_POINT('',(-1.003317112089E1,1.246048653773E1,
-4.775317596898E0));
#1288=CARTESIAN_POINT('',(-1.004007660842E1,1.245636304446E1,
-4.762019910158E0));
#1289=CARTESIAN_POINT('',(-1.004624957104E1,1.245198595800E1,
-4.749841242711E0));
#1290=CARTESIAN_POINT('',(-1.005177207899E1,1.244735555296E1,
-4.738698602837E0));
#1291=CARTESIAN_POINT('',(-1.005665965843E1,1.244252136875E1,
-4.728631665137E0));
#1292=CARTESIAN_POINT('',(-1.006095261178E1,1.243751847992E1,
-4.719622820844E0));
#1293=CARTESIAN_POINT('',(-1.006466173047E1,1.243241951781E1,
-4.711707674458E0));
#1294=CARTESIAN_POINT('',(-1.006778766969E1,1.242734733535E1,
-4.704939010680E0));
#1295=CARTESIAN_POINT('',(-1.007039427476E1,1.242234760423E1,
-4.699224353942E0));
#1296=CARTESIAN_POINT('',(-1.007253487924E1,1.241747064390E1,
-4.694481964228E0));
#1297=CARTESIAN_POINT('',(-1.007426763940E1,1.241274690513E1,
-4.690609867598E0));
#1298=CARTESIAN_POINT('',(-1.007565784934E1,1.240815753651E1,
-4.687481380117E0));
#1299=CARTESIAN_POINT('',(-1.007676201587E1,1.240363733849E1,
-4.684982426341E0));
#1300=CARTESIAN_POINT('',(-1.007759502062E1,1.239925264966E1,
-4.683088743431E0));
#1301=CARTESIAN_POINT('',(-1.007819502047E1,1.239495480256E1,
-4.681720270732E0));
#1302=CARTESIAN_POINT('',(-1.007858212045E1,1.239071862849E1,
-4.680835349920E0));
#1303=CARTESIAN_POINT('',(-1.007876875653E1,1.238654765057E1,
-4.680408129332E0));
#1304=CARTESIAN_POINT('',(-1.007876684652E1,1.238243843364E1,
-4.680412503099E0));
#1305=CARTESIAN_POINT('',(-1.007857836566E1,1.237829131670E1,
-4.680843939589E0));
#1306=CARTESIAN_POINT('',(-1.007819051044E1,1.237406590427E1,
-4.681730569408E0));
#1307=CARTESIAN_POINT('',(-1.007778836968E1,1.237119482310E1,
-4.682647749234E0));
#1308=CARTESIAN_POINT('',(-1.007754895059E1,1.236974900505E1,
-4.683192750113E0));
#1310=CARTESIAN_POINT('',(-1.007754895059E1,1.236974900505E1,
-4.683192750113E0));
#1311=CARTESIAN_POINT('',(-1.005861637503E1,1.225541785666E1,
-4.726289857920E0));
#1312=CARTESIAN_POINT('',(-1.001728523109E1,1.205955329280E1,
-4.809018080733E0));
#1313=CARTESIAN_POINT('',(-9.945841401583E0,1.185515187475E1,
-4.923663301344E0));
#1314=CARTESIAN_POINT('',(-9.865540573851E0,1.173456178548E1,
-5.029451523731E0));
#1315=CARTESIAN_POINT('',(-9.776709224685E0,1.169469366525E1,
-5.126709224685E0));
#1316=CARTESIAN_POINT('',(-9.679451523731E0,1.173456178548E1,
-5.215540573851E0));
#1317=CARTESIAN_POINT('',(-9.573663301344E0,1.185515187475E1,
-5.295841401583E0));
#1318=CARTESIAN_POINT('',(-9.459018080733E0,1.205955329280E1,
-5.367285231092E0));
#1319=CARTESIAN_POINT('',(-9.376289857920E0,1.225541785666E1,
-5.408616375025E0));
#1320=CARTESIAN_POINT('',(-9.333192750113E0,1.236974900505E1,
-5.427548950591E0));
#1322=CARTESIAN_POINT('',(-7.422451049409E0,1.236974900505E1,
-4.683192750113E0));
#1323=CARTESIAN_POINT('',(-7.422211378408E0,1.237119634436E1,
-4.682647175796E0));
#1324=CARTESIAN_POINT('',(-7.421808898217E0,1.237407041048E1,
-4.681729219712E0));
#1325=CARTESIAN_POINT('',(-7.421420975509E0,1.237830001356E1,
-4.680842432457E0));
#1326=CARTESIAN_POINT('',(-7.421232801497E0,1.238245116673E1,
-4.680411697093E0));
#1327=CARTESIAN_POINT('',(-7.421231553371E0,1.238656456942E1,
-4.680408839043E0));
#1328=CARTESIAN_POINT('',(-7.421419268811E0,1.239074010714E1,
-4.680838528971E0));
#1329=CARTESIAN_POINT('',(-7.421807939947E0,1.239498107368E1,
-4.681727032968E0));
#1330=CARTESIAN_POINT('',(-7.422410005887E0,1.239928372590E1,
-4.683100193999E0));
#1331=CARTESIAN_POINT('',(-7.423245884435E0,1.240367413827E1,
-4.685000354423E0));
#1332=CARTESIAN_POINT('',(-7.424352843430E0,1.240819665892E1,
-4.687505517796E0));
#1333=CARTESIAN_POINT('',(-7.425745281038E0,1.241278555393E1,
-4.690638850156E0));
#1334=CARTESIAN_POINT('',(-7.427481146011E0,1.241751056508E1,
-4.694517634919E0));
#1335=CARTESIAN_POINT('',(-7.429625171575E0,1.242238820803E1,
-4.699267227901E0));
#1336=CARTESIAN_POINT('',(-7.432235250833E0,1.242738769916E1,
-4.704988966132E0));
#1337=CARTESIAN_POINT('',(-7.435364688119E0,1.243245894841E1,
-4.711764486920E0));
#1338=CARTESIAN_POINT('',(-7.439078442382E0,1.243755784752E1,
-4.719688575917E0));
#1339=CARTESIAN_POINT('',(-7.443378271677E0,1.244256234517E1,
-4.728710611996E0));
#1340=CARTESIAN_POINT('',(-7.448277208966E0,1.244740075473E1,
-4.738799210519E0));
#1341=CARTESIAN_POINT('',(-7.453810269876E0,1.245203212028E1,
-4.749960690090E0));
#1342=CARTESIAN_POINT('',(-7.459986030450E0,1.245640349392E1,
-4.762141914719E0));
#1343=CARTESIAN_POINT('',(-7.466885550101E0,1.246051697389E1,
-4.775425084225E0));
#1344=CARTESIAN_POINT('',(-7.474602728891E0,1.246436305435E1,
-4.789898272769E0));
#1345=CARTESIAN_POINT('',(-7.483235857371E0,1.246792434260E1,
-4.805639065811E0));
#1346=CARTESIAN_POINT('',(-7.489705299201E0,1.247010210303E1,
-4.817080372690E0));
#1347=CARTESIAN_POINT('',(-7.493123550038E0,1.247113248654E1,
-4.823022537360E0));
#1349=CARTESIAN_POINT('',(-7.493123550038E0,1.247113248654E1,
-4.823022537360E0));
#1350=CARTESIAN_POINT('',(-7.525615814622E0,1.248092682146E1,
-4.879505924877E0));
#1351=CARTESIAN_POINT('',(-7.596998904639E0,1.249529108825E1,
-4.986074139060E0));
#1352=CARTESIAN_POINT('',(-7.721811559525E0,1.250235445587E1,
-5.128188440475E0));
#1353=CARTESIAN_POINT('',(-7.863925860940E0,1.249529108825E1,
-5.253001095361E0));
#1354=CARTESIAN_POINT('',(-7.970494075123E0,1.248092682146E1,
-5.324384185378E0));
#1355=CARTESIAN_POINT('',(-8.026977462640E0,1.247113248654E1,
-5.356876449962E0));
#1357=CARTESIAN_POINT('',(-8.026977462640E0,1.247113248654E1,
-5.356876449962E0));
#1358=CARTESIAN_POINT('',(-8.033472473920E0,1.247000623830E1,
-5.360612727729E0));
#1359=CARTESIAN_POINT('',(-8.045835482965E0,1.246763024794E1,
-5.367590520910E0));
#1360=CARTESIAN_POINT('',(-8.062347998230E0,1.246381437888E1,
-5.376612291050E0));
#1361=CARTESIAN_POINT('',(-8.077117146701E0,1.245978121561E1,
-5.384449792934E0));
#1362=CARTESIAN_POINT('',(-8.090333250569E0,1.245556598418E1,
-5.391280546991E0));
#1363=CARTESIAN_POINT('',(-8.102241178184E0,1.245116809732E1,
-5.397290276376E0));
#1364=CARTESIAN_POINT('',(-8.113058780660E0,1.244655682585E1,
-5.402631642407E0));
#1365=CARTESIAN_POINT('',(-8.122732470816E0,1.244180271580E1,
-5.407313813453E0));
#1366=CARTESIAN_POINT('',(-8.131314091977E0,1.243694473287E1,
-5.411393964509E0));
#1367=CARTESIAN_POINT('',(-8.138868490942E0,1.243200988548E1,
-5.414929054801E0));
#1368=CARTESIAN_POINT('',(-8.145468409775E0,1.242701579179E1,
-5.417974513848E0));
#1369=CARTESIAN_POINT('',(-8.151194801247E0,1.242195402588E1,
-5.420584499776E0));
#1370=CARTESIAN_POINT('',(-8.155980819191E0,1.241695504133E1,
-5.422742827705E0));
#1371=CARTESIAN_POINT('',(-8.159842478886E0,1.241214080893E1,
-5.424469250424E0));
#1372=CARTESIAN_POINT('',(-8.162910872654E0,1.240751004099E1,
-5.425831526915E0));
#1373=CARTESIAN_POINT('',(-8.165279204999E0,1.240308567069E1,
-5.426877253933E0));
#1374=CARTESIAN_POINT('',(-8.167059345199E0,1.239883961675E1,
-5.427660011558E0));
#1375=CARTESIAN_POINT('',(-8.168359077695E0,1.239463799172E1,
-5.428229753710E0));
#1376=CARTESIAN_POINT('',(-8.169200647343E0,1.239046958211E1,
-5.428597851108E0));
#1377=CARTESIAN_POINT('',(-8.169600379586E0,1.238634432087E1,
-5.428772472119E0));
#1378=CARTESIAN_POINT('',(-8.169577093356E0,1.238226770844E1,
-5.428762303306E0));
#1379=CARTESIAN_POINT('',(-8.169133115165E0,1.237815540416E1,
-5.428568335973E0));
#1380=CARTESIAN_POINT('',(-8.168244337665E0,1.237398032563E1,
-5.428179517854E0));
#1381=CARTESIAN_POINT('',(-8.167340606158E0,1.237116393143E1,
-5.427783254200E0));
#1382=CARTESIAN_POINT('',(-8.166807249887E0,1.236974900505E1,
-5.427548950591E0));
#1384=CARTESIAN_POINT('',(-8.166807249887E0,1.236974900505E1,
-5.427548950591E0));
#1385=CARTESIAN_POINT('',(-8.123710142080E0,1.225541785666E1,
-5.408616375025E0));
#1386=CARTESIAN_POINT('',(-8.040981919267E0,1.205955329280E1,
-5.367285231092E0));
#1387=CARTESIAN_POINT('',(-7.926336698656E0,1.185515187475E1,
-5.295841401583E0));
#1388=CARTESIAN_POINT('',(-7.820548476269E0,1.173456178548E1,
-5.215540573851E0));
#1389=CARTESIAN_POINT('',(-7.723290775315E0,1.169469366525E1,
-5.126709224685E0));
#1390=CARTESIAN_POINT('',(-7.634459426149E0,1.173456178548E1,
-5.029451523731E0));
#1391=CARTESIAN_POINT('',(-7.554158598417E0,1.185515187475E1,
-4.923663301344E0));
#1392=CARTESIAN_POINT('',(-7.482714768908E0,1.205955329280E1,
-4.809018080733E0));
#1393=CARTESIAN_POINT('',(-7.441383624975E0,1.225541785666E1,
-4.726289857920E0));
#1394=CARTESIAN_POINT('',(-7.422451049409E0,1.236974900505E1,
-4.683192750113E0));
#1396=DIRECTION('',(0.E0,-1.E0,0.E0));
#1397=VECTOR('',#1396,1.85359E0);
#1398=CARTESIAN_POINT('',(-1.02E1,1.26E1,-4.1E0));
#1399=LINE('',#1398,#1397);
#1400=DIRECTION('',(0.E0,1.E0,0.E0));
#1401=VECTOR('',#1400,1.85359E0);
#1402=CARTESIAN_POINT('',(-7.3E0,1.074641E1,-4.1E0));
#1403=LINE('',#1402,#1401);
#1404=CARTESIAN_POINT('',(-1.007754895059E1,1.236974900505E1,
-3.516807249887E0));
#1405=CARTESIAN_POINT('',(-1.007778862159E1,1.237119634436E1,
-3.517352824204E0));
#1406=CARTESIAN_POINT('',(-1.007819110178E1,1.237407041048E1,
-3.518270780288E0));
#1407=CARTESIAN_POINT('',(-1.007857902449E1,1.237830001356E1,
-3.519157567543E0));
#1408=CARTESIAN_POINT('',(-1.007876719850E1,1.238245116673E1,
-3.519588302907E0));
#1409=CARTESIAN_POINT('',(-1.007876844663E1,1.238656456942E1,
-3.519591160957E0));
#1410=CARTESIAN_POINT('',(-1.007858073119E1,1.239074010714E1,
-3.519161471029E0));
#1411=CARTESIAN_POINT('',(-1.007819206005E1,1.239498107368E1,
-3.518272967032E0));
#1412=CARTESIAN_POINT('',(-1.007758999411E1,1.239928372590E1,
-3.516899806001E0));
#1413=CARTESIAN_POINT('',(-1.007675411557E1,1.240367413827E1,
-3.514999645577E0));
#1414=CARTESIAN_POINT('',(-1.007564715657E1,1.240819665892E1,
-3.512494482204E0));
#1415=CARTESIAN_POINT('',(-1.007425471896E1,1.241278555393E1,
-3.509361149844E0));
#1416=CARTESIAN_POINT('',(-1.007251885399E1,1.241751056508E1,
-3.505482365081E0));
#1417=CARTESIAN_POINT('',(-1.007037482842E1,1.242238820803E1,
-3.500732772099E0));
#1418=CARTESIAN_POINT('',(-1.006776474917E1,1.242738769916E1,
-3.495011033868E0));
#1419=CARTESIAN_POINT('',(-1.006463531188E1,1.243245894841E1,
-3.488235513080E0));
#1420=CARTESIAN_POINT('',(-1.006092155762E1,1.243755784752E1,
-3.480311424083E0));
#1421=CARTESIAN_POINT('',(-1.005662172832E1,1.244256234517E1,
-3.471289388004E0));
#1422=CARTESIAN_POINT('',(-1.005172279103E1,1.244740075473E1,
-3.461200789481E0));
#1423=CARTESIAN_POINT('',(-1.004618973012E1,1.245203212028E1,
-3.450039309910E0));
#1424=CARTESIAN_POINT('',(-1.004001396955E1,1.245640349392E1,
-3.437858085281E0));
#1425=CARTESIAN_POINT('',(-1.003311444990E1,1.246051697389E1,
-3.424574915775E0));
#1426=CARTESIAN_POINT('',(-1.002539727111E1,1.246436305435E1,
-3.410101727231E0));
#1427=CARTESIAN_POINT('',(-1.001676414263E1,1.246792434260E1,
-3.394360934189E0));
#1428=CARTESIAN_POINT('',(-1.001029470080E1,1.247010210303E1,
-3.382919627310E0));
#1429=CARTESIAN_POINT('',(-1.000687644996E1,1.247113248654E1,
-3.376977462640E0));
#1431=CARTESIAN_POINT('',(-1.000687644996E1,1.247113248654E1,
-3.376977462640E0));
#1432=CARTESIAN_POINT('',(-9.974384185378E0,1.248092682146E1,
-3.320494075123E0));
#1433=CARTESIAN_POINT('',(-9.903001095361E0,1.249529108825E1,
-3.213925860940E0));
#1434=CARTESIAN_POINT('',(-9.778188440475E0,1.250235445587E1,
-3.071811559525E0));
#1435=CARTESIAN_POINT('',(-9.636074139060E0,1.249529108825E1,
-2.946998904639E0));
#1436=CARTESIAN_POINT('',(-9.529505924877E0,1.248092682146E1,
-2.875615814622E0));
#1437=CARTESIAN_POINT('',(-9.473022537360E0,1.247113248654E1,
-2.843123550038E0));
#1439=CARTESIAN_POINT('',(-9.473022537360E0,1.247113248654E1,
-2.843123550038E0));
#1440=CARTESIAN_POINT('',(-9.466527526080E0,1.247000623830E1,
-2.839387272271E0));
#1441=CARTESIAN_POINT('',(-9.454164517035E0,1.246763024794E1,
-2.832409479090E0));
#1442=CARTESIAN_POINT('',(-9.437652001770E0,1.246381437888E1,
-2.823387708950E0));
#1443=CARTESIAN_POINT('',(-9.422882853299E0,1.245978121561E1,
-2.815550207066E0));
#1444=CARTESIAN_POINT('',(-9.409666749431E0,1.245556598418E1,
-2.808719453009E0));
#1445=CARTESIAN_POINT('',(-9.397758821816E0,1.245116809732E1,
-2.802709723624E0));
#1446=CARTESIAN_POINT('',(-9.386941219340E0,1.244655682585E1,
-2.797368357593E0));
#1447=CARTESIAN_POINT('',(-9.377267529184E0,1.244180271580E1,
-2.792686186547E0));
#1448=CARTESIAN_POINT('',(-9.368685908023E0,1.243694473287E1,
-2.788606035491E0));
#1449=CARTESIAN_POINT('',(-9.361131509058E0,1.243200988548E1,
-2.785070945199E0));
#1450=CARTESIAN_POINT('',(-9.354531590225E0,1.242701579179E1,
-2.782025486152E0));
#1451=CARTESIAN_POINT('',(-9.348805198753E0,1.242195402588E1,
-2.779415500224E0));
#1452=CARTESIAN_POINT('',(-9.344019180809E0,1.241695504133E1,
-2.777257172295E0));
#1453=CARTESIAN_POINT('',(-9.340157521114E0,1.241214080893E1,
-2.775530749576E0));
#1454=CARTESIAN_POINT('',(-9.337089127346E0,1.240751004099E1,
-2.774168473085E0));
#1455=CARTESIAN_POINT('',(-9.334720795001E0,1.240308567069E1,
-2.773122746067E0));
#1456=CARTESIAN_POINT('',(-9.332940654801E0,1.239883961675E1,
-2.772339988442E0));
#1457=CARTESIAN_POINT('',(-9.331640922305E0,1.239463799172E1,
-2.771770246290E0));
#1458=CARTESIAN_POINT('',(-9.330799352657E0,1.239046958211E1,
-2.771402148892E0));
#1459=CARTESIAN_POINT('',(-9.330399620414E0,1.238634432087E1,
-2.771227527881E0));
#1460=CARTESIAN_POINT('',(-9.330422906644E0,1.238226770844E1,
-2.771237696694E0));
#1461=CARTESIAN_POINT('',(-9.330866884835E0,1.237815540416E1,
-2.771431664027E0));
#1462=CARTESIAN_POINT('',(-9.331755662335E0,1.237398032563E1,
-2.771820482146E0));
#1463=CARTESIAN_POINT('',(-9.332659393842E0,1.237116393143E1,
-2.772216745800E0));
#1464=CARTESIAN_POINT('',(-9.333192750113E0,1.236974900505E1,
-2.772451049409E0));
#1466=CARTESIAN_POINT('',(-9.333192750113E0,1.236974900505E1,
-2.772451049409E0));
#1467=CARTESIAN_POINT('',(-9.376289857920E0,1.225541785666E1,
-2.791383624975E0));
#1468=CARTESIAN_POINT('',(-9.459018080733E0,1.205955329280E1,
-2.832714768908E0));
#1469=CARTESIAN_POINT('',(-9.573663301344E0,1.185515187475E1,
-2.904158598417E0));
#1470=CARTESIAN_POINT('',(-9.679451523731E0,1.173456178548E1,
-2.984459426149E0));
#1471=CARTESIAN_POINT('',(-9.776709224685E0,1.169469366525E1,
-3.073290775315E0));
#1472=CARTESIAN_POINT('',(-9.865540573851E0,1.173456178548E1,
-3.170548476269E0));
#1473=CARTESIAN_POINT('',(-9.945841401583E0,1.185515187475E1,
-3.276336698656E0));
#1474=CARTESIAN_POINT('',(-1.001728523109E1,1.205955329280E1,
-3.390981919267E0));
#1475=CARTESIAN_POINT('',(-1.005861637503E1,1.225541785666E1,
-3.473710142080E0));
#1476=CARTESIAN_POINT('',(-1.007754895059E1,1.236974900505E1,
-3.516807249887E0));
#1478=CARTESIAN_POINT('',(-8.166807249887E0,1.236974900505E1,
-2.772451049409E0));
#1479=CARTESIAN_POINT('',(-8.167340585440E0,1.237116387647E1,
-2.772216754901E0));
#1480=CARTESIAN_POINT('',(-8.168244289668E0,1.237398016545E1,
-2.771820503175E0));
#1481=CARTESIAN_POINT('',(-8.169133063076E0,1.237815510734E1,
-2.771431686798E0));
#1482=CARTESIAN_POINT('',(-8.169577065199E0,1.238226728652E1,
-2.771237708991E0));
#1483=CARTESIAN_POINT('',(-8.169600399997E0,1.238634377291E1,
-2.771227518969E0));
#1484=CARTESIAN_POINT('',(-8.169200745006E0,1.239046889330E1,
-2.771402106215E0));
#1485=CARTESIAN_POINT('',(-8.168359287179E0,1.239463714947E1,
-2.771770154596E0));
#1486=CARTESIAN_POINT('',(-8.167059705558E0,1.239883860800E1,
-2.772339830298E0));
#1487=CARTESIAN_POINT('',(-8.165279779114E0,1.240308444784E1,
-2.773122493222E0));
#1488=CARTESIAN_POINT('',(-8.162911736025E0,1.240750858152E1,
-2.774168091042E0));
#1489=CARTESIAN_POINT('',(-8.159843697033E0,1.241213913172E1,
-2.775530207180E0));
#1490=CARTESIAN_POINT('',(-8.155982425531E0,1.241695320372E1,
-2.777256451459E0));
#1491=CARTESIAN_POINT('',(-8.151196855820E0,1.242195204581E1,
-2.779414569380E0));
#1492=CARTESIAN_POINT('',(-8.145471059560E0,1.242701361020E1,
-2.782024272184E0));
#1493=CARTESIAN_POINT('',(-8.138872120275E0,1.243200731035E1,
-2.785069260982E0));
#1494=CARTESIAN_POINT('',(-8.131319017990E0,1.243694171546E1,
-2.788603714967E0));
#1495=CARTESIAN_POINT('',(-8.122738734844E0,1.244179939739E1,
-2.792683184709E0));
#1496=CARTESIAN_POINT('',(-8.113066155603E0,1.244655344634E1,
-2.797364754554E0));
#1497=CARTESIAN_POINT('',(-8.102249103951E0,1.245116496282E1,
-2.802705766907E0));
#1498=CARTESIAN_POINT('',(-8.090340886703E0,1.245556338489E1,
-2.808715549387E0));
#1499=CARTESIAN_POINT('',(-8.077123707051E0,1.245977930842E1,
-2.815546763923E0));
#1500=CARTESIAN_POINT('',(-8.062352798483E0,1.246381320604E1,
-2.823385112747E0));
#1501=CARTESIAN_POINT('',(-8.045838033705E0,1.246762974309E1,
-2.832408047888E0));
#1502=CARTESIAN_POINT('',(-8.033473358653E0,1.247000608489E1,
-2.839386763325E0));
#1503=CARTESIAN_POINT('',(-8.026977462640E0,1.247113248654E1,
-2.843123550038E0));
#1505=CARTESIAN_POINT('',(-8.026977462640E0,1.247113248654E1,
-2.843123550038E0));
#1506=CARTESIAN_POINT('',(-7.970494075123E0,1.248092682146E1,
-2.875615814622E0));
#1507=CARTESIAN_POINT('',(-7.863925860940E0,1.249529108825E1,
-2.946998904639E0));
#1508=CARTESIAN_POINT('',(-7.721811559525E0,1.250235445587E1,
-3.071811559525E0));
#1509=CARTESIAN_POINT('',(-7.596998904639E0,1.249529108825E1,
-3.213925860940E0));
#1510=CARTESIAN_POINT('',(-7.525615814622E0,1.248092682146E1,
-3.320494075123E0));
#1511=CARTESIAN_POINT('',(-7.493123550038E0,1.247113248654E1,
-3.376977462640E0));
#1513=CARTESIAN_POINT('',(-7.493123550038E0,1.247113248654E1,
-3.376977462640E0));
#1514=CARTESIAN_POINT('',(-7.489696844054E0,1.247009955435E1,
-3.382934325435E0));
#1515=CARTESIAN_POINT('',(-7.483212099499E0,1.246791607245E1,
-3.394403184765E0));
#1516=CARTESIAN_POINT('',(-7.474559451739E0,1.246434400324E1,
-3.410181428487E0));
#1517=CARTESIAN_POINT('',(-7.466828879110E0,1.246048653773E1,
-3.424682403102E0));
#1518=CARTESIAN_POINT('',(-7.459923391576E0,1.245636304446E1,
-3.437980089842E0));
#1519=CARTESIAN_POINT('',(-7.453750428963E0,1.245198595800E1,
-3.450158757289E0));
#1520=CARTESIAN_POINT('',(-7.448227921010E0,1.244735555296E1,
-3.461301397163E0));
#1521=CARTESIAN_POINT('',(-7.443340341569E0,1.244252136875E1,
-3.471368334863E0));
#1522=CARTESIAN_POINT('',(-7.439047388224E0,1.243751847992E1,
-3.480377179156E0));
#1523=CARTESIAN_POINT('',(-7.435338269533E0,1.243241951781E1,
-3.488292325542E0));
#1524=CARTESIAN_POINT('',(-7.432212330306E0,1.242734733535E1,
-3.495060989320E0));
#1525=CARTESIAN_POINT('',(-7.429605725236E0,1.242234760423E1,
-3.500775646058E0));
#1526=CARTESIAN_POINT('',(-7.427465120757E0,1.241747064390E1,
-3.505518035772E0));
#1527=CARTESIAN_POINT('',(-7.425732360598E0,1.241274690513E1,
-3.509390132402E0));
#1528=CARTESIAN_POINT('',(-7.424342150659E0,1.240815753651E1,
-3.512518619883E0));
#1529=CARTESIAN_POINT('',(-7.423237984125E0,1.240363733849E1,
-3.515017573659E0));
#1530=CARTESIAN_POINT('',(-7.422404979382E0,1.239925264966E1,
-3.516911256569E0));
#1531=CARTESIAN_POINT('',(-7.421804979528E0,1.239495480256E1,
-3.518279729268E0));
#1532=CARTESIAN_POINT('',(-7.421417879554E0,1.239071862849E1,
-3.519164650080E0));
#1533=CARTESIAN_POINT('',(-7.421231243466E0,1.238654765057E1,
-3.519591870668E0));
#1534=CARTESIAN_POINT('',(-7.421233153477E0,1.238243843364E1,
-3.519587496901E0));
#1535=CARTESIAN_POINT('',(-7.421421634337E0,1.237829131670E1,
-3.519156060411E0));
#1536=CARTESIAN_POINT('',(-7.421809489556E0,1.237406590427E1,
-3.518269430592E0));
#1537=CARTESIAN_POINT('',(-7.422211630319E0,1.237119482310E1,
-3.517352250766E0));
#1538=CARTESIAN_POINT('',(-7.422451049409E0,1.236974900505E1,
-3.516807249887E0));
#1540=CARTESIAN_POINT('',(-7.422451049409E0,1.236974900505E1,
-3.516807249887E0));
#1541=CARTESIAN_POINT('',(-7.441383624975E0,1.225541785666E1,
-3.473710142079E0));
#1542=CARTESIAN_POINT('',(-7.482714768908E0,1.205955329280E1,
-3.390981919267E0));
#1543=CARTESIAN_POINT('',(-7.554158598417E0,1.185515187475E1,
-3.276336698656E0));
#1544=CARTESIAN_POINT('',(-7.634459426149E0,1.173456178548E1,
-3.170548476269E0));
#1545=CARTESIAN_POINT('',(-7.723290775315E0,1.169469366525E1,
-3.073290775315E0));
#1546=CARTESIAN_POINT('',(-7.820548476269E0,1.173456178548E1,
-2.984459426149E0));
#1547=CARTESIAN_POINT('',(-7.926336698656E0,1.185515187475E1,
-2.904158598417E0));
#1548=CARTESIAN_POINT('',(-8.040981919267E0,1.205955329280E1,
-2.832714768908E0));
#1549=CARTESIAN_POINT('',(-8.123710142079E0,1.225541785666E1,
-2.791383624975E0));
#1550=CARTESIAN_POINT('',(-8.166807249887E0,1.236974900505E1,
-2.772451049409E0));
#1552=DIRECTION('',(0.E0,0.E0,1.E0));
#1553=VECTOR('',#1552,2.734958866235E0);
#1554=CARTESIAN_POINT('',(-9.05E0,1.074641E1,-5.467479433118E0));
#1555=LINE('',#1554,#1553);
#1556=CARTESIAN_POINT('',(-8.75E0,1.074641E1,-4.1E0));
#1557=DIRECTION('',(0.E0,1.E0,0.E0));
#1558=DIRECTION('',(1.E0,0.E0,0.E0));
#1559=AXIS2_PLACEMENT_3D('',#1556,#1557,#1558);
#1561=CARTESIAN_POINT('',(-8.75E0,1.074641E1,-4.1E0));
#1562=DIRECTION('',(0.E0,1.E0,0.E0));
#1563=DIRECTION('',(-1.E0,0.E0,0.E0));
#1564=AXIS2_PLACEMENT_3D('',#1561,#1562,#1563);
#1566=DIRECTION('',(0.E0,0.E0,-1.E0));
#1567=VECTOR('',#1566,2.734958866235E0);
#1568=CARTESIAN_POINT('',(-8.45E0,1.074641E1,-2.732520566882E0));
#1569=LINE('',#1568,#1567);
#1570=DIRECTION('',(0.E0,1.E0,0.E0));
#1571=VECTOR('',#1570,4.E-1);
#1572=CARTESIAN_POINT('',(-8.45E0,1.074641E1,-5.467479433118E0));
#1573=LINE('',#1572,#1571);
#1574=CARTESIAN_POINT('',(-8.75E0,1.074641E1,-4.1E0));
#1575=DIRECTION('',(0.E0,-1.E0,0.E0));
#1576=DIRECTION('',(2.142857142857E-1,0.E0,-9.767710236555E-1));
#1577=AXIS2_PLACEMENT_3D('',#1574,#1575,#1576);
#1579=DIRECTION('',(0.E0,1.E0,0.E0));
#1580=VECTOR('',#1579,4.E-1);
#1581=CARTESIAN_POINT('',(-8.45E0,1.074641E1,-2.732520566882E0));
#1582=LINE('',#1581,#1580);
#1583=DIRECTION('',(0.E0,1.E0,0.E0));
#1584=VECTOR('',#1583,4.E-1);
#1585=CARTESIAN_POINT('',(-9.05E0,1.074641E1,-2.732520566882E0));
#1586=LINE('',#1585,#1584);
#1587=CARTESIAN_POINT('',(-8.75E0,1.074641E1,-4.1E0));
#1588=DIRECTION('',(0.E0,-1.E0,0.E0));
#1589=DIRECTION('',(-2.142857142857E-1,0.E0,9.767710236555E-1));
#1590=AXIS2_PLACEMENT_3D('',#1587,#1588,#1589);
#1592=DIRECTION('',(0.E0,1.E0,0.E0));
#1593=VECTOR('',#1592,4.E-1);
#1594=CARTESIAN_POINT('',(-9.05E0,1.074641E1,-5.467479433118E0));
#1595=LINE('',#1594,#1593);
#1596=CARTESIAN_POINT('',(-8.75E0,1.114641E1,-4.1E0));
#1597=DIRECTION('',(0.E0,-1.E0,0.E0));
#1598=DIRECTION('',(2.142857142857E-1,0.E0,-9.767710236555E-1));
#1599=AXIS2_PLACEMENT_3D('',#1596,#1597,#1598);
#1601=CARTESIAN_POINT('',(-8.75E0,1.134641E1,-4.1E0));
#1602=DIRECTION('',(0.E0,1.E0,0.E0));
#1603=DIRECTION('',(2.5E-1,0.E0,9.682458365519E-1));
#1604=AXIS2_PLACEMENT_3D('',#1601,#1602,#1603);
#1606=CARTESIAN_POINT('',(-8.45E0,1.114641E1,-2.732520566882E0));
#1607=CARTESIAN_POINT('',(-8.45E0,1.115132919734E1,-2.732520566882E0));
#1608=CARTESIAN_POINT('',(-8.45E0,1.116114013976E1,-2.732890708080E0));
#1609=CARTESIAN_POINT('',(-8.45E0,1.117582367568E1,-2.734559204887E0));
#1610=CARTESIAN_POINT('',(-8.45E0,1.119032589657E1,-2.737327502400E0));
#1611=CARTESIAN_POINT('',(-8.45E0,1.120462321750E1,-2.741192445045E0));
#1612=CARTESIAN_POINT('',(-8.45E0,1.121859707055E1,-2.746125414810E0));
#1613=CARTESIAN_POINT('',(-8.45E0,1.123224353230E1,-2.752133652454E0));
#1614=CARTESIAN_POINT('',(-8.45E0,1.124541499720E1,-2.759164348865E0));
#1615=CARTESIAN_POINT('',(-8.45E0,1.125802564058E1,-2.767166615047E0));
#1616=CARTESIAN_POINT('',(-8.45E0,1.127004838747E1,-2.776124538243E0));
#1617=CARTESIAN_POINT('',(-8.45E0,1.128143326609E1,-2.786018037105E0));
#1618=CARTESIAN_POINT('',(-8.45E0,1.129206549680E1,-2.796754802181E0));
#1619=CARTESIAN_POINT('',(-8.45E0,1.130193022215E1,-2.808331437186E0));
#1620=CARTESIAN_POINT('',(-8.45E0,1.131092433731E1,-2.820640023490E0));
#1621=CARTESIAN_POINT('',(-8.45E0,1.131902896886E1,-2.833667910852E0));
#1622=CARTESIAN_POINT('',(-8.45E0,1.132616235481E1,-2.847301356775E0));
#1623=CARTESIAN_POINT('',(-8.45E0,1.133230072972E1,-2.861512873270E0));
#1624=CARTESIAN_POINT('',(-8.45E0,1.133738013679E1,-2.876175047161E0));
#1625=CARTESIAN_POINT('',(-8.45E0,1.134138475161E1,-2.891261006024E0));
#1626=CARTESIAN_POINT('',(-8.45E0,1.134427853004E1,-2.906701331735E0));
#1627=CARTESIAN_POINT('',(-8.45E0,1.134602331086E1,-2.922374114595E0));
#1628=CARTESIAN_POINT('',(-8.45E0,1.134641E1,-2.932849747139E0));
#1629=CARTESIAN_POINT('',(-8.45E0,1.134641E1,-2.938104996138E0));
#1631=CARTESIAN_POINT('',(-8.45E0,1.134641E1,-5.261895003862E0));
#1632=CARTESIAN_POINT('',(-8.45E0,1.134641E1,-5.267150093918E0));
#1633=CARTESIAN_POINT('',(-8.45E0,1.134602333418E1,-5.277625412134E0));
#1634=CARTESIAN_POINT('',(-8.45E0,1.134427865818E1,-5.293297729109E0));
#1635=CARTESIAN_POINT('',(-8.45E0,1.134138505284E1,-5.308737609728E0));
#1636=CARTESIAN_POINT('',(-8.45E0,1.133738067216E1,-5.323823160672E0));
#1637=CARTESIAN_POINT('',(-8.45E0,1.133230156576E1,-5.338484943007E0));
#1638=CARTESIAN_POINT('',(-8.45E0,1.132616354343E1,-5.352696123674E0));
#1639=CARTESIAN_POINT('',(-8.45E0,1.131903056713E1,-5.366329269953E0));
#1640=CARTESIAN_POINT('',(-8.45E0,1.131092638543E1,-5.379356921913E0));
#1641=CARTESIAN_POINT('',(-8.45E0,1.130193277753E1,-5.391665307744E0));
#1642=CARTESIAN_POINT('',(-8.45E0,1.129206858078E1,-5.403241824475E0));
#1643=CARTESIAN_POINT('',(-8.45E0,1.128143691127E1,-5.413978533829E0));
#1644=CARTESIAN_POINT('',(-8.45E0,1.127005251662E1,-5.423872127773E0));
#1645=CARTESIAN_POINT('',(-8.45E0,1.125803069818E1,-5.432829840221E0));
#1646=CARTESIAN_POINT('',(-8.45E0,1.124542110939E1,-5.440832183340E0));
#1647=CARTESIAN_POINT('',(-8.45E0,1.123224409520E1,-5.447866229828E0));
#1648=CARTESIAN_POINT('',(-8.45E0,1.121859549534E1,-5.453875223024E0));
#1649=CARTESIAN_POINT('',(-8.45E0,1.120462138376E1,-5.458808120231E0));
#1650=CARTESIAN_POINT('',(-8.45E0,1.119032454147E1,-5.462672793696E0));
#1651=CARTESIAN_POINT('',(-8.45E0,1.117582280867E1,-5.465440915518E0));
#1652=CARTESIAN_POINT('',(-8.45E0,1.116113970551E1,-5.467109313693E0));
#1653=CARTESIAN_POINT('',(-8.45E0,1.115132905434E1,-5.467479433118E0));
#1654=CARTESIAN_POINT('',(-8.45E0,1.114641E1,-5.467479433118E0));
#1656=DIRECTION('',(0.E0,0.E0,-1.E0));
#1657=VECTOR('',#1656,2.323790007724E0);
#1658=CARTESIAN_POINT('',(-8.45E0,1.134641E1,-2.938104996138E0));
#1659=LINE('',#1658,#1657);
#1660=DIRECTION('',(0.E0,0.E0,1.E0));
#1661=VECTOR('',#1660,2.323790007724E0);
#1662=CARTESIAN_POINT('',(-9.05E0,1.134641E1,-5.261895003862E0));
#1663=LINE('',#1662,#1661);
#1664=CARTESIAN_POINT('',(-8.75E0,1.114641E1,-4.1E0));
#1665=DIRECTION('',(0.E0,-1.E0,0.E0));
#1666=DIRECTION('',(-2.142857142857E-1,0.E0,9.767710236555E-1));
#1667=AXIS2_PLACEMENT_3D('',#1664,#1665,#1666);
#1669=CARTESIAN_POINT('',(-8.75E0,1.134641E1,-4.1E0));
#1670=DIRECTION('',(0.E0,1.E0,0.E0));
#1671=DIRECTION('',(-2.5E-1,0.E0,-9.682458365519E-1));
#1672=AXIS2_PLACEMENT_3D('',#1669,#1670,#1671);
#1674=CARTESIAN_POINT('',(-9.05E0,1.114641E1,-5.467479433118E0));
#1675=CARTESIAN_POINT('',(-9.05E0,1.115132919740E1,-5.467479433118E0));
#1676=CARTESIAN_POINT('',(-9.05E0,1.116114013992E1,-5.467109291912E0));
#1677=CARTESIAN_POINT('',(-9.05E0,1.117582367601E1,-5.465440795067E0));
#1678=CARTESIAN_POINT('',(-9.05E0,1.119032589709E1,-5.462672497487E0));
#1679=CARTESIAN_POINT('',(-9.05E0,1.120462321820E1,-5.458807554737E0));
#1680=CARTESIAN_POINT('',(-9.05E0,1.121859707114E1,-5.453874584952E0));
#1681=CARTESIAN_POINT('',(-9.05E0,1.123224353204E1,-5.447866347607E0));
#1682=CARTESIAN_POINT('',(-9.05E0,1.124541499465E1,-5.440835652587E0));
#1683=CARTESIAN_POINT('',(-9.05E0,1.125802563870E1,-5.432833386278E0));
#1684=CARTESIAN_POINT('',(-9.05E0,1.127004838588E1,-5.423875463037E0));
#1685=CARTESIAN_POINT('',(-9.05E0,1.128143326470E1,-5.413981964202E0));
#1686=CARTESIAN_POINT('',(-9.05E0,1.129206549562E1,-5.403245199108E0));
#1687=CARTESIAN_POINT('',(-9.05E0,1.130193022118E1,-5.391668564057E0));
#1688=CARTESIAN_POINT('',(-9.05E0,1.131092433653E1,-5.379359977677E0));
#1689=CARTESIAN_POINT('',(-9.05E0,1.131902896825E1,-5.366332090225E0));
#1690=CARTESIAN_POINT('',(-9.05E0,1.132616235436E1,-5.352698644187E0));
#1691=CARTESIAN_POINT('',(-9.05E0,1.133230072940E1,-5.338487127564E0));
#1692=CARTESIAN_POINT('',(-9.05E0,1.133738013658E1,-5.323824953523E0));
#1693=CARTESIAN_POINT('',(-9.05E0,1.134138475149E1,-5.308738994505E0));
#1694=CARTESIAN_POINT('',(-9.05E0,1.134427852999E1,-5.293298668624E0));
#1695=CARTESIAN_POINT('',(-9.05E0,1.134602331085E1,-5.277625885586E0));
#1696=CARTESIAN_POINT('',(-9.05E0,1.134641E1,-5.267150252921E0));
#1697=CARTESIAN_POINT('',(-9.05E0,1.134641E1,-5.261895003862E0));
#1699=CARTESIAN_POINT('',(-9.05E0,1.134641E1,-2.938104996138E0));
#1700=CARTESIAN_POINT('',(-9.05E0,1.134641E1,-2.932849906148E0));
#1701=CARTESIAN_POINT('',(-9.05E0,1.134602333419E1,-2.922374588063E0));
#1702=CARTESIAN_POINT('',(-9.05E0,1.134427865824E1,-2.906702271281E0));
#1703=CARTESIAN_POINT('',(-9.05E0,1.134138505297E1,-2.891262390847E0));
#1704=CARTESIAN_POINT('',(-9.05E0,1.133738067238E1,-2.876176840074E0));
#1705=CARTESIAN_POINT('',(-9.05E0,1.133230156610E1,-2.861515057901E0));
#1706=CARTESIAN_POINT('',(-9.05E0,1.132616354392E1,-2.847303877374E0));
#1707=CARTESIAN_POINT('',(-9.05E0,1.131903056780E1,-2.833670731220E0));
#1708=CARTESIAN_POINT('',(-9.05E0,1.131092638629E1,-2.820643079358E0));
#1709=CARTESIAN_POINT('',(-9.05E0,1.130193277859E1,-2.808334693610E0));
#1710=CARTESIAN_POINT('',(-9.05E0,1.129206858207E1,-2.796758176928E0));
#1711=CARTESIAN_POINT('',(-9.05E0,1.128143691279E1,-2.786021467600E0));
#1712=CARTESIAN_POINT('',(-9.05E0,1.127005251832E1,-2.776127873607E0));
#1713=CARTESIAN_POINT('',(-9.05E0,1.125803070034E1,-2.767170161283E0));
#1714=CARTESIAN_POINT('',(-9.05E0,1.124542111172E1,-2.759167817975E0));
#1715=CARTESIAN_POINT('',(-9.05E0,1.123224409539E1,-2.752133770204E0));
#1716=CARTESIAN_POINT('',(-9.05E0,1.121859549467E1,-2.746124776705E0));
#1717=CARTESIAN_POINT('',(-9.05E0,1.120462138300E1,-2.741191879536E0));
#1718=CARTESIAN_POINT('',(-9.05E0,1.119032454091E1,-2.737327206180E0));
#1719=CARTESIAN_POINT('',(-9.05E0,1.117582280831E1,-2.734559084432E0));
#1720=CARTESIAN_POINT('',(-9.05E0,1.116113970533E1,-2.732890686298E0));
#1721=CARTESIAN_POINT('',(-9.05E0,1.115132905428E1,-2.732520566882E0));
#1722=CARTESIAN_POINT('',(-9.05E0,1.114641E1,-2.732520566882E0));
#1724=DIRECTION('',(7.071067811865E-1,-1.349970851203E-14,7.071067811865E-1));
#1725=VECTOR('',#1724,1.052678633953E0);
#1726=CARTESIAN_POINT('',(-1.007754895059E1,1.236974900505E1,
-3.516807249887E0));
#1727=LINE('',#1726,#1725);
#1728=DIRECTION('',(7.071067811866E-1,0.E0,7.071067811865E-1));
#1729=VECTOR('',#1728,7.549834435269E-1);
#1730=CARTESIAN_POINT('',(-1.000687644996E1,1.247113248654E1,
-3.376977462640E0));
#1731=LINE('',#1730,#1729);
#1732=DIRECTION('',(7.071067811865E-1,0.E0,-7.071067811865E-1));
#1733=VECTOR('',#1732,1.052678633953E0);
#1734=CARTESIAN_POINT('',(-8.166807249887E0,1.236974900505E1,
-2.772451049409E0));
#1735=LINE('',#1734,#1733);
#1736=DIRECTION('',(7.071067811865E-1,0.E0,-7.071067811865E-1));
#1737=VECTOR('',#1736,7.549834435270E-1);
#1738=CARTESIAN_POINT('',(-8.026977462640E0,1.247113248654E1,
-2.843123550038E0));
#1739=LINE('',#1738,#1737);
#1740=DIRECTION('',(-7.071067811865E-1,1.349970851203E-14,7.071067811866E-1));
#1741=VECTOR('',#1740,1.052678633953E0);
#1742=CARTESIAN_POINT('',(-9.333192750113E0,1.236974900505E1,
-5.427548950591E0));
#1743=LINE('',#1742,#1741);
#1744=DIRECTION('',(-7.071067811865E-1,0.E0,7.071067811865E-1));
#1745=VECTOR('',#1744,7.549834435269E-1);
#1746=CARTESIAN_POINT('',(-9.473022537360E0,1.247113248654E1,
-5.356876449962E0));
#1747=LINE('',#1746,#1745);
#1748=DIRECTION('',(-7.071067811865E-1,-1.349970851203E-14,-7.071067811865E-1));
#1749=VECTOR('',#1748,1.052678633953E0);
#1750=CARTESIAN_POINT('',(-7.422451049409E0,1.236974900505E1,
-4.683192750113E0));
#1751=LINE('',#1750,#1749);
#1752=DIRECTION('',(-7.071067811865E-1,0.E0,-7.071067811866E-1));
#1753=VECTOR('',#1752,7.549834435269E-1);
#1754=CARTESIAN_POINT('',(-7.493123550038E0,1.247113248654E1,
-4.823022537360E0));
#1755=LINE('',#1754,#1753);
#1756=CARTESIAN_POINT('',(-5.833192750113E0,1.236974900505E1,
-5.427548950591E0));
#1757=CARTESIAN_POINT('',(-5.832659414560E0,1.237116387647E1,
-5.427783245099E0));
#1758=CARTESIAN_POINT('',(-5.831755710332E0,1.237398016545E1,
-5.428179496825E0));
#1759=CARTESIAN_POINT('',(-5.830866936924E0,1.237815510734E1,
-5.428568313202E0));
#1760=CARTESIAN_POINT('',(-5.830422934801E0,1.238226728652E1,
-5.428762291009E0));
#1761=CARTESIAN_POINT('',(-5.830399600003E0,1.238634377291E1,
-5.428772481031E0));
#1762=CARTESIAN_POINT('',(-5.830799254994E0,1.239046889330E1,
-5.428597893785E0));
#1763=CARTESIAN_POINT('',(-5.831640712821E0,1.239463714947E1,
-5.428229845404E0));
#1764=CARTESIAN_POINT('',(-5.832940294442E0,1.239883860800E1,
-5.427660169702E0));
#1765=CARTESIAN_POINT('',(-5.834720220886E0,1.240308444784E1,
-5.426877506778E0));
#1766=CARTESIAN_POINT('',(-5.837088263975E0,1.240750858152E1,
-5.425831908958E0));
#1767=CARTESIAN_POINT('',(-5.840156302967E0,1.241213913172E1,
-5.424469792820E0));
#1768=CARTESIAN_POINT('',(-5.844017574469E0,1.241695320372E1,
-5.422743548541E0));
#1769=CARTESIAN_POINT('',(-5.848803144180E0,1.242195204581E1,
-5.420585430620E0));
#1770=CARTESIAN_POINT('',(-5.854528940440E0,1.242701361020E1,
-5.417975727816E0));
#1771=CARTESIAN_POINT('',(-5.861127879725E0,1.243200731035E1,
-5.414930739018E0));
#1772=CARTESIAN_POINT('',(-5.868680982010E0,1.243694171546E1,
-5.411396285033E0));
#1773=CARTESIAN_POINT('',(-5.877261265156E0,1.244179939739E1,
-5.407316815291E0));
#1774=CARTESIAN_POINT('',(-5.886933844397E0,1.244655344634E1,
-5.402635245446E0));
#1775=CARTESIAN_POINT('',(-5.897750896049E0,1.245116496282E1,
-5.397294233093E0));
#1776=CARTESIAN_POINT('',(-5.909659113297E0,1.245556338489E1,
-5.391284450613E0));
#1777=CARTESIAN_POINT('',(-5.922876292949E0,1.245977930842E1,
-5.384453236077E0));
#1778=CARTESIAN_POINT('',(-5.937647201517E0,1.246381320604E1,
-5.376614887253E0));
#1779=CARTESIAN_POINT('',(-5.954161966295E0,1.246762974309E1,
-5.367591952112E0));
#1780=CARTESIAN_POINT('',(-5.966526641347E0,1.247000608489E1,
-5.360613236675E0));
#1781=CARTESIAN_POINT('',(-5.973022537360E0,1.247113248654E1,
-5.356876449962E0));
#1783=CARTESIAN_POINT('',(-5.973022537360E0,1.247113248654E1,
-5.356876449962E0));
#1784=CARTESIAN_POINT('',(-6.029505924877E0,1.248092682146E1,
-5.324384185378E0));
#1785=CARTESIAN_POINT('',(-6.136074139060E0,1.249529108825E1,
-5.253001095361E0));
#1786=CARTESIAN_POINT('',(-6.278188440475E0,1.250235445587E1,
-5.128188440475E0));
#1787=CARTESIAN_POINT('',(-6.403001095361E0,1.249529108825E1,
-4.986074139060E0));
#1788=CARTESIAN_POINT('',(-6.474384185378E0,1.248092682146E1,
-4.879505924877E0));
#1789=CARTESIAN_POINT('',(-6.506876449962E0,1.247113248654E1,
-4.823022537360E0));
#1791=CARTESIAN_POINT('',(-6.506876449962E0,1.247113248654E1,
-4.823022537360E0));
#1792=CARTESIAN_POINT('',(-6.510303155946E0,1.247009955435E1,
-4.817065674565E0));
#1793=CARTESIAN_POINT('',(-6.516787900501E0,1.246791607245E1,
-4.805596815235E0));
#1794=CARTESIAN_POINT('',(-6.525440548261E0,1.246434400324E1,
-4.789818571513E0));
#1795=CARTESIAN_POINT('',(-6.533171120890E0,1.246048653773E1,
-4.775317596898E0));
#1796=CARTESIAN_POINT('',(-6.540076608424E0,1.245636304446E1,
-4.762019910158E0));
#1797=CARTESIAN_POINT('',(-6.546249571037E0,1.245198595800E1,
-4.749841242711E0));
#1798=CARTESIAN_POINT('',(-6.551772078990E0,1.244735555296E1,
-4.738698602837E0));
#1799=CARTESIAN_POINT('',(-6.556659658431E0,1.244252136875E1,
-4.728631665137E0));
#1800=CARTESIAN_POINT('',(-6.560952611776E0,1.243751847992E1,
-4.719622820844E0));
#1801=CARTESIAN_POINT('',(-6.564661730467E0,1.243241951781E1,
-4.711707674458E0));
#1802=CARTESIAN_POINT('',(-6.567787669694E0,1.242734733535E1,
-4.704939010680E0));
#1803=CARTESIAN_POINT('',(-6.570394274764E0,1.242234760423E1,
-4.699224353942E0));
#1804=CARTESIAN_POINT('',(-6.572534879243E0,1.241747064390E1,
-4.694481964228E0));
#1805=CARTESIAN_POINT('',(-6.574267639402E0,1.241274690513E1,
-4.690609867598E0));
#1806=CARTESIAN_POINT('',(-6.575657849341E0,1.240815753651E1,
-4.687481380117E0));
#1807=CARTESIAN_POINT('',(-6.576762015875E0,1.240363733849E1,
-4.684982426341E0));
#1808=CARTESIAN_POINT('',(-6.577595020618E0,1.239925264966E1,
-4.683088743431E0));
#1809=CARTESIAN_POINT('',(-6.578195020472E0,1.239495480256E1,
-4.681720270732E0));
#1810=CARTESIAN_POINT('',(-6.578582120446E0,1.239071862849E1,
-4.680835349920E0));
#1811=CARTESIAN_POINT('',(-6.578768756534E0,1.238654765057E1,
-4.680408129332E0));
#1812=CARTESIAN_POINT('',(-6.578766846523E0,1.238243843364E1,
-4.680412503099E0));
#1813=CARTESIAN_POINT('',(-6.578578365663E0,1.237829131670E1,
-4.680843939589E0));
#1814=CARTESIAN_POINT('',(-6.578190510444E0,1.237406590427E1,
-4.681730569408E0));
#1815=CARTESIAN_POINT('',(-6.577788369681E0,1.237119482310E1,
-4.682647749234E0));
#1816=CARTESIAN_POINT('',(-6.577548950591E0,1.236974900505E1,
-4.683192750113E0));
#1818=CARTESIAN_POINT('',(-6.577548950591E0,1.236974900505E1,
-4.683192750113E0));
#1819=CARTESIAN_POINT('',(-6.558616375025E0,1.225541785666E1,
-4.726289857920E0));
#1820=CARTESIAN_POINT('',(-6.517285231092E0,1.205955329280E1,
-4.809018080733E0));
#1821=CARTESIAN_POINT('',(-6.445841401583E0,1.185515187475E1,
-4.923663301344E0));
#1822=CARTESIAN_POINT('',(-6.365540573851E0,1.173456178548E1,
-5.029451523731E0));
#1823=CARTESIAN_POINT('',(-6.276709224685E0,1.169469366525E1,
-5.126709224685E0));
#1824=CARTESIAN_POINT('',(-6.179451523731E0,1.173456178548E1,
-5.215540573851E0));
#1825=CARTESIAN_POINT('',(-6.073663301344E0,1.185515187475E1,
-5.295841401583E0));
#1826=CARTESIAN_POINT('',(-5.959018080733E0,1.205955329280E1,
-5.367285231092E0));
#1827=CARTESIAN_POINT('',(-5.876289857920E0,1.225541785666E1,
-5.408616375025E0));
#1828=CARTESIAN_POINT('',(-5.833192750113E0,1.236974900505E1,
-5.427548950591E0));
#1830=CARTESIAN_POINT('',(-3.922451049409E0,1.236974900505E1,
-4.683192750113E0));
#1831=CARTESIAN_POINT('',(-3.922211378408E0,1.237119634436E1,
-4.682647175796E0));
#1832=CARTESIAN_POINT('',(-3.921808898217E0,1.237407041048E1,
-4.681729219712E0));
#1833=CARTESIAN_POINT('',(-3.921420975509E0,1.237830001356E1,
-4.680842432457E0));
#1834=CARTESIAN_POINT('',(-3.921232801497E0,1.238245116673E1,
-4.680411697093E0));
#1835=CARTESIAN_POINT('',(-3.921231553371E0,1.238656456942E1,
-4.680408839043E0));
#1836=CARTESIAN_POINT('',(-3.921419268811E0,1.239074010714E1,
-4.680838528971E0));
#1837=CARTESIAN_POINT('',(-3.921807939947E0,1.239498107368E1,
-4.681727032968E0));
#1838=CARTESIAN_POINT('',(-3.922410005887E0,1.239928372590E1,
-4.683100193999E0));
#1839=CARTESIAN_POINT('',(-3.923245884435E0,1.240367413827E1,
-4.685000354423E0));
#1840=CARTESIAN_POINT('',(-3.924352843430E0,1.240819665892E1,
-4.687505517796E0));
#1841=CARTESIAN_POINT('',(-3.925745281038E0,1.241278555393E1,
-4.690638850156E0));
#1842=CARTESIAN_POINT('',(-3.927481146011E0,1.241751056508E1,
-4.694517634919E0));
#1843=CARTESIAN_POINT('',(-3.929625171575E0,1.242238820803E1,
-4.699267227901E0));
#1844=CARTESIAN_POINT('',(-3.932235250833E0,1.242738769916E1,
-4.704988966132E0));
#1845=CARTESIAN_POINT('',(-3.935364688119E0,1.243245894841E1,
-4.711764486920E0));
#1846=CARTESIAN_POINT('',(-3.939078442382E0,1.243755784752E1,
-4.719688575917E0));
#1847=CARTESIAN_POINT('',(-3.943378271677E0,1.244256234517E1,
-4.728710611996E0));
#1848=CARTESIAN_POINT('',(-3.948277208966E0,1.244740075473E1,
-4.738799210519E0));
#1849=CARTESIAN_POINT('',(-3.953810269876E0,1.245203212028E1,
-4.749960690090E0));
#1850=CARTESIAN_POINT('',(-3.959986030450E0,1.245640349392E1,
-4.762141914719E0));
#1851=CARTESIAN_POINT('',(-3.966885550101E0,1.246051697389E1,
-4.775425084225E0));
#1852=CARTESIAN_POINT('',(-3.974602728891E0,1.246436305435E1,
-4.789898272769E0));
#1853=CARTESIAN_POINT('',(-3.983235857371E0,1.246792434260E1,
-4.805639065811E0));
#1854=CARTESIAN_POINT('',(-3.989705299201E0,1.247010210303E1,
-4.817080372690E0));
#1855=CARTESIAN_POINT('',(-3.993123550038E0,1.247113248654E1,
-4.823022537360E0));
#1857=CARTESIAN_POINT('',(-3.993123550038E0,1.247113248654E1,
-4.823022537360E0));
#1858=CARTESIAN_POINT('',(-4.025615814622E0,1.248092682146E1,
-4.879505924877E0));
#1859=CARTESIAN_POINT('',(-4.096998904639E0,1.249529108825E1,
-4.986074139060E0));
#1860=CARTESIAN_POINT('',(-4.221811559525E0,1.250235445587E1,
-5.128188440475E0));
#1861=CARTESIAN_POINT('',(-4.363925860940E0,1.249529108825E1,
-5.253001095361E0));
#1862=CARTESIAN_POINT('',(-4.470494075123E0,1.248092682146E1,
-5.324384185378E0));
#1863=CARTESIAN_POINT('',(-4.526977462640E0,1.247113248654E1,
-5.356876449962E0));
#1865=CARTESIAN_POINT('',(-4.526977462640E0,1.247113248654E1,
-5.356876449962E0));
#1866=CARTESIAN_POINT('',(-4.533472473920E0,1.247000623830E1,
-5.360612727729E0));
#1867=CARTESIAN_POINT('',(-4.545835482965E0,1.246763024794E1,
-5.367590520910E0));
#1868=CARTESIAN_POINT('',(-4.562347998230E0,1.246381437888E1,
-5.376612291050E0));
#1869=CARTESIAN_POINT('',(-4.577117146701E0,1.245978121561E1,
-5.384449792934E0));
#1870=CARTESIAN_POINT('',(-4.590333250569E0,1.245556598418E1,
-5.391280546991E0));
#1871=CARTESIAN_POINT('',(-4.602241178184E0,1.245116809732E1,
-5.397290276376E0));
#1872=CARTESIAN_POINT('',(-4.613058780660E0,1.244655682585E1,
-5.402631642407E0));
#1873=CARTESIAN_POINT('',(-4.622732470816E0,1.244180271580E1,
-5.407313813453E0));
#1874=CARTESIAN_POINT('',(-4.631314091977E0,1.243694473287E1,
-5.411393964509E0));
#1875=CARTESIAN_POINT('',(-4.638868490941E0,1.243200988548E1,
-5.414929054801E0));
#1876=CARTESIAN_POINT('',(-4.645468409775E0,1.242701579179E1,
-5.417974513848E0));
#1877=CARTESIAN_POINT('',(-4.651194801247E0,1.242195402588E1,
-5.420584499776E0));
#1878=CARTESIAN_POINT('',(-4.655980819191E0,1.241695504133E1,
-5.422742827705E0));
#1879=CARTESIAN_POINT('',(-4.659842478886E0,1.241214080893E1,
-5.424469250424E0));
#1880=CARTESIAN_POINT('',(-4.662910872654E0,1.240751004099E1,
-5.425831526915E0));
#1881=CARTESIAN_POINT('',(-4.665279204999E0,1.240308567069E1,
-5.426877253933E0));
#1882=CARTESIAN_POINT('',(-4.667059345199E0,1.239883961675E1,
-5.427660011558E0));
#1883=CARTESIAN_POINT('',(-4.668359077695E0,1.239463799172E1,
-5.428229753710E0));
#1884=CARTESIAN_POINT('',(-4.669200647343E0,1.239046958211E1,
-5.428597851108E0));
#1885=CARTESIAN_POINT('',(-4.669600379586E0,1.238634432087E1,
-5.428772472119E0));
#1886=CARTESIAN_POINT('',(-4.669577093356E0,1.238226770844E1,
-5.428762303306E0));
#1887=CARTESIAN_POINT('',(-4.669133115165E0,1.237815540416E1,
-5.428568335973E0));
#1888=CARTESIAN_POINT('',(-4.668244337665E0,1.237398032563E1,
-5.428179517854E0));
#1889=CARTESIAN_POINT('',(-4.667340606158E0,1.237116393143E1,
-5.427783254200E0));
#1890=CARTESIAN_POINT('',(-4.666807249887E0,1.236974900505E1,
-5.427548950591E0));
#1892=CARTESIAN_POINT('',(-4.666807249887E0,1.236974900505E1,
-5.427548950591E0));
#1893=CARTESIAN_POINT('',(-4.623710142080E0,1.225541785666E1,
-5.408616375025E0));
#1894=CARTESIAN_POINT('',(-4.540981919267E0,1.205955329280E1,
-5.367285231092E0));
#1895=CARTESIAN_POINT('',(-4.426336698656E0,1.185515187475E1,
-5.295841401583E0));
#1896=CARTESIAN_POINT('',(-4.320548476269E0,1.173456178548E1,
-5.215540573851E0));
#1897=CARTESIAN_POINT('',(-4.223290775315E0,1.169469366525E1,
-5.126709224685E0));
#1898=CARTESIAN_POINT('',(-4.134459426149E0,1.173456178548E1,
-5.029451523731E0));
#1899=CARTESIAN_POINT('',(-4.054158598417E0,1.185515187475E1,
-4.923663301344E0));
#1900=CARTESIAN_POINT('',(-3.982714768908E0,1.205955329280E1,
-4.809018080733E0));
#1901=CARTESIAN_POINT('',(-3.941383624975E0,1.225541785666E1,
-4.726289857920E0));
#1902=CARTESIAN_POINT('',(-3.922451049409E0,1.236974900505E1,
-4.683192750113E0));
#1904=DIRECTION('',(0.E0,-1.E0,0.E0));
#1905=VECTOR('',#1904,1.85359E0);
#1906=CARTESIAN_POINT('',(-6.7E0,1.26E1,-4.1E0));
#1907=LINE('',#1906,#1905);
#1908=DIRECTION('',(0.E0,1.E0,0.E0));
#1909=VECTOR('',#1908,1.85359E0);
#1910=CARTESIAN_POINT('',(-3.8E0,1.074641E1,-4.1E0));
#1911=LINE('',#1910,#1909);
#1912=CARTESIAN_POINT('',(-6.577548950591E0,1.236974900505E1,
-3.516807249887E0));
#1913=CARTESIAN_POINT('',(-6.577788621592E0,1.237119634436E1,
-3.517352824204E0));
#1914=CARTESIAN_POINT('',(-6.578191101783E0,1.237407041048E1,
-3.518270780288E0));
#1915=CARTESIAN_POINT('',(-6.578579024491E0,1.237830001356E1,
-3.519157567543E0));
#1916=CARTESIAN_POINT('',(-6.578767198503E0,1.238245116673E1,
-3.519588302907E0));
#1917=CARTESIAN_POINT('',(-6.578768446629E0,1.238656456942E1,
-3.519591160957E0));
#1918=CARTESIAN_POINT('',(-6.578580731189E0,1.239074010714E1,
-3.519161471029E0));
#1919=CARTESIAN_POINT('',(-6.578192060053E0,1.239498107368E1,
-3.518272967032E0));
#1920=CARTESIAN_POINT('',(-6.577589994113E0,1.239928372590E1,
-3.516899806001E0));
#1921=CARTESIAN_POINT('',(-6.576754115565E0,1.240367413827E1,
-3.514999645577E0));
#1922=CARTESIAN_POINT('',(-6.575647156570E0,1.240819665892E1,
-3.512494482204E0));
#1923=CARTESIAN_POINT('',(-6.574254718962E0,1.241278555393E1,
-3.509361149844E0));
#1924=CARTESIAN_POINT('',(-6.572518853989E0,1.241751056508E1,
-3.505482365081E0));
#1925=CARTESIAN_POINT('',(-6.570374828425E0,1.242238820803E1,
-3.500732772099E0));
#1926=CARTESIAN_POINT('',(-6.567764749167E0,1.242738769916E1,
-3.495011033868E0));
#1927=CARTESIAN_POINT('',(-6.564635311881E0,1.243245894841E1,
-3.488235513080E0));
#1928=CARTESIAN_POINT('',(-6.560921557618E0,1.243755784752E1,
-3.480311424083E0));
#1929=CARTESIAN_POINT('',(-6.556621728323E0,1.244256234517E1,
-3.471289388004E0));
#1930=CARTESIAN_POINT('',(-6.551722791034E0,1.244740075473E1,
-3.461200789481E0));
#1931=CARTESIAN_POINT('',(-6.546189730124E0,1.245203212028E1,
-3.450039309910E0));
#1932=CARTESIAN_POINT('',(-6.540013969550E0,1.245640349392E1,
-3.437858085281E0));
#1933=CARTESIAN_POINT('',(-6.533114449899E0,1.246051697389E1,
-3.424574915775E0));
#1934=CARTESIAN_POINT('',(-6.525397271109E0,1.246436305435E1,
-3.410101727231E0));
#1935=CARTESIAN_POINT('',(-6.516764142629E0,1.246792434260E1,
-3.394360934189E0));
#1936=CARTESIAN_POINT('',(-6.510294700799E0,1.247010210303E1,
-3.382919627310E0));
#1937=CARTESIAN_POINT('',(-6.506876449962E0,1.247113248654E1,
-3.376977462640E0));
#1939=CARTESIAN_POINT('',(-6.506876449962E0,1.247113248654E1,
-3.376977462640E0));
#1940=CARTESIAN_POINT('',(-6.474384185378E0,1.248092682146E1,
-3.320494075123E0));
#1941=CARTESIAN_POINT('',(-6.403001095361E0,1.249529108825E1,
-3.213925860940E0));
#1942=CARTESIAN_POINT('',(-6.278188440475E0,1.250235445587E1,
-3.071811559525E0));
#1943=CARTESIAN_POINT('',(-6.136074139060E0,1.249529108825E1,
-2.946998904639E0));
#1944=CARTESIAN_POINT('',(-6.029505924877E0,1.248092682146E1,
-2.875615814622E0));
#1945=CARTESIAN_POINT('',(-5.973022537360E0,1.247113248654E1,
-2.843123550038E0));
#1947=CARTESIAN_POINT('',(-5.973022537360E0,1.247113248654E1,
-2.843123550038E0));
#1948=CARTESIAN_POINT('',(-5.966527526080E0,1.247000623830E1,
-2.839387272271E0));
#1949=CARTESIAN_POINT('',(-5.954164517035E0,1.246763024794E1,
-2.832409479090E0));
#1950=CARTESIAN_POINT('',(-5.937652001770E0,1.246381437888E1,
-2.823387708950E0));
#1951=CARTESIAN_POINT('',(-5.922882853299E0,1.245978121561E1,
-2.815550207066E0));
#1952=CARTESIAN_POINT('',(-5.909666749431E0,1.245556598418E1,
-2.808719453009E0));
#1953=CARTESIAN_POINT('',(-5.897758821816E0,1.245116809732E1,
-2.802709723624E0));
#1954=CARTESIAN_POINT('',(-5.886941219340E0,1.244655682585E1,
-2.797368357593E0));
#1955=CARTESIAN_POINT('',(-5.877267529184E0,1.244180271580E1,
-2.792686186547E0));
#1956=CARTESIAN_POINT('',(-5.868685908023E0,1.243694473287E1,
-2.788606035491E0));
#1957=CARTESIAN_POINT('',(-5.861131509058E0,1.243200988548E1,
-2.785070945199E0));
#1958=CARTESIAN_POINT('',(-5.854531590225E0,1.242701579179E1,
-2.782025486152E0));
#1959=CARTESIAN_POINT('',(-5.848805198753E0,1.242195402588E1,
-2.779415500224E0));
#1960=CARTESIAN_POINT('',(-5.844019180809E0,1.241695504133E1,
-2.777257172295E0));
#1961=CARTESIAN_POINT('',(-5.840157521114E0,1.241214080893E1,
-2.775530749576E0));
#1962=CARTESIAN_POINT('',(-5.837089127346E0,1.240751004099E1,
-2.774168473085E0));
#1963=CARTESIAN_POINT('',(-5.834720795001E0,1.240308567069E1,
-2.773122746067E0));
#1964=CARTESIAN_POINT('',(-5.832940654801E0,1.239883961675E1,
-2.772339988442E0));
#1965=CARTESIAN_POINT('',(-5.831640922305E0,1.239463799172E1,
-2.771770246290E0));
#1966=CARTESIAN_POINT('',(-5.830799352657E0,1.239046958211E1,
-2.771402148892E0));
#1967=CARTESIAN_POINT('',(-5.830399620414E0,1.238634432087E1,
-2.771227527881E0));
#1968=CARTESIAN_POINT('',(-5.830422906644E0,1.238226770844E1,
-2.771237696694E0));
#1969=CARTESIAN_POINT('',(-5.830866884835E0,1.237815540416E1,
-2.771431664027E0));
#1970=CARTESIAN_POINT('',(-5.831755662335E0,1.237398032563E1,
-2.771820482146E0));
#1971=CARTESIAN_POINT('',(-5.832659393842E0,1.237116393143E1,
-2.772216745800E0));
#1972=CARTESIAN_POINT('',(-5.833192750113E0,1.236974900505E1,
-2.772451049409E0));
#1974=CARTESIAN_POINT('',(-5.833192750113E0,1.236974900505E1,
-2.772451049409E0));
#1975=CARTESIAN_POINT('',(-5.876289857920E0,1.225541785666E1,
-2.791383624975E0));
#1976=CARTESIAN_POINT('',(-5.959018080733E0,1.205955329280E1,
-2.832714768908E0));
#1977=CARTESIAN_POINT('',(-6.073663301344E0,1.185515187475E1,
-2.904158598417E0));
#1978=CARTESIAN_POINT('',(-6.179451523731E0,1.173456178548E1,
-2.984459426149E0));
#1979=CARTESIAN_POINT('',(-6.276709224685E0,1.169469366525E1,
-3.073290775315E0));
#1980=CARTESIAN_POINT('',(-6.365540573851E0,1.173456178548E1,
-3.170548476269E0));
#1981=CARTESIAN_POINT('',(-6.445841401583E0,1.185515187475E1,
-3.276336698656E0));
#1982=CARTESIAN_POINT('',(-6.517285231092E0,1.205955329280E1,
-3.390981919267E0));
#1983=CARTESIAN_POINT('',(-6.558616375025E0,1.225541785666E1,
-3.473710142080E0));
#1984=CARTESIAN_POINT('',(-6.577548950591E0,1.236974900505E1,
-3.516807249887E0));
#1986=CARTESIAN_POINT('',(-4.666807249887E0,1.236974900505E1,
-2.772451049409E0));
#1987=CARTESIAN_POINT('',(-4.667340585440E0,1.237116387647E1,
-2.772216754901E0));
#1988=CARTESIAN_POINT('',(-4.668244289668E0,1.237398016545E1,
-2.771820503175E0));
#1989=CARTESIAN_POINT('',(-4.669133063076E0,1.237815510734E1,
-2.771431686798E0));
#1990=CARTESIAN_POINT('',(-4.669577065199E0,1.238226728652E1,
-2.771237708991E0));
#1991=CARTESIAN_POINT('',(-4.669600399997E0,1.238634377291E1,
-2.771227518969E0));
#1992=CARTESIAN_POINT('',(-4.669200745006E0,1.239046889330E1,
-2.771402106215E0));
#1993=CARTESIAN_POINT('',(-4.668359287179E0,1.239463714947E1,
-2.771770154596E0));
#1994=CARTESIAN_POINT('',(-4.667059705558E0,1.239883860800E1,
-2.772339830298E0));
#1995=CARTESIAN_POINT('',(-4.665279779114E0,1.240308444784E1,
-2.773122493222E0));
#1996=CARTESIAN_POINT('',(-4.662911736025E0,1.240750858152E1,
-2.774168091042E0));
#1997=CARTESIAN_POINT('',(-4.659843697033E0,1.241213913172E1,
-2.775530207180E0));
#1998=CARTESIAN_POINT('',(-4.655982425531E0,1.241695320372E1,
-2.777256451459E0));
#1999=CARTESIAN_POINT('',(-4.651196855820E0,1.242195204581E1,
-2.779414569380E0));
#2000=CARTESIAN_POINT('',(-4.645471059560E0,1.242701361020E1,
-2.782024272184E0));
#2001=CARTESIAN_POINT('',(-4.638872120275E0,1.243200731035E1,
-2.785069260982E0));
#2002=CARTESIAN_POINT('',(-4.631319017990E0,1.243694171546E1,
-2.788603714967E0));
#2003=CARTESIAN_POINT('',(-4.622738734844E0,1.244179939739E1,
-2.792683184709E0));
#2004=CARTESIAN_POINT('',(-4.613066155603E0,1.244655344634E1,
-2.797364754554E0));
#2005=CARTESIAN_POINT('',(-4.602249103951E0,1.245116496282E1,
-2.802705766907E0));
#2006=CARTESIAN_POINT('',(-4.590340886703E0,1.245556338489E1,
-2.808715549387E0));
#2007=CARTESIAN_POINT('',(-4.577123707051E0,1.245977930842E1,
-2.815546763923E0));
#2008=CARTESIAN_POINT('',(-4.562352798483E0,1.246381320604E1,
-2.823385112747E0));
#2009=CARTESIAN_POINT('',(-4.545838033705E0,1.246762974309E1,
-2.832408047888E0));
#2010=CARTESIAN_POINT('',(-4.533473358653E0,1.247000608489E1,
-2.839386763325E0));
#2011=CARTESIAN_POINT('',(-4.526977462640E0,1.247113248654E1,
-2.843123550038E0));
#2013=CARTESIAN_POINT('',(-4.526977462640E0,1.247113248654E1,
-2.843123550038E0));
#2014=CARTESIAN_POINT('',(-4.470494075123E0,1.248092682146E1,
-2.875615814622E0));
#2015=CARTESIAN_POINT('',(-4.363925860940E0,1.249529108825E1,
-2.946998904639E0));
#2016=CARTESIAN_POINT('',(-4.221811559525E0,1.250235445587E1,
-3.071811559525E0));
#2017=CARTESIAN_POINT('',(-4.096998904639E0,1.249529108825E1,
-3.213925860940E0));
#2018=CARTESIAN_POINT('',(-4.025615814622E0,1.248092682146E1,
-3.320494075123E0));
#2019=CARTESIAN_POINT('',(-3.993123550038E0,1.247113248654E1,
-3.376977462640E0));
#2021=CARTESIAN_POINT('',(-3.993123550038E0,1.247113248654E1,
-3.376977462640E0));
#2022=CARTESIAN_POINT('',(-3.989696844054E0,1.247009955435E1,
-3.382934325435E0));
#2023=CARTESIAN_POINT('',(-3.983212099499E0,1.246791607245E1,
-3.394403184765E0));
#2024=CARTESIAN_POINT('',(-3.974559451739E0,1.246434400324E1,
-3.410181428487E0));
#2025=CARTESIAN_POINT('',(-3.966828879110E0,1.246048653773E1,
-3.424682403102E0));
#2026=CARTESIAN_POINT('',(-3.959923391576E0,1.245636304446E1,
-3.437980089842E0));
#2027=CARTESIAN_POINT('',(-3.953750428963E0,1.245198595800E1,
-3.450158757289E0));
#2028=CARTESIAN_POINT('',(-3.948227921010E0,1.244735555296E1,
-3.461301397163E0));
#2029=CARTESIAN_POINT('',(-3.943340341569E0,1.244252136875E1,
-3.471368334863E0));
#2030=CARTESIAN_POINT('',(-3.939047388224E0,1.243751847992E1,
-3.480377179156E0));
#2031=CARTESIAN_POINT('',(-3.935338269533E0,1.243241951781E1,
-3.488292325542E0));
#2032=CARTESIAN_POINT('',(-3.932212330306E0,1.242734733535E1,
-3.495060989320E0));
#2033=CARTESIAN_POINT('',(-3.929605725236E0,1.242234760423E1,
-3.500775646058E0));
#2034=CARTESIAN_POINT('',(-3.927465120757E0,1.241747064390E1,
-3.505518035772E0));
#2035=CARTESIAN_POINT('',(-3.925732360598E0,1.241274690513E1,
-3.509390132402E0));
#2036=CARTESIAN_POINT('',(-3.924342150659E0,1.240815753651E1,
-3.512518619883E0));
#2037=CARTESIAN_POINT('',(-3.923237984125E0,1.240363733849E1,
-3.515017573659E0));
#2038=CARTESIAN_POINT('',(-3.922404979382E0,1.239925264966E1,
-3.516911256569E0));
#2039=CARTESIAN_POINT('',(-3.921804979528E0,1.239495480256E1,
-3.518279729268E0));
#2040=CARTESIAN_POINT('',(-3.921417879554E0,1.239071862849E1,
-3.519164650080E0));
#2041=CARTESIAN_POINT('',(-3.921231243466E0,1.238654765057E1,
-3.519591870668E0));
#2042=CARTESIAN_POINT('',(-3.921233153477E0,1.238243843364E1,
-3.519587496901E0));
#2043=CARTESIAN_POINT('',(-3.921421634337E0,1.237829131670E1,
-3.519156060411E0));
#2044=CARTESIAN_POINT('',(-3.921809489556E0,1.237406590427E1,
-3.518269430592E0));
#2045=CARTESIAN_POINT('',(-3.922211630319E0,1.237119482310E1,
-3.517352250766E0));
#2046=CARTESIAN_POINT('',(-3.922451049409E0,1.236974900505E1,
-3.516807249887E0));
#2048=CARTESIAN_POINT('',(-3.922451049409E0,1.236974900505E1,
-3.516807249887E0));
#2049=CARTESIAN_POINT('',(-3.941383624975E0,1.225541785666E1,
-3.473710142079E0));
#2050=CARTESIAN_POINT('',(-3.982714768908E0,1.205955329280E1,
-3.390981919267E0));
#2051=CARTESIAN_POINT('',(-4.054158598417E0,1.185515187475E1,
-3.276336698656E0));
#2052=CARTESIAN_POINT('',(-4.134459426149E0,1.173456178548E1,
-3.170548476269E0));
#2053=CARTESIAN_POINT('',(-4.223290775315E0,1.169469366525E1,
-3.073290775315E0));
#2054=CARTESIAN_POINT('',(-4.320548476269E0,1.173456178548E1,
-2.984459426149E0));
#2055=CARTESIAN_POINT('',(-4.426336698656E0,1.185515187475E1,
-2.904158598417E0));
#2056=CARTESIAN_POINT('',(-4.540981919267E0,1.205955329280E1,
-2.832714768908E0));
#2057=CARTESIAN_POINT('',(-4.623710142080E0,1.225541785666E1,
-2.791383624975E0));
#2058=CARTESIAN_POINT('',(-4.666807249887E0,1.236974900505E1,
-2.772451049409E0));
#2060=DIRECTION('',(0.E0,0.E0,1.E0));
#2061=VECTOR('',#2060,2.734958866235E0);
#2062=CARTESIAN_POINT('',(-5.55E0,1.074641E1,-5.467479433118E0));
#2063=LINE('',#2062,#2061);
#2064=CARTESIAN_POINT('',(-5.25E0,1.074641E1,-4.1E0));
#2065=DIRECTION('',(0.E0,1.E0,0.E0));
#2066=DIRECTION('',(1.E0,0.E0,0.E0));
#2067=AXIS2_PLACEMENT_3D('',#2064,#2065,#2066);
#2069=CARTESIAN_POINT('',(-5.25E0,1.074641E1,-4.1E0));
#2070=DIRECTION('',(0.E0,1.E0,0.E0));
#2071=DIRECTION('',(-1.E0,0.E0,0.E0));
#2072=AXIS2_PLACEMENT_3D('',#2069,#2070,#2071);
#2074=DIRECTION('',(0.E0,0.E0,-1.E0));
#2075=VECTOR('',#2074,2.734958866235E0);
#2076=CARTESIAN_POINT('',(-4.95E0,1.074641E1,-2.732520566882E0));
#2077=LINE('',#2076,#2075);
#2078=DIRECTION('',(0.E0,1.E0,0.E0));
#2079=VECTOR('',#2078,4.E-1);
#2080=CARTESIAN_POINT('',(-5.55E0,1.074641E1,-2.732520566882E0));
#2081=LINE('',#2080,#2079);
#2082=CARTESIAN_POINT('',(-5.25E0,1.074641E1,-4.1E0));
#2083=DIRECTION('',(0.E0,-1.E0,0.E0));
#2084=DIRECTION('',(-2.142857142857E-1,0.E0,9.767710236555E-1));
#2085=AXIS2_PLACEMENT_3D('',#2082,#2083,#2084);
#2087=DIRECTION('',(0.E0,1.E0,0.E0));
#2088=VECTOR('',#2087,4.E-1);
#2089=CARTESIAN_POINT('',(-5.55E0,1.074641E1,-5.467479433118E0));
#2090=LINE('',#2089,#2088);
#2091=DIRECTION('',(0.E0,1.E0,0.E0));
#2092=VECTOR('',#2091,4.E-1);
#2093=CARTESIAN_POINT('',(-4.95E0,1.074641E1,-5.467479433118E0));
#2094=LINE('',#2093,#2092);
#2095=CARTESIAN_POINT('',(-5.25E0,1.074641E1,-4.1E0));
#2096=DIRECTION('',(0.E0,-1.E0,0.E0));
#2097=DIRECTION('',(2.142857142857E-1,0.E0,-9.767710236555E-1));
#2098=AXIS2_PLACEMENT_3D('',#2095,#2096,#2097);
#2100=DIRECTION('',(0.E0,1.E0,0.E0));
#2101=VECTOR('',#2100,4.E-1);
#2102=CARTESIAN_POINT('',(-4.95E0,1.074641E1,-2.732520566882E0));
#2103=LINE('',#2102,#2101);
#2104=CARTESIAN_POINT('',(-5.25E0,1.114641E1,-4.1E0));
#2105=DIRECTION('',(0.E0,-1.E0,0.E0));
#2106=DIRECTION('',(-2.142857142857E-1,0.E0,9.767710236555E-1));
#2107=AXIS2_PLACEMENT_3D('',#2104,#2105,#2106);
#2109=CARTESIAN_POINT('',(-5.25E0,1.134641E1,-4.1E0));
#2110=DIRECTION('',(0.E0,1.E0,0.E0));
#2111=DIRECTION('',(-2.5E-1,0.E0,-9.682458365519E-1));
#2112=AXIS2_PLACEMENT_3D('',#2109,#2110,#2111);
#2114=CARTESIAN_POINT('',(-5.55E0,1.114641E1,-5.467479433118E0));
#2115=CARTESIAN_POINT('',(-5.55E0,1.115132919740E1,-5.467479433118E0));
#2116=CARTESIAN_POINT('',(-5.55E0,1.116114013992E1,-5.467109291912E0));
#2117=CARTESIAN_POINT('',(-5.55E0,1.117582367601E1,-5.465440795067E0));
#2118=CARTESIAN_POINT('',(-5.55E0,1.119032589709E1,-5.462672497487E0));
#2119=CARTESIAN_POINT('',(-5.55E0,1.120462321820E1,-5.458807554737E0));
#2120=CARTESIAN_POINT('',(-5.55E0,1.121859707114E1,-5.453874584952E0));
#2121=CARTESIAN_POINT('',(-5.55E0,1.123224353204E1,-5.447866347607E0));
#2122=CARTESIAN_POINT('',(-5.55E0,1.124541499465E1,-5.440835652587E0));
#2123=CARTESIAN_POINT('',(-5.55E0,1.125802563870E1,-5.432833386278E0));
#2124=CARTESIAN_POINT('',(-5.55E0,1.127004838588E1,-5.423875463037E0));
#2125=CARTESIAN_POINT('',(-5.55E0,1.128143326470E1,-5.413981964202E0));
#2126=CARTESIAN_POINT('',(-5.55E0,1.129206549562E1,-5.403245199108E0));
#2127=CARTESIAN_POINT('',(-5.55E0,1.130193022118E1,-5.391668564057E0));
#2128=CARTESIAN_POINT('',(-5.55E0,1.131092433653E1,-5.379359977677E0));
#2129=CARTESIAN_POINT('',(-5.55E0,1.131902896825E1,-5.366332090225E0));
#2130=CARTESIAN_POINT('',(-5.55E0,1.132616235436E1,-5.352698644187E0));
#2131=CARTESIAN_POINT('',(-5.55E0,1.133230072940E1,-5.338487127564E0));
#2132=CARTESIAN_POINT('',(-5.55E0,1.133738013658E1,-5.323824953523E0));
#2133=CARTESIAN_POINT('',(-5.55E0,1.134138475149E1,-5.308738994505E0));
#2134=CARTESIAN_POINT('',(-5.55E0,1.134427852999E1,-5.293298668624E0));
#2135=CARTESIAN_POINT('',(-5.55E0,1.134602331085E1,-5.277625885586E0));
#2136=CARTESIAN_POINT('',(-5.55E0,1.134641E1,-5.267150252921E0));
#2137=CARTESIAN_POINT('',(-5.55E0,1.134641E1,-5.261895003862E0));
#2139=CARTESIAN_POINT('',(-5.55E0,1.134641E1,-2.938104996138E0));
#2140=CARTESIAN_POINT('',(-5.55E0,1.134641E1,-2.932849906148E0));
#2141=CARTESIAN_POINT('',(-5.55E0,1.134602333419E1,-2.922374588063E0));
#2142=CARTESIAN_POINT('',(-5.55E0,1.134427865824E1,-2.906702271281E0));
#2143=CARTESIAN_POINT('',(-5.55E0,1.134138505297E1,-2.891262390847E0));
#2144=CARTESIAN_POINT('',(-5.55E0,1.133738067238E1,-2.876176840074E0));
#2145=CARTESIAN_POINT('',(-5.55E0,1.133230156610E1,-2.861515057901E0));
#2146=CARTESIAN_POINT('',(-5.55E0,1.132616354392E1,-2.847303877374E0));
#2147=CARTESIAN_POINT('',(-5.55E0,1.131903056780E1,-2.833670731220E0));
#2148=CARTESIAN_POINT('',(-5.55E0,1.131092638629E1,-2.820643079358E0));
#2149=CARTESIAN_POINT('',(-5.55E0,1.130193277859E1,-2.808334693610E0));
#2150=CARTESIAN_POINT('',(-5.55E0,1.129206858207E1,-2.796758176928E0));
#2151=CARTESIAN_POINT('',(-5.55E0,1.128143691279E1,-2.786021467600E0));
#2152=CARTESIAN_POINT('',(-5.55E0,1.127005251832E1,-2.776127873607E0));
#2153=CARTESIAN_POINT('',(-5.55E0,1.125803070034E1,-2.767170161283E0));
#2154=CARTESIAN_POINT('',(-5.55E0,1.124542111172E1,-2.759167817975E0));
#2155=CARTESIAN_POINT('',(-5.55E0,1.123224409539E1,-2.752133770204E0));
#2156=CARTESIAN_POINT('',(-5.55E0,1.121859549467E1,-2.746124776705E0));
#2157=CARTESIAN_POINT('',(-5.55E0,1.120462138300E1,-2.741191879536E0));
#2158=CARTESIAN_POINT('',(-5.55E0,1.119032454091E1,-2.737327206180E0));
#2159=CARTESIAN_POINT('',(-5.55E0,1.117582280831E1,-2.734559084432E0));
#2160=CARTESIAN_POINT('',(-5.55E0,1.116113970533E1,-2.732890686298E0));
#2161=CARTESIAN_POINT('',(-5.55E0,1.115132905428E1,-2.732520566882E0));
#2162=CARTESIAN_POINT('',(-5.55E0,1.114641E1,-2.732520566882E0));
#2164=DIRECTION('',(0.E0,0.E0,1.E0));
#2165=VECTOR('',#2164,2.323790007724E0);
#2166=CARTESIAN_POINT('',(-5.55E0,1.134641E1,-5.261895003862E0));
#2167=LINE('',#2166,#2165);
#2168=DIRECTION('',(0.E0,0.E0,-1.E0));
#2169=VECTOR('',#2168,2.323790007724E0);
#2170=CARTESIAN_POINT('',(-4.95E0,1.134641E1,-2.938104996138E0));
#2171=LINE('',#2170,#2169);
#2172=CARTESIAN_POINT('',(-5.25E0,1.114641E1,-4.1E0));
#2173=DIRECTION('',(0.E0,-1.E0,0.E0));
#2174=DIRECTION('',(2.142857142857E-1,0.E0,-9.767710236555E-1));
#2175=AXIS2_PLACEMENT_3D('',#2172,#2173,#2174);
#2177=CARTESIAN_POINT('',(-5.25E0,1.134641E1,-4.1E0));
#2178=DIRECTION('',(0.E0,1.E0,0.E0));
#2179=DIRECTION('',(2.5E-1,0.E0,9.682458365519E-1));
#2180=AXIS2_PLACEMENT_3D('',#2177,#2178,#2179);
#2182=CARTESIAN_POINT('',(-4.95E0,1.114641E1,-2.732520566882E0));
#2183=CARTESIAN_POINT('',(-4.95E0,1.115132919734E1,-2.732520566882E0));
#2184=CARTESIAN_POINT('',(-4.95E0,1.116114013976E1,-2.732890708080E0));
#2185=CARTESIAN_POINT('',(-4.95E0,1.117582367568E1,-2.734559204887E0));
#2186=CARTESIAN_POINT('',(-4.95E0,1.119032589657E1,-2.737327502400E0));
#2187=CARTESIAN_POINT('',(-4.95E0,1.120462321750E1,-2.741192445045E0));
#2188=CARTESIAN_POINT('',(-4.95E0,1.121859707055E1,-2.746125414810E0));
#2189=CARTESIAN_POINT('',(-4.95E0,1.123224353230E1,-2.752133652454E0));
#2190=CARTESIAN_POINT('',(-4.95E0,1.124541499720E1,-2.759164348865E0));
#2191=CARTESIAN_POINT('',(-4.95E0,1.125802564058E1,-2.767166615047E0));
#2192=CARTESIAN_POINT('',(-4.95E0,1.127004838747E1,-2.776124538243E0));
#2193=CARTESIAN_POINT('',(-4.95E0,1.128143326609E1,-2.786018037105E0));
#2194=CARTESIAN_POINT('',(-4.95E0,1.129206549680E1,-2.796754802181E0));
#2195=CARTESIAN_POINT('',(-4.95E0,1.130193022215E1,-2.808331437186E0));
#2196=CARTESIAN_POINT('',(-4.95E0,1.131092433731E1,-2.820640023490E0));
#2197=CARTESIAN_POINT('',(-4.95E0,1.131902896886E1,-2.833667910852E0));
#2198=CARTESIAN_POINT('',(-4.95E0,1.132616235481E1,-2.847301356775E0));
#2199=CARTESIAN_POINT('',(-4.95E0,1.133230072972E1,-2.861512873270E0));
#2200=CARTESIAN_POINT('',(-4.95E0,1.133738013679E1,-2.876175047161E0));
#2201=CARTESIAN_POINT('',(-4.95E0,1.134138475161E1,-2.891261006024E0));
#2202=CARTESIAN_POINT('',(-4.95E0,1.134427853004E1,-2.906701331735E0));
#2203=CARTESIAN_POINT('',(-4.95E0,1.134602331086E1,-2.922374114595E0));
#2204=CARTESIAN_POINT('',(-4.95E0,1.134641E1,-2.932849747139E0));
#2205=CARTESIAN_POINT('',(-4.95E0,1.134641E1,-2.938104996138E0));
#2207=CARTESIAN_POINT('',(-4.95E0,1.134641E1,-5.261895003862E0));
#2208=CARTESIAN_POINT('',(-4.95E0,1.134641E1,-5.267150093918E0));
#2209=CARTESIAN_POINT('',(-4.95E0,1.134602333418E1,-5.277625412134E0));
#2210=CARTESIAN_POINT('',(-4.95E0,1.134427865818E1,-5.293297729109E0));
#2211=CARTESIAN_POINT('',(-4.95E0,1.134138505284E1,-5.308737609728E0));
#2212=CARTESIAN_POINT('',(-4.95E0,1.133738067216E1,-5.323823160672E0));
#2213=CARTESIAN_POINT('',(-4.95E0,1.133230156576E1,-5.338484943007E0));
#2214=CARTESIAN_POINT('',(-4.95E0,1.132616354343E1,-5.352696123674E0));
#2215=CARTESIAN_POINT('',(-4.95E0,1.131903056713E1,-5.366329269953E0));
#2216=CARTESIAN_POINT('',(-4.95E0,1.131092638543E1,-5.379356921913E0));
#2217=CARTESIAN_POINT('',(-4.95E0,1.130193277753E1,-5.391665307744E0));
#2218=CARTESIAN_POINT('',(-4.95E0,1.129206858078E1,-5.403241824475E0));
#2219=CARTESIAN_POINT('',(-4.95E0,1.128143691127E1,-5.413978533829E0));
#2220=CARTESIAN_POINT('',(-4.95E0,1.127005251662E1,-5.423872127773E0));
#2221=CARTESIAN_POINT('',(-4.95E0,1.125803069818E1,-5.432829840221E0));
#2222=CARTESIAN_POINT('',(-4.95E0,1.124542110939E1,-5.440832183340E0));
#2223=CARTESIAN_POINT('',(-4.95E0,1.123224409520E1,-5.447866229828E0));
#2224=CARTESIAN_POINT('',(-4.95E0,1.121859549534E1,-5.453875223024E0));
#2225=CARTESIAN_POINT('',(-4.95E0,1.120462138376E1,-5.458808120231E0));
#2226=CARTESIAN_POINT('',(-4.95E0,1.119032454147E1,-5.462672793696E0));
#2227=CARTESIAN_POINT('',(-4.95E0,1.117582280867E1,-5.465440915518E0));
#2228=CARTESIAN_POINT('',(-4.95E0,1.116113970551E1,-5.467109313693E0));
#2229=CARTESIAN_POINT('',(-4.95E0,1.115132905434E1,-5.467479433118E0));
#2230=CARTESIAN_POINT('',(-4.95E0,1.114641E1,-5.467479433118E0));
#2232=DIRECTION('',(7.071067811865E-1,0.E0,7.071067811865E-1));
#2233=VECTOR('',#2232,1.052678633953E0);
#2234=CARTESIAN_POINT('',(-6.577548950591E0,1.236974900505E1,
-3.516807249887E0));
#2235=LINE('',#2234,#2233);
#2236=DIRECTION('',(7.071067811866E-1,0.E0,7.071067811865E-1));
#2237=VECTOR('',#2236,7.549834435270E-1);
#2238=CARTESIAN_POINT('',(-6.506876449962E0,1.247113248654E1,
-3.376977462640E0));
#2239=LINE('',#2238,#2237);
#2240=DIRECTION('',(7.071067811865E-1,1.012478138402E-14,-7.071067811865E-1));
#2241=VECTOR('',#2240,1.052678633953E0);
#2242=CARTESIAN_POINT('',(-4.666807249887E0,1.236974900505E1,
-2.772451049409E0));
#2243=LINE('',#2242,#2241);
#2244=DIRECTION('',(7.071067811866E-1,0.E0,-7.071067811865E-1));
#2245=VECTOR('',#2244,7.549834435270E-1);
#2246=CARTESIAN_POINT('',(-4.526977462640E0,1.247113248654E1,
-2.843123550038E0));
#2247=LINE('',#2246,#2245);
#2248=DIRECTION('',(-7.071067811865E-1,0.E0,7.071067811865E-1));
#2249=VECTOR('',#2248,1.052678633953E0);
#2250=CARTESIAN_POINT('',(-5.833192750113E0,1.236974900505E1,
-5.427548950591E0));
#2251=LINE('',#2250,#2249);
#2252=DIRECTION('',(-7.071067811866E-1,0.E0,7.071067811865E-1));
#2253=VECTOR('',#2252,7.549834435269E-1);
#2254=CARTESIAN_POINT('',(-5.973022537360E0,1.247113248654E1,
-5.356876449962E0));
#2255=LINE('',#2254,#2253);
#2256=DIRECTION('',(-7.071067811865E-1,-1.349970851203E-14,-7.071067811865E-1));
#2257=VECTOR('',#2256,1.052678633953E0);
#2258=CARTESIAN_POINT('',(-3.922451049409E0,1.236974900505E1,
-4.683192750113E0));
#2259=LINE('',#2258,#2257);
#2260=DIRECTION('',(-7.071067811865E-1,0.E0,-7.071067811865E-1));
#2261=VECTOR('',#2260,7.549834435270E-1);
#2262=CARTESIAN_POINT('',(-3.993123550038E0,1.247113248654E1,
-4.823022537360E0));
#2263=LINE('',#2262,#2261);
#2264=CARTESIAN_POINT('',(-2.333192750113E0,1.236974900505E1,
-5.427548950591E0));
#2265=CARTESIAN_POINT('',(-2.332659414560E0,1.237116387647E1,
-5.427783245099E0));
#2266=CARTESIAN_POINT('',(-2.331755710332E0,1.237398016545E1,
-5.428179496825E0));
#2267=CARTESIAN_POINT('',(-2.330866936924E0,1.237815510734E1,
-5.428568313202E0));
#2268=CARTESIAN_POINT('',(-2.330422934801E0,1.238226728652E1,
-5.428762291009E0));
#2269=CARTESIAN_POINT('',(-2.330399600003E0,1.238634377291E1,
-5.428772481031E0));
#2270=CARTESIAN_POINT('',(-2.330799254994E0,1.239046889330E1,
-5.428597893785E0));
#2271=CARTESIAN_POINT('',(-2.331640712821E0,1.239463714947E1,
-5.428229845404E0));
#2272=CARTESIAN_POINT('',(-2.332940294442E0,1.239883860800E1,
-5.427660169702E0));
#2273=CARTESIAN_POINT('',(-2.334720220886E0,1.240308444784E1,
-5.426877506778E0));
#2274=CARTESIAN_POINT('',(-2.337088263975E0,1.240750858152E1,
-5.425831908958E0));
#2275=CARTESIAN_POINT('',(-2.340156302967E0,1.241213913172E1,
-5.424469792820E0));
#2276=CARTESIAN_POINT('',(-2.344017574469E0,1.241695320372E1,
-5.422743548541E0));
#2277=CARTESIAN_POINT('',(-2.348803144180E0,1.242195204581E1,
-5.420585430620E0));
#2278=CARTESIAN_POINT('',(-2.354528940440E0,1.242701361020E1,
-5.417975727816E0));
#2279=CARTESIAN_POINT('',(-2.361127879725E0,1.243200731035E1,
-5.414930739018E0));
#2280=CARTESIAN_POINT('',(-2.368680982010E0,1.243694171546E1,
-5.411396285033E0));
#2281=CARTESIAN_POINT('',(-2.377261265156E0,1.244179939739E1,
-5.407316815291E0));
#2282=CARTESIAN_POINT('',(-2.386933844397E0,1.244655344634E1,
-5.402635245446E0));
#2283=CARTESIAN_POINT('',(-2.397750896049E0,1.245116496282E1,
-5.397294233093E0));
#2284=CARTESIAN_POINT('',(-2.409659113297E0,1.245556338489E1,
-5.391284450613E0));
#2285=CARTESIAN_POINT('',(-2.422876292949E0,1.245977930842E1,
-5.384453236077E0));
#2286=CARTESIAN_POINT('',(-2.437647201517E0,1.246381320604E1,
-5.376614887253E0));
#2287=CARTESIAN_POINT('',(-2.454161966295E0,1.246762974309E1,
-5.367591952112E0));
#2288=CARTESIAN_POINT('',(-2.466526641347E0,1.247000608489E1,
-5.360613236675E0));
#2289=CARTESIAN_POINT('',(-2.473022537360E0,1.247113248654E1,
-5.356876449962E0));
#2291=CARTESIAN_POINT('',(-2.473022537360E0,1.247113248654E1,
-5.356876449962E0));
#2292=CARTESIAN_POINT('',(-2.529505924877E0,1.248092682146E1,
-5.324384185378E0));
#2293=CARTESIAN_POINT('',(-2.636074139060E0,1.249529108825E1,
-5.253001095361E0));
#2294=CARTESIAN_POINT('',(-2.778188440475E0,1.250235445587E1,
-5.128188440475E0));
#2295=CARTESIAN_POINT('',(-2.903001095361E0,1.249529108825E1,
-4.986074139060E0));
#2296=CARTESIAN_POINT('',(-2.974384185378E0,1.248092682146E1,
-4.879505924877E0));
#2297=CARTESIAN_POINT('',(-3.006876449962E0,1.247113248654E1,
-4.823022537360E0));
#2299=CARTESIAN_POINT('',(-3.006876449962E0,1.247113248654E1,
-4.823022537360E0));
#2300=CARTESIAN_POINT('',(-3.010303155946E0,1.247009955435E1,
-4.817065674565E0));
#2301=CARTESIAN_POINT('',(-3.016787900501E0,1.246791607245E1,
-4.805596815235E0));
#2302=CARTESIAN_POINT('',(-3.025440548261E0,1.246434400324E1,
-4.789818571513E0));
#2303=CARTESIAN_POINT('',(-3.033171120890E0,1.246048653773E1,
-4.775317596898E0));
#2304=CARTESIAN_POINT('',(-3.040076608424E0,1.245636304446E1,
-4.762019910158E0));
#2305=CARTESIAN_POINT('',(-3.046249571037E0,1.245198595800E1,
-4.749841242711E0));
#2306=CARTESIAN_POINT('',(-3.051772078990E0,1.244735555296E1,
-4.738698602837E0));
#2307=CARTESIAN_POINT('',(-3.056659658431E0,1.244252136875E1,
-4.728631665137E0));
#2308=CARTESIAN_POINT('',(-3.060952611776E0,1.243751847992E1,
-4.719622820844E0));
#2309=CARTESIAN_POINT('',(-3.064661730467E0,1.243241951781E1,
-4.711707674458E0));
#2310=CARTESIAN_POINT('',(-3.067787669694E0,1.242734733535E1,
-4.704939010680E0));
#2311=CARTESIAN_POINT('',(-3.070394274764E0,1.242234760423E1,
-4.699224353942E0));
#2312=CARTESIAN_POINT('',(-3.072534879243E0,1.241747064390E1,
-4.694481964228E0));
#2313=CARTESIAN_POINT('',(-3.074267639402E0,1.241274690513E1,
-4.690609867598E0));
#2314=CARTESIAN_POINT('',(-3.075657849341E0,1.240815753651E1,
-4.687481380117E0));
#2315=CARTESIAN_POINT('',(-3.076762015875E0,1.240363733849E1,
-4.684982426341E0));
#2316=CARTESIAN_POINT('',(-3.077595020618E0,1.239925264966E1,
-4.683088743431E0));
#2317=CARTESIAN_POINT('',(-3.078195020472E0,1.239495480256E1,
-4.681720270732E0));
#2318=CARTESIAN_POINT('',(-3.078582120446E0,1.239071862849E1,
-4.680835349920E0));
#2319=CARTESIAN_POINT('',(-3.078768756534E0,1.238654765057E1,
-4.680408129332E0));
#2320=CARTESIAN_POINT('',(-3.078766846523E0,1.238243843364E1,
-4.680412503099E0));
#2321=CARTESIAN_POINT('',(-3.078578365663E0,1.237829131670E1,
-4.680843939589E0));
#2322=CARTESIAN_POINT('',(-3.078190510444E0,1.237406590427E1,
-4.681730569408E0));
#2323=CARTESIAN_POINT('',(-3.077788369681E0,1.237119482310E1,
-4.682647749234E0));
#2324=CARTESIAN_POINT('',(-3.077548950591E0,1.236974900505E1,
-4.683192750113E0));
#2326=CARTESIAN_POINT('',(-3.077548950591E0,1.236974900505E1,
-4.683192750113E0));
#2327=CARTESIAN_POINT('',(-3.058616375025E0,1.225541785666E1,
-4.726289857920E0));
#2328=CARTESIAN_POINT('',(-3.017285231092E0,1.205955329280E1,
-4.809018080733E0));
#2329=CARTESIAN_POINT('',(-2.945841401583E0,1.185515187475E1,
-4.923663301344E0));
#2330=CARTESIAN_POINT('',(-2.865540573851E0,1.173456178548E1,
-5.029451523731E0));
#2331=CARTESIAN_POINT('',(-2.776709224685E0,1.169469366525E1,
-5.126709224685E0));
#2332=CARTESIAN_POINT('',(-2.679451523731E0,1.173456178548E1,
-5.215540573851E0));
#2333=CARTESIAN_POINT('',(-2.573663301344E0,1.185515187475E1,
-5.295841401583E0));
#2334=CARTESIAN_POINT('',(-2.459018080733E0,1.205955329280E1,
-5.367285231092E0));
#2335=CARTESIAN_POINT('',(-2.376289857920E0,1.225541785666E1,
-5.408616375025E0));
#2336=CARTESIAN_POINT('',(-2.333192750113E0,1.236974900505E1,
-5.427548950591E0));
#2338=CARTESIAN_POINT('',(-4.224510494089E-1,1.236974900505E1,
-4.683192750113E0));
#2339=CARTESIAN_POINT('',(-4.222113784075E-1,1.237119634436E1,
-4.682647175796E0));
#2340=CARTESIAN_POINT('',(-4.218088982175E-1,1.237407041048E1,
-4.681729219712E0));
#2341=CARTESIAN_POINT('',(-4.214209755088E-1,1.237830001356E1,
-4.680842432457E0));
#2342=CARTESIAN_POINT('',(-4.212328014969E-1,1.238245116673E1,
-4.680411697093E0));
#2343=CARTESIAN_POINT('',(-4.212315533710E-1,1.238656456942E1,
-4.680408839043E0));
#2344=CARTESIAN_POINT('',(-4.214192688114E-1,1.239074010714E1,
-4.680838528971E0));
#2345=CARTESIAN_POINT('',(-4.218079399475E-1,1.239498107368E1,
-4.681727032968E0));
#2346=CARTESIAN_POINT('',(-4.224100058870E-1,1.239928372590E1,
-4.683100193999E0));
#2347=CARTESIAN_POINT('',(-4.232458844346E-1,1.240367413827E1,
-4.685000354423E0));
#2348=CARTESIAN_POINT('',(-4.243528434298E-1,1.240819665892E1,
-4.687505517796E0));
#2349=CARTESIAN_POINT('',(-4.257452810380E-1,1.241278555393E1,
-4.690638850156E0));
#2350=CARTESIAN_POINT('',(-4.274811460109E-1,1.241751056508E1,
-4.694517634919E0));
#2351=CARTESIAN_POINT('',(-4.296251715753E-1,1.242238820803E1,
-4.699267227901E0));
#2352=CARTESIAN_POINT('',(-4.322352508330E-1,1.242738769916E1,
-4.704988966132E0));
#2353=CARTESIAN_POINT('',(-4.353646881187E-1,1.243245894841E1,
-4.711764486920E0));
#2354=CARTESIAN_POINT('',(-4.390784423822E-1,1.243755784752E1,
-4.719688575917E0));
#2355=CARTESIAN_POINT('',(-4.433782716766E-1,1.244256234517E1,
-4.728710611996E0));
#2356=CARTESIAN_POINT('',(-4.482772089663E-1,1.244740075473E1,
-4.738799210519E0));
#2357=CARTESIAN_POINT('',(-4.538102698759E-1,1.245203212028E1,
-4.749960690090E0));
#2358=CARTESIAN_POINT('',(-4.599860304500E-1,1.245640349392E1,
-4.762141914719E0));
#2359=CARTESIAN_POINT('',(-4.668855501009E-1,1.246051697389E1,
-4.775425084225E0));
#2360=CARTESIAN_POINT('',(-4.746027288915E-1,1.246436305435E1,
-4.789898272769E0));
#2361=CARTESIAN_POINT('',(-4.832358573705E-1,1.246792434260E1,
-4.805639065811E0));
#2362=CARTESIAN_POINT('',(-4.897052992007E-1,1.247010210303E1,
-4.817080372690E0));
#2363=CARTESIAN_POINT('',(-4.931235500381E-1,1.247113248654E1,
-4.823022537360E0));
#2365=CARTESIAN_POINT('',(-4.931235500381E-1,1.247113248654E1,
-4.823022537360E0));
#2366=CARTESIAN_POINT('',(-5.256158146217E-1,1.248092682146E1,
-4.879505924877E0));
#2367=CARTESIAN_POINT('',(-5.969989046390E-1,1.249529108825E1,
-4.986074139060E0));
#2368=CARTESIAN_POINT('',(-7.218115595246E-1,1.250235445587E1,
-5.128188440475E0));
#2369=CARTESIAN_POINT('',(-8.639258609397E-1,1.249529108825E1,
-5.253001095361E0));
#2370=CARTESIAN_POINT('',(-9.704940751229E-1,1.248092682146E1,
-5.324384185378E0));
#2371=CARTESIAN_POINT('',(-1.026977462640E0,1.247113248654E1,
-5.356876449962E0));
#2373=CARTESIAN_POINT('',(-1.026977462640E0,1.247113248654E1,
-5.356876449962E0));
#2374=CARTESIAN_POINT('',(-1.033472473920E0,1.247000623830E1,
-5.360612727729E0));
#2375=CARTESIAN_POINT('',(-1.045835482965E0,1.246763024794E1,
-5.367590520910E0));
#2376=CARTESIAN_POINT('',(-1.062347998230E0,1.246381437888E1,
-5.376612291050E0));
#2377=CARTESIAN_POINT('',(-1.077117146701E0,1.245978121561E1,
-5.384449792934E0));
#2378=CARTESIAN_POINT('',(-1.090333250569E0,1.245556598418E1,
-5.391280546991E0));
#2379=CARTESIAN_POINT('',(-1.102241178184E0,1.245116809732E1,
-5.397290276376E0));
#2380=CARTESIAN_POINT('',(-1.113058780660E0,1.244655682585E1,
-5.402631642407E0));
#2381=CARTESIAN_POINT('',(-1.122732470816E0,1.244180271580E1,
-5.407313813453E0));
#2382=CARTESIAN_POINT('',(-1.131314091977E0,1.243694473287E1,
-5.411393964509E0));
#2383=CARTESIAN_POINT('',(-1.138868490942E0,1.243200988548E1,
-5.414929054801E0));
#2384=CARTESIAN_POINT('',(-1.145468409775E0,1.242701579179E1,
-5.417974513848E0));
#2385=CARTESIAN_POINT('',(-1.151194801247E0,1.242195402588E1,
-5.420584499776E0));
#2386=CARTESIAN_POINT('',(-1.155980819191E0,1.241695504133E1,
-5.422742827705E0));
#2387=CARTESIAN_POINT('',(-1.159842478886E0,1.241214080893E1,
-5.424469250424E0));
#2388=CARTESIAN_POINT('',(-1.162910872654E0,1.240751004099E1,
-5.425831526915E0));
#2389=CARTESIAN_POINT('',(-1.165279204999E0,1.240308567069E1,
-5.426877253933E0));
#2390=CARTESIAN_POINT('',(-1.167059345199E0,1.239883961675E1,
-5.427660011558E0));
#2391=CARTESIAN_POINT('',(-1.168359077695E0,1.239463799172E1,
-5.428229753710E0));
#2392=CARTESIAN_POINT('',(-1.169200647343E0,1.239046958211E1,
-5.428597851108E0));
#2393=CARTESIAN_POINT('',(-1.169600379586E0,1.238634432087E1,
-5.428772472119E0));
#2394=CARTESIAN_POINT('',(-1.169577093356E0,1.238226770844E1,
-5.428762303306E0));
#2395=CARTESIAN_POINT('',(-1.169133115165E0,1.237815540416E1,
-5.428568335973E0));
#2396=CARTESIAN_POINT('',(-1.168244337665E0,1.237398032563E1,
-5.428179517854E0));
#2397=CARTESIAN_POINT('',(-1.167340606158E0,1.237116393143E1,
-5.427783254200E0));
#2398=CARTESIAN_POINT('',(-1.166807249887E0,1.236974900505E1,
-5.427548950591E0));
#2400=CARTESIAN_POINT('',(-1.166807249887E0,1.236974900505E1,
-5.427548950591E0));
#2401=CARTESIAN_POINT('',(-1.123710142079E0,1.225541785666E1,
-5.408616375025E0));
#2402=CARTESIAN_POINT('',(-1.040981919267E0,1.205955329280E1,
-5.367285231092E0));
#2403=CARTESIAN_POINT('',(-9.263366986560E-1,1.185515187475E1,
-5.295841401583E0));
#2404=CARTESIAN_POINT('',(-8.205484762689E-1,1.173456178548E1,
-5.215540573851E0));
#2405=CARTESIAN_POINT('',(-7.232907753147E-1,1.169469366525E1,
-5.126709224685E0));
#2406=CARTESIAN_POINT('',(-6.344594261494E-1,1.173456178548E1,
-5.029451523731E0));
#2407=CARTESIAN_POINT('',(-5.541585984169E-1,1.185515187475E1,
-4.923663301344E0));
#2408=CARTESIAN_POINT('',(-4.827147689079E-1,1.205955329280E1,
-4.809018080733E0));
#2409=CARTESIAN_POINT('',(-4.413836249745E-1,1.225541785666E1,
-4.726289857921E0));
#2410=CARTESIAN_POINT('',(-4.224510494089E-1,1.236974900505E1,
-4.683192750113E0));
#2412=DIRECTION('',(0.E0,-1.E0,0.E0));
#2413=VECTOR('',#2412,1.85359E0);
#2414=CARTESIAN_POINT('',(-3.2E0,1.26E1,-4.1E0));
#2415=LINE('',#2414,#2413);
#2416=DIRECTION('',(0.E0,1.E0,0.E0));
#2417=VECTOR('',#2416,1.85359E0);
#2418=CARTESIAN_POINT('',(-3.E-1,1.074641E1,-4.1E0));
#2419=LINE('',#2418,#2417);
#2420=CARTESIAN_POINT('',(-3.077548950591E0,1.236974900505E1,
-3.516807249887E0));
#2421=CARTESIAN_POINT('',(-3.077788621592E0,1.237119634436E1,
-3.517352824204E0));
#2422=CARTESIAN_POINT('',(-3.078191101783E0,1.237407041048E1,
-3.518270780288E0));
#2423=CARTESIAN_POINT('',(-3.078579024491E0,1.237830001356E1,
-3.519157567543E0));
#2424=CARTESIAN_POINT('',(-3.078767198503E0,1.238245116673E1,
-3.519588302907E0));
#2425=CARTESIAN_POINT('',(-3.078768446629E0,1.238656456942E1,
-3.519591160957E0));
#2426=CARTESIAN_POINT('',(-3.078580731189E0,1.239074010714E1,
-3.519161471029E0));
#2427=CARTESIAN_POINT('',(-3.078192060053E0,1.239498107368E1,
-3.518272967032E0));
#2428=CARTESIAN_POINT('',(-3.077589994113E0,1.239928372590E1,
-3.516899806001E0));
#2429=CARTESIAN_POINT('',(-3.076754115565E0,1.240367413827E1,
-3.514999645577E0));
#2430=CARTESIAN_POINT('',(-3.075647156570E0,1.240819665892E1,
-3.512494482204E0));
#2431=CARTESIAN_POINT('',(-3.074254718962E0,1.241278555393E1,
-3.509361149844E0));
#2432=CARTESIAN_POINT('',(-3.072518853989E0,1.241751056508E1,
-3.505482365081E0));
#2433=CARTESIAN_POINT('',(-3.070374828425E0,1.242238820803E1,
-3.500732772099E0));
#2434=CARTESIAN_POINT('',(-3.067764749167E0,1.242738769916E1,
-3.495011033868E0));
#2435=CARTESIAN_POINT('',(-3.064635311881E0,1.243245894841E1,
-3.488235513080E0));
#2436=CARTESIAN_POINT('',(-3.060921557618E0,1.243755784752E1,
-3.480311424083E0));
#2437=CARTESIAN_POINT('',(-3.056621728323E0,1.244256234517E1,
-3.471289388004E0));
#2438=CARTESIAN_POINT('',(-3.051722791034E0,1.244740075473E1,
-3.461200789481E0));
#2439=CARTESIAN_POINT('',(-3.046189730124E0,1.245203212028E1,
-3.450039309910E0));
#2440=CARTESIAN_POINT('',(-3.040013969550E0,1.245640349392E1,
-3.437858085281E0));
#2441=CARTESIAN_POINT('',(-3.033114449899E0,1.246051697389E1,
-3.424574915775E0));
#2442=CARTESIAN_POINT('',(-3.025397271109E0,1.246436305435E1,
-3.410101727231E0));
#2443=CARTESIAN_POINT('',(-3.016764142629E0,1.246792434260E1,
-3.394360934189E0));
#2444=CARTESIAN_POINT('',(-3.010294700799E0,1.247010210303E1,
-3.382919627310E0));
#2445=CARTESIAN_POINT('',(-3.006876449962E0,1.247113248654E1,
-3.376977462640E0));
#2447=CARTESIAN_POINT('',(-3.006876449962E0,1.247113248654E1,
-3.376977462640E0));
#2448=CARTESIAN_POINT('',(-2.974384185378E0,1.248092682146E1,
-3.320494075123E0));
#2449=CARTESIAN_POINT('',(-2.903001095361E0,1.249529108825E1,
-3.213925860940E0));
#2450=CARTESIAN_POINT('',(-2.778188440475E0,1.250235445587E1,
-3.071811559525E0));
#2451=CARTESIAN_POINT('',(-2.636074139060E0,1.249529108825E1,
-2.946998904639E0));
#2452=CARTESIAN_POINT('',(-2.529505924877E0,1.248092682146E1,
-2.875615814622E0));
#2453=CARTESIAN_POINT('',(-2.473022537360E0,1.247113248654E1,
-2.843123550038E0));
#2455=CARTESIAN_POINT('',(-2.473022537360E0,1.247113248654E1,
-2.843123550038E0));
#2456=CARTESIAN_POINT('',(-2.466527526080E0,1.247000623830E1,
-2.839387272271E0));
#2457=CARTESIAN_POINT('',(-2.454164517035E0,1.246763024794E1,
-2.832409479090E0));
#2458=CARTESIAN_POINT('',(-2.437652001770E0,1.246381437888E1,
-2.823387708950E0));
#2459=CARTESIAN_POINT('',(-2.422882853299E0,1.245978121561E1,
-2.815550207066E0));
#2460=CARTESIAN_POINT('',(-2.409666749431E0,1.245556598418E1,
-2.808719453009E0));
#2461=CARTESIAN_POINT('',(-2.397758821816E0,1.245116809732E1,
-2.802709723624E0));
#2462=CARTESIAN_POINT('',(-2.386941219340E0,1.244655682585E1,
-2.797368357593E0));
#2463=CARTESIAN_POINT('',(-2.377267529184E0,1.244180271580E1,
-2.792686186547E0));
#2464=CARTESIAN_POINT('',(-2.368685908023E0,1.243694473287E1,
-2.788606035491E0));
#2465=CARTESIAN_POINT('',(-2.361131509059E0,1.243200988548E1,
-2.785070945199E0));
#2466=CARTESIAN_POINT('',(-2.354531590225E0,1.242701579179E1,
-2.782025486152E0));
#2467=CARTESIAN_POINT('',(-2.348805198753E0,1.242195402588E1,
-2.779415500224E0));
#2468=CARTESIAN_POINT('',(-2.344019180809E0,1.241695504133E1,
-2.777257172295E0));
#2469=CARTESIAN_POINT('',(-2.340157521114E0,1.241214080893E1,
-2.775530749576E0));
#2470=CARTESIAN_POINT('',(-2.337089127346E0,1.240751004099E1,
-2.774168473085E0));
#2471=CARTESIAN_POINT('',(-2.334720795001E0,1.240308567069E1,
-2.773122746067E0));
#2472=CARTESIAN_POINT('',(-2.332940654801E0,1.239883961675E1,
-2.772339988442E0));
#2473=CARTESIAN_POINT('',(-2.331640922305E0,1.239463799172E1,
-2.771770246290E0));
#2474=CARTESIAN_POINT('',(-2.330799352657E0,1.239046958211E1,
-2.771402148892E0));
#2475=CARTESIAN_POINT('',(-2.330399620414E0,1.238634432087E1,
-2.771227527881E0));
#2476=CARTESIAN_POINT('',(-2.330422906644E0,1.238226770844E1,
-2.771237696694E0));
#2477=CARTESIAN_POINT('',(-2.330866884835E0,1.237815540416E1,
-2.771431664027E0));
#2478=CARTESIAN_POINT('',(-2.331755662335E0,1.237398032563E1,
-2.771820482146E0));
#2479=CARTESIAN_POINT('',(-2.332659393842E0,1.237116393143E1,
-2.772216745800E0));
#2480=CARTESIAN_POINT('',(-2.333192750113E0,1.236974900505E1,
-2.772451049409E0));
#2482=CARTESIAN_POINT('',(-2.333192750113E0,1.236974900505E1,
-2.772451049409E0));
#2483=CARTESIAN_POINT('',(-2.376289857920E0,1.225541785666E1,
-2.791383624975E0));
#2484=CARTESIAN_POINT('',(-2.459018080733E0,1.205955329280E1,
-2.832714768908E0));
#2485=CARTESIAN_POINT('',(-2.573663301344E0,1.185515187475E1,
-2.904158598417E0));
#2486=CARTESIAN_POINT('',(-2.679451523731E0,1.173456178548E1,
-2.984459426149E0));
#2487=CARTESIAN_POINT('',(-2.776709224685E0,1.169469366525E1,
-3.073290775315E0));
#2488=CARTESIAN_POINT('',(-2.865540573851E0,1.173456178548E1,
-3.170548476269E0));
#2489=CARTESIAN_POINT('',(-2.945841401583E0,1.185515187475E1,
-3.276336698656E0));
#2490=CARTESIAN_POINT('',(-3.017285231092E0,1.205955329280E1,
-3.390981919267E0));
#2491=CARTESIAN_POINT('',(-3.058616375025E0,1.225541785666E1,
-3.473710142080E0));
#2492=CARTESIAN_POINT('',(-3.077548950591E0,1.236974900505E1,
-3.516807249887E0));
#2494=CARTESIAN_POINT('',(-1.166807249887E0,1.236974900505E1,
-2.772451049409E0));
#2495=CARTESIAN_POINT('',(-1.167340585440E0,1.237116387647E1,
-2.772216754901E0));
#2496=CARTESIAN_POINT('',(-1.168244289668E0,1.237398016545E1,
-2.771820503175E0));
#2497=CARTESIAN_POINT('',(-1.169133063076E0,1.237815510734E1,
-2.771431686798E0));
#2498=CARTESIAN_POINT('',(-1.169577065199E0,1.238226728652E1,
-2.771237708991E0));
#2499=CARTESIAN_POINT('',(-1.169600399997E0,1.238634377291E1,
-2.771227518969E0));
#2500=CARTESIAN_POINT('',(-1.169200745006E0,1.239046889330E1,
-2.771402106215E0));
#2501=CARTESIAN_POINT('',(-1.168359287179E0,1.239463714947E1,
-2.771770154596E0));
#2502=CARTESIAN_POINT('',(-1.167059705558E0,1.239883860800E1,
-2.772339830298E0));
#2503=CARTESIAN_POINT('',(-1.165279779114E0,1.240308444784E1,
-2.773122493222E0));
#2504=CARTESIAN_POINT('',(-1.162911736025E0,1.240750858152E1,
-2.774168091042E0));
#2505=CARTESIAN_POINT('',(-1.159843697033E0,1.241213913172E1,
-2.775530207180E0));
#2506=CARTESIAN_POINT('',(-1.155982425531E0,1.241695320372E1,
-2.777256451459E0));
#2507=CARTESIAN_POINT('',(-1.151196855820E0,1.242195204581E1,
-2.779414569380E0));
#2508=CARTESIAN_POINT('',(-1.145471059560E0,1.242701361020E1,
-2.782024272184E0));
#2509=CARTESIAN_POINT('',(-1.138872120275E0,1.243200731035E1,
-2.785069260982E0));
#2510=CARTESIAN_POINT('',(-1.131319017990E0,1.243694171546E1,
-2.788603714967E0));
#2511=CARTESIAN_POINT('',(-1.122738734844E0,1.244179939739E1,
-2.792683184709E0));
#2512=CARTESIAN_POINT('',(-1.113066155603E0,1.244655344634E1,
-2.797364754554E0));
#2513=CARTESIAN_POINT('',(-1.102249103951E0,1.245116496282E1,
-2.802705766907E0));
#2514=CARTESIAN_POINT('',(-1.090340886703E0,1.245556338489E1,
-2.808715549387E0));
#2515=CARTESIAN_POINT('',(-1.077123707051E0,1.245977930842E1,
-2.815546763923E0));
#2516=CARTESIAN_POINT('',(-1.062352798483E0,1.246381320604E1,
-2.823385112747E0));
#2517=CARTESIAN_POINT('',(-1.045838033705E0,1.246762974309E1,
-2.832408047888E0));
#2518=CARTESIAN_POINT('',(-1.033473358653E0,1.247000608489E1,
-2.839386763325E0));
#2519=CARTESIAN_POINT('',(-1.026977462640E0,1.247113248654E1,
-2.843123550038E0));
#2521=CARTESIAN_POINT('',(-1.026977462640E0,1.247113248654E1,
-2.843123550038E0));
#2522=CARTESIAN_POINT('',(-9.704940751228E-1,1.248092682146E1,
-2.875615814622E0));
#2523=CARTESIAN_POINT('',(-8.639258609397E-1,1.249529108825E1,
-2.946998904639E0));
#2524=CARTESIAN_POINT('',(-7.218115595246E-1,1.250235445587E1,
-3.071811559525E0));
#2525=CARTESIAN_POINT('',(-5.969989046390E-1,1.249529108825E1,
-3.213925860940E0));
#2526=CARTESIAN_POINT('',(-5.256158146217E-1,1.248092682146E1,
-3.320494075123E0));
#2527=CARTESIAN_POINT('',(-4.931235500381E-1,1.247113248654E1,
-3.376977462640E0));
#2529=CARTESIAN_POINT('',(-4.931235500381E-1,1.247113248654E1,
-3.376977462640E0));
#2530=CARTESIAN_POINT('',(-4.896968440536E-1,1.247009955435E1,
-3.382934325435E0));
#2531=CARTESIAN_POINT('',(-4.832120994986E-1,1.246791607245E1,
-3.394403184765E0));
#2532=CARTESIAN_POINT('',(-4.745594517393E-1,1.246434400324E1,
-3.410181428487E0));
#2533=CARTESIAN_POINT('',(-4.668288791095E-1,1.246048653773E1,
-3.424682403102E0));
#2534=CARTESIAN_POINT('',(-4.599233915758E-1,1.245636304446E1,
-3.437980089842E0));
#2535=CARTESIAN_POINT('',(-4.537504289632E-1,1.245198595800E1,
-3.450158757289E0));
#2536=CARTESIAN_POINT('',(-4.482279210098E-1,1.244735555296E1,
-3.461301397163E0));
#2537=CARTESIAN_POINT('',(-4.433403415693E-1,1.244252136875E1,
-3.471368334863E0));
#2538=CARTESIAN_POINT('',(-4.390473882244E-1,1.243751847992E1,
-3.480377179156E0));
#2539=CARTESIAN_POINT('',(-4.353382695327E-1,1.243241951781E1,
-3.488292325542E0));
#2540=CARTESIAN_POINT('',(-4.322123303064E-1,1.242734733535E1,
-3.495060989320E0));
#2541=CARTESIAN_POINT('',(-4.296057252358E-1,1.242234760423E1,
-3.500775646058E0));
#2542=CARTESIAN_POINT('',(-4.274651207575E-1,1.241747064390E1,
-3.505518035772E0));
#2543=CARTESIAN_POINT('',(-4.257323605982E-1,1.241274690513E1,
-3.509390132402E0));
#2544=CARTESIAN_POINT('',(-4.243421506589E-1,1.240815753651E1,
-3.512518619883E0));
#2545=CARTESIAN_POINT('',(-4.232379841252E-1,1.240363733849E1,
-3.515017573659E0));
#2546=CARTESIAN_POINT('',(-4.224049793818E-1,1.239925264966E1,
-3.516911256569E0));
#2547=CARTESIAN_POINT('',(-4.218049795276E-1,1.239495480256E1,
-3.518279729268E0));
#2548=CARTESIAN_POINT('',(-4.214178795535E-1,1.239071862849E1,
-3.519164650080E0));
#2549=CARTESIAN_POINT('',(-4.212312434659E-1,1.238654765057E1,
-3.519591870668E0));
#2550=CARTESIAN_POINT('',(-4.212331534774E-1,1.238243843364E1,
-3.519587496901E0));
#2551=CARTESIAN_POINT('',(-4.214216343371E-1,1.237829131670E1,
-3.519156060411E0));
#2552=CARTESIAN_POINT('',(-4.218094895565E-1,1.237406590427E1,
-3.518269430592E0));
#2553=CARTESIAN_POINT('',(-4.222116303190E-1,1.237119482310E1,
-3.517352250766E0));
#2554=CARTESIAN_POINT('',(-4.224510494089E-1,1.236974900505E1,
-3.516807249887E0));
#2556=CARTESIAN_POINT('',(-4.224510494089E-1,1.236974900505E1,
-3.516807249887E0));
#2557=CARTESIAN_POINT('',(-4.413836249745E-1,1.225541785666E1,
-3.473710142079E0));
#2558=CARTESIAN_POINT('',(-4.827147689079E-1,1.205955329280E1,
-3.390981919267E0));
#2559=CARTESIAN_POINT('',(-5.541585984169E-1,1.185515187475E1,
-3.276336698656E0));
#2560=CARTESIAN_POINT('',(-6.344594261494E-1,1.173456178548E1,
-3.170548476269E0));
#2561=CARTESIAN_POINT('',(-7.232907753147E-1,1.169469366525E1,
-3.073290775315E0));
#2562=CARTESIAN_POINT('',(-8.205484762689E-1,1.173456178548E1,
-2.984459426149E0));
#2563=CARTESIAN_POINT('',(-9.263366986560E-1,1.185515187475E1,
-2.904158598417E0));
#2564=CARTESIAN_POINT('',(-1.040981919267E0,1.205955329280E1,
-2.832714768908E0));
#2565=CARTESIAN_POINT('',(-1.123710142079E0,1.225541785666E1,
-2.791383624975E0));
#2566=CARTESIAN_POINT('',(-1.166807249887E0,1.236974900505E1,
-2.772451049409E0));
#2568=DIRECTION('',(0.E0,0.E0,1.E0));
#2569=VECTOR('',#2568,2.734958866235E0);
#2570=CARTESIAN_POINT('',(-2.05E0,1.074641E1,-5.467479433118E0));
#2571=LINE('',#2570,#2569);
#2572=CARTESIAN_POINT('',(-1.75E0,1.074641E1,-4.1E0));
#2573=DIRECTION('',(0.E0,1.E0,0.E0));
#2574=DIRECTION('',(1.E0,0.E0,0.E0));
#2575=AXIS2_PLACEMENT_3D('',#2572,#2573,#2574);
#2577=CARTESIAN_POINT('',(-1.75E0,1.074641E1,-4.1E0));
#2578=DIRECTION('',(0.E0,1.E0,0.E0));
#2579=DIRECTION('',(-1.E0,0.E0,0.E0));
#2580=AXIS2_PLACEMENT_3D('',#2577,#2578,#2579);
#2582=DIRECTION('',(0.E0,0.E0,-1.E0));
#2583=VECTOR('',#2582,2.734958866235E0);
#2584=CARTESIAN_POINT('',(-1.45E0,1.074641E1,-2.732520566882E0));
#2585=LINE('',#2584,#2583);
#2586=DIRECTION('',(0.E0,1.E0,0.E0));
#2587=VECTOR('',#2586,4.E-1);
#2588=CARTESIAN_POINT('',(-2.05E0,1.074641E1,-2.732520566882E0));
#2589=LINE('',#2588,#2587);
#2590=CARTESIAN_POINT('',(-1.75E0,1.074641E1,-4.1E0));
#2591=DIRECTION('',(0.E0,-1.E0,0.E0));
#2592=DIRECTION('',(-2.142857142857E-1,0.E0,9.767710236555E-1));
#2593=AXIS2_PLACEMENT_3D('',#2590,#2591,#2592);
#2595=DIRECTION('',(0.E0,1.E0,0.E0));
#2596=VECTOR('',#2595,4.E-1);
#2597=CARTESIAN_POINT('',(-2.05E0,1.074641E1,-5.467479433118E0));
#2598=LINE('',#2597,#2596);
#2599=DIRECTION('',(0.E0,1.E0,0.E0));
#2600=VECTOR('',#2599,4.E-1);
#2601=CARTESIAN_POINT('',(-1.45E0,1.074641E1,-5.467479433118E0));
#2602=LINE('',#2601,#2600);
#2603=CARTESIAN_POINT('',(-1.75E0,1.074641E1,-4.1E0));
#2604=DIRECTION('',(0.E0,-1.E0,0.E0));
#2605=DIRECTION('',(2.142857142857E-1,0.E0,-9.767710236555E-1));
#2606=AXIS2_PLACEMENT_3D('',#2603,#2604,#2605);
#2608=DIRECTION('',(0.E0,1.E0,0.E0));
#2609=VECTOR('',#2608,4.E-1);
#2610=CARTESIAN_POINT('',(-1.45E0,1.074641E1,-2.732520566882E0));
#2611=LINE('',#2610,#2609);
#2612=CARTESIAN_POINT('',(-1.75E0,1.114641E1,-4.1E0));
#2613=DIRECTION('',(0.E0,-1.E0,0.E0));
#2614=DIRECTION('',(-2.142857142857E-1,0.E0,9.767710236555E-1));
#2615=AXIS2_PLACEMENT_3D('',#2612,#2613,#2614);
#2617=CARTESIAN_POINT('',(-1.75E0,1.134641E1,-4.1E0));
#2618=DIRECTION('',(0.E0,1.E0,0.E0));
#2619=DIRECTION('',(-2.5E-1,0.E0,-9.682458365519E-1));
#2620=AXIS2_PLACEMENT_3D('',#2617,#2618,#2619);
#2622=CARTESIAN_POINT('',(-2.05E0,1.114641E1,-5.467479433118E0));
#2623=CARTESIAN_POINT('',(-2.05E0,1.115132919740E1,-5.467479433118E0));
#2624=CARTESIAN_POINT('',(-2.05E0,1.116114013992E1,-5.467109291912E0));
#2625=CARTESIAN_POINT('',(-2.05E0,1.117582367601E1,-5.465440795067E0));
#2626=CARTESIAN_POINT('',(-2.05E0,1.119032589709E1,-5.462672497487E0));
#2627=CARTESIAN_POINT('',(-2.05E0,1.120462321820E1,-5.458807554737E0));
#2628=CARTESIAN_POINT('',(-2.05E0,1.121859707114E1,-5.453874584952E0));
#2629=CARTESIAN_POINT('',(-2.05E0,1.123224353204E1,-5.447866347607E0));
#2630=CARTESIAN_POINT('',(-2.05E0,1.124541499465E1,-5.440835652587E0));
#2631=CARTESIAN_POINT('',(-2.05E0,1.125802563870E1,-5.432833386278E0));
#2632=CARTESIAN_POINT('',(-2.05E0,1.127004838588E1,-5.423875463037E0));
#2633=CARTESIAN_POINT('',(-2.05E0,1.128143326470E1,-5.413981964202E0));
#2634=CARTESIAN_POINT('',(-2.05E0,1.129206549562E1,-5.403245199108E0));
#2635=CARTESIAN_POINT('',(-2.05E0,1.130193022118E1,-5.391668564057E0));
#2636=CARTESIAN_POINT('',(-2.05E0,1.131092433653E1,-5.379359977677E0));
#2637=CARTESIAN_POINT('',(-2.05E0,1.131902896825E1,-5.366332090225E0));
#2638=CARTESIAN_POINT('',(-2.05E0,1.132616235436E1,-5.352698644187E0));
#2639=CARTESIAN_POINT('',(-2.05E0,1.133230072940E1,-5.338487127564E0));
#2640=CARTESIAN_POINT('',(-2.05E0,1.133738013658E1,-5.323824953523E0));
#2641=CARTESIAN_POINT('',(-2.05E0,1.134138475149E1,-5.308738994505E0));
#2642=CARTESIAN_POINT('',(-2.05E0,1.134427852999E1,-5.293298668624E0));
#2643=CARTESIAN_POINT('',(-2.05E0,1.134602331085E1,-5.277625885586E0));
#2644=CARTESIAN_POINT('',(-2.05E0,1.134641E1,-5.267150252921E0));
#2645=CARTESIAN_POINT('',(-2.05E0,1.134641E1,-5.261895003862E0));
#2647=CARTESIAN_POINT('',(-2.05E0,1.134641E1,-2.938104996138E0));
#2648=CARTESIAN_POINT('',(-2.05E0,1.134641E1,-2.932849906148E0));
#2649=CARTESIAN_POINT('',(-2.05E0,1.134602333419E1,-2.922374588063E0));
#2650=CARTESIAN_POINT('',(-2.05E0,1.134427865824E1,-2.906702271281E0));
#2651=CARTESIAN_POINT('',(-2.05E0,1.134138505297E1,-2.891262390847E0));
#2652=CARTESIAN_POINT('',(-2.05E0,1.133738067238E1,-2.876176840074E0));
#2653=CARTESIAN_POINT('',(-2.05E0,1.133230156610E1,-2.861515057901E0));
#2654=CARTESIAN_POINT('',(-2.05E0,1.132616354392E1,-2.847303877374E0));
#2655=CARTESIAN_POINT('',(-2.05E0,1.131903056780E1,-2.833670731220E0));
#2656=CARTESIAN_POINT('',(-2.05E0,1.131092638629E1,-2.820643079358E0));
#2657=CARTESIAN_POINT('',(-2.05E0,1.130193277859E1,-2.808334693610E0));
#2658=CARTESIAN_POINT('',(-2.05E0,1.129206858207E1,-2.796758176928E0));
#2659=CARTESIAN_POINT('',(-2.05E0,1.128143691279E1,-2.786021467600E0));
#2660=CARTESIAN_POINT('',(-2.05E0,1.127005251832E1,-2.776127873607E0));
#2661=CARTESIAN_POINT('',(-2.05E0,1.125803070034E1,-2.767170161283E0));
#2662=CARTESIAN_POINT('',(-2.05E0,1.124542111172E1,-2.759167817975E0));
#2663=CARTESIAN_POINT('',(-2.05E0,1.123224409539E1,-2.752133770204E0));
#2664=CARTESIAN_POINT('',(-2.05E0,1.121859549467E1,-2.746124776705E0));
#2665=CARTESIAN_POINT('',(-2.05E0,1.120462138300E1,-2.741191879536E0));
#2666=CARTESIAN_POINT('',(-2.05E0,1.119032454091E1,-2.737327206180E0));
#2667=CARTESIAN_POINT('',(-2.05E0,1.117582280831E1,-2.734559084432E0));
#2668=CARTESIAN_POINT('',(-2.05E0,1.116113970533E1,-2.732890686298E0));
#2669=CARTESIAN_POINT('',(-2.05E0,1.115132905428E1,-2.732520566882E0));
#2670=CARTESIAN_POINT('',(-2.05E0,1.114641E1,-2.732520566882E0));
#2672=DIRECTION('',(0.E0,0.E0,1.E0));
#2673=VECTOR('',#2672,2.323790007724E0);
#2674=CARTESIAN_POINT('',(-2.05E0,1.134641E1,-5.261895003862E0));
#2675=LINE('',#2674,#2673);
#2676=DIRECTION('',(0.E0,0.E0,-1.E0));
#2677=VECTOR('',#2676,2.323790007724E0);
#2678=CARTESIAN_POINT('',(-1.45E0,1.134641E1,-2.938104996138E0));
#2679=LINE('',#2678,#2677);
#2680=CARTESIAN_POINT('',(-1.75E0,1.114641E1,-4.1E0));
#2681=DIRECTION('',(0.E0,-1.E0,0.E0));
#2682=DIRECTION('',(2.142857142857E-1,0.E0,-9.767710236555E-1));
#2683=AXIS2_PLACEMENT_3D('',#2680,#2681,#2682);
#2685=CARTESIAN_POINT('',(-1.75E0,1.134641E1,-4.1E0));
#2686=DIRECTION('',(0.E0,1.E0,0.E0));
#2687=DIRECTION('',(2.5E-1,0.E0,9.682458365519E-1));
#2688=AXIS2_PLACEMENT_3D('',#2685,#2686,#2687);
#2690=CARTESIAN_POINT('',(-1.45E0,1.114641E1,-2.732520566882E0));
#2691=CARTESIAN_POINT('',(-1.45E0,1.115132919734E1,-2.732520566882E0));
#2692=CARTESIAN_POINT('',(-1.45E0,1.116114013976E1,-2.732890708080E0));
#2693=CARTESIAN_POINT('',(-1.45E0,1.117582367568E1,-2.734559204887E0));
#2694=CARTESIAN_POINT('',(-1.45E0,1.119032589657E1,-2.737327502400E0));
#2695=CARTESIAN_POINT('',(-1.45E0,1.120462321750E1,-2.741192445045E0));
#2696=CARTESIAN_POINT('',(-1.45E0,1.121859707055E1,-2.746125414810E0));
#2697=CARTESIAN_POINT('',(-1.45E0,1.123224353230E1,-2.752133652454E0));
#2698=CARTESIAN_POINT('',(-1.45E0,1.124541499720E1,-2.759164348865E0));
#2699=CARTESIAN_POINT('',(-1.45E0,1.125802564058E1,-2.767166615047E0));
#2700=CARTESIAN_POINT('',(-1.45E0,1.127004838747E1,-2.776124538243E0));
#2701=CARTESIAN_POINT('',(-1.45E0,1.128143326609E1,-2.786018037105E0));
#2702=CARTESIAN_POINT('',(-1.45E0,1.129206549680E1,-2.796754802181E0));
#2703=CARTESIAN_POINT('',(-1.45E0,1.130193022215E1,-2.808331437186E0));
#2704=CARTESIAN_POINT('',(-1.45E0,1.131092433731E1,-2.820640023490E0));
#2705=CARTESIAN_POINT('',(-1.45E0,1.131902896886E1,-2.833667910852E0));
#2706=CARTESIAN_POINT('',(-1.45E0,1.132616235481E1,-2.847301356775E0));
#2707=CARTESIAN_POINT('',(-1.45E0,1.133230072972E1,-2.861512873270E0));
#2708=CARTESIAN_POINT('',(-1.45E0,1.133738013679E1,-2.876175047161E0));
#2709=CARTESIAN_POINT('',(-1.45E0,1.134138475161E1,-2.891261006024E0));
#2710=CARTESIAN_POINT('',(-1.45E0,1.134427853004E1,-2.906701331735E0));
#2711=CARTESIAN_POINT('',(-1.45E0,1.134602331086E1,-2.922374114595E0));
#2712=CARTESIAN_POINT('',(-1.45E0,1.134641E1,-2.932849747139E0));
#2713=CARTESIAN_POINT('',(-1.45E0,1.134641E1,-2.938104996138E0));
#2715=CARTESIAN_POINT('',(-1.45E0,1.134641E1,-5.261895003862E0));
#2716=CARTESIAN_POINT('',(-1.45E0,1.134641E1,-5.267150093918E0));
#2717=CARTESIAN_POINT('',(-1.45E0,1.134602333418E1,-5.277625412134E0));
#2718=CARTESIAN_POINT('',(-1.45E0,1.134427865818E1,-5.293297729109E0));
#2719=CARTESIAN_POINT('',(-1.45E0,1.134138505284E1,-5.308737609728E0));
#2720=CARTESIAN_POINT('',(-1.45E0,1.133738067216E1,-5.323823160672E0));
#2721=CARTESIAN_POINT('',(-1.45E0,1.133230156576E1,-5.338484943007E0));
#2722=CARTESIAN_POINT('',(-1.45E0,1.132616354343E1,-5.352696123674E0));
#2723=CARTESIAN_POINT('',(-1.45E0,1.131903056713E1,-5.366329269953E0));
#2724=CARTESIAN_POINT('',(-1.45E0,1.131092638543E1,-5.379356921913E0));
#2725=CARTESIAN_POINT('',(-1.45E0,1.130193277753E1,-5.391665307744E0));
#2726=CARTESIAN_POINT('',(-1.45E0,1.129206858078E1,-5.403241824475E0));
#2727=CARTESIAN_POINT('',(-1.45E0,1.128143691127E1,-5.413978533829E0));
#2728=CARTESIAN_POINT('',(-1.45E0,1.127005251662E1,-5.423872127773E0));
#2729=CARTESIAN_POINT('',(-1.45E0,1.125803069818E1,-5.432829840221E0));
#2730=CARTESIAN_POINT('',(-1.45E0,1.124542110939E1,-5.440832183340E0));
#2731=CARTESIAN_POINT('',(-1.45E0,1.123224409520E1,-5.447866229828E0));
#2732=CARTESIAN_POINT('',(-1.45E0,1.121859549534E1,-5.453875223024E0));
#2733=CARTESIAN_POINT('',(-1.45E0,1.120462138376E1,-5.458808120231E0));
#2734=CARTESIAN_POINT('',(-1.45E0,1.119032454147E1,-5.462672793696E0));
#2735=CARTESIAN_POINT('',(-1.45E0,1.117582280867E1,-5.465440915518E0));
#2736=CARTESIAN_POINT('',(-1.45E0,1.116113970551E1,-5.467109313693E0));
#2737=CARTESIAN_POINT('',(-1.45E0,1.115132905434E1,-5.467479433118E0));
#2738=CARTESIAN_POINT('',(-1.45E0,1.114641E1,-5.467479433118E0));
#2740=DIRECTION('',(7.071067811865E-1,0.E0,7.071067811865E-1));
#2741=VECTOR('',#2740,1.052678633953E0);
#2742=CARTESIAN_POINT('',(-3.077548950591E0,1.236974900505E1,
-3.516807249887E0));
#2743=LINE('',#2742,#2741);
#2744=DIRECTION('',(7.071067811865E-1,0.E0,7.071067811866E-1));
#2745=VECTOR('',#2744,7.549834435269E-1);
#2746=CARTESIAN_POINT('',(-3.006876449962E0,1.247113248654E1,
-3.376977462640E0));
#2747=LINE('',#2746,#2745);
#2748=DIRECTION('',(7.071067811865E-1,-1.012478138402E-14,-7.071067811865E-1));
#2749=VECTOR('',#2748,1.052678633953E0);
#2750=CARTESIAN_POINT('',(-1.166807249887E0,1.236974900505E1,
-2.772451049409E0));
#2751=LINE('',#2750,#2749);
#2752=DIRECTION('',(7.071067811866E-1,0.E0,-7.071067811865E-1));
#2753=VECTOR('',#2752,7.549834435269E-1);
#2754=CARTESIAN_POINT('',(-1.026977462640E0,1.247113248654E1,
-2.843123550038E0));
#2755=LINE('',#2754,#2753);
#2756=DIRECTION('',(-7.071067811865E-1,1.012478138402E-14,7.071067811865E-1));
#2757=VECTOR('',#2756,1.052678633953E0);
#2758=CARTESIAN_POINT('',(-2.333192750113E0,1.236974900505E1,
-5.427548950591E0));
#2759=LINE('',#2758,#2757);
#2760=DIRECTION('',(-7.071067811865E-1,0.E0,7.071067811866E-1));
#2761=VECTOR('',#2760,7.549834435269E-1);
#2762=CARTESIAN_POINT('',(-2.473022537360E0,1.247113248654E1,
-5.356876449962E0));
#2763=LINE('',#2762,#2761);
#2764=DIRECTION('',(-7.071067811865E-1,-2.024956276804E-14,-7.071067811866E-1));
#2765=VECTOR('',#2764,1.052678633953E0);
#2766=CARTESIAN_POINT('',(-4.224510494089E-1,1.236974900505E1,
-4.683192750113E0));
#2767=LINE('',#2766,#2765);
#2768=DIRECTION('',(-7.071067811865E-1,0.E0,-7.071067811866E-1));
#2769=VECTOR('',#2768,7.549834435269E-1);
#2770=CARTESIAN_POINT('',(-4.931235500381E-1,1.247113248654E1,
-4.823022537360E0));
#2771=LINE('',#2770,#2769);
#2772=CARTESIAN_POINT('',(1.166807249887E0,1.236974900505E1,-5.427548950591E0));
#2773=CARTESIAN_POINT('',(1.167340585440E0,1.237116387647E1,-5.427783245099E0));
#2774=CARTESIAN_POINT('',(1.168244289668E0,1.237398016545E1,-5.428179496825E0));
#2775=CARTESIAN_POINT('',(1.169133063076E0,1.237815510734E1,-5.428568313202E0));
#2776=CARTESIAN_POINT('',(1.169577065199E0,1.238226728652E1,-5.428762291009E0));
#2777=CARTESIAN_POINT('',(1.169600399997E0,1.238634377291E1,-5.428772481031E0));
#2778=CARTESIAN_POINT('',(1.169200745006E0,1.239046889330E1,-5.428597893785E0));
#2779=CARTESIAN_POINT('',(1.168359287179E0,1.239463714947E1,-5.428229845404E0));
#2780=CARTESIAN_POINT('',(1.167059705558E0,1.239883860800E1,-5.427660169702E0));
#2781=CARTESIAN_POINT('',(1.165279779114E0,1.240308444784E1,-5.426877506778E0));
#2782=CARTESIAN_POINT('',(1.162911736025E0,1.240750858152E1,-5.425831908958E0));
#2783=CARTESIAN_POINT('',(1.159843697033E0,1.241213913172E1,-5.424469792820E0));
#2784=CARTESIAN_POINT('',(1.155982425531E0,1.241695320372E1,-5.422743548541E0));
#2785=CARTESIAN_POINT('',(1.151196855820E0,1.242195204581E1,-5.420585430620E0));
#2786=CARTESIAN_POINT('',(1.145471059560E0,1.242701361020E1,-5.417975727816E0));
#2787=CARTESIAN_POINT('',(1.138872120275E0,1.243200731035E1,-5.414930739018E0));
#2788=CARTESIAN_POINT('',(1.131319017990E0,1.243694171546E1,-5.411396285033E0));
#2789=CARTESIAN_POINT('',(1.122738734844E0,1.244179939739E1,-5.407316815291E0));
#2790=CARTESIAN_POINT('',(1.113066155603E0,1.244655344634E1,-5.402635245446E0));
#2791=CARTESIAN_POINT('',(1.102249103951E0,1.245116496282E1,-5.397294233093E0));
#2792=CARTESIAN_POINT('',(1.090340886703E0,1.245556338489E1,-5.391284450613E0));
#2793=CARTESIAN_POINT('',(1.077123707051E0,1.245977930842E1,-5.384453236077E0));
#2794=CARTESIAN_POINT('',(1.062352798483E0,1.246381320604E1,-5.376614887253E0));
#2795=CARTESIAN_POINT('',(1.045838033705E0,1.246762974309E1,-5.367591952112E0));
#2796=CARTESIAN_POINT('',(1.033473358653E0,1.247000608489E1,-5.360613236675E0));
#2797=CARTESIAN_POINT('',(1.026977462640E0,1.247113248654E1,-5.356876449962E0));
#2799=CARTESIAN_POINT('',(1.026977462640E0,1.247113248654E1,-5.356876449962E0));
#2800=CARTESIAN_POINT('',(9.704940751228E-1,1.248092682146E1,
-5.324384185378E0));
#2801=CARTESIAN_POINT('',(8.639258609397E-1,1.249529108825E1,
-5.253001095361E0));
#2802=CARTESIAN_POINT('',(7.218115595246E-1,1.250235445587E1,
-5.128188440475E0));
#2803=CARTESIAN_POINT('',(5.969989046390E-1,1.249529108825E1,
-4.986074139060E0));
#2804=CARTESIAN_POINT('',(5.256158146217E-1,1.248092682146E1,
-4.879505924877E0));
#2805=CARTESIAN_POINT('',(4.931235500381E-1,1.247113248654E1,
-4.823022537360E0));
#2807=CARTESIAN_POINT('',(4.931235500381E-1,1.247113248654E1,
-4.823022537360E0));
#2808=CARTESIAN_POINT('',(4.896968440536E-1,1.247009955435E1,
-4.817065674565E0));
#2809=CARTESIAN_POINT('',(4.832120994986E-1,1.246791607245E1,
-4.805596815235E0));
#2810=CARTESIAN_POINT('',(4.745594517393E-1,1.246434400324E1,
-4.789818571513E0));
#2811=CARTESIAN_POINT('',(4.668288791095E-1,1.246048653773E1,
-4.775317596898E0));
#2812=CARTESIAN_POINT('',(4.599233915758E-1,1.245636304446E1,
-4.762019910158E0));
#2813=CARTESIAN_POINT('',(4.537504289632E-1,1.245198595800E1,
-4.749841242711E0));
#2814=CARTESIAN_POINT('',(4.482279210098E-1,1.244735555296E1,
-4.738698602837E0));
#2815=CARTESIAN_POINT('',(4.433403415693E-1,1.244252136875E1,
-4.728631665137E0));
#2816=CARTESIAN_POINT('',(4.390473882244E-1,1.243751847992E1,
-4.719622820844E0));
#2817=CARTESIAN_POINT('',(4.353382695327E-1,1.243241951781E1,
-4.711707674458E0));
#2818=CARTESIAN_POINT('',(4.322123303064E-1,1.242734733535E1,
-4.704939010680E0));
#2819=CARTESIAN_POINT('',(4.296057252358E-1,1.242234760423E1,
-4.699224353942E0));
#2820=CARTESIAN_POINT('',(4.274651207575E-1,1.241747064390E1,
-4.694481964228E0));
#2821=CARTESIAN_POINT('',(4.257323605982E-1,1.241274690513E1,
-4.690609867598E0));
#2822=CARTESIAN_POINT('',(4.243421506589E-1,1.240815753651E1,
-4.687481380117E0));
#2823=CARTESIAN_POINT('',(4.232379841252E-1,1.240363733849E1,
-4.684982426341E0));
#2824=CARTESIAN_POINT('',(4.224049793818E-1,1.239925264966E1,
-4.683088743431E0));
#2825=CARTESIAN_POINT('',(4.218049795276E-1,1.239495480256E1,
-4.681720270732E0));
#2826=CARTESIAN_POINT('',(4.214178795535E-1,1.239071862849E1,
-4.680835349920E0));
#2827=CARTESIAN_POINT('',(4.212312434659E-1,1.238654765057E1,
-4.680408129332E0));
#2828=CARTESIAN_POINT('',(4.212331534774E-1,1.238243843364E1,
-4.680412503099E0));
#2829=CARTESIAN_POINT('',(4.214216343371E-1,1.237829131670E1,
-4.680843939589E0));
#2830=CARTESIAN_POINT('',(4.218094895565E-1,1.237406590427E1,
-4.681730569408E0));
#2831=CARTESIAN_POINT('',(4.222116303190E-1,1.237119482310E1,
-4.682647749234E0));
#2832=CARTESIAN_POINT('',(4.224510494089E-1,1.236974900505E1,
-4.683192750113E0));
#2834=CARTESIAN_POINT('',(4.224510494089E-1,1.236974900505E1,
-4.683192750113E0));
#2835=CARTESIAN_POINT('',(4.413836249745E-1,1.225541785666E1,
-4.726289857921E0));
#2836=CARTESIAN_POINT('',(4.827147689079E-1,1.205955329280E1,
-4.809018080733E0));
#2837=CARTESIAN_POINT('',(5.541585984169E-1,1.185515187475E1,
-4.923663301344E0));
#2838=CARTESIAN_POINT('',(6.344594261494E-1,1.173456178548E1,
-5.029451523731E0));
#2839=CARTESIAN_POINT('',(7.232907753147E-1,1.169469366525E1,
-5.126709224685E0));
#2840=CARTESIAN_POINT('',(8.205484762689E-1,1.173456178548E1,
-5.215540573851E0));
#2841=CARTESIAN_POINT('',(9.263366986560E-1,1.185515187475E1,
-5.295841401583E0));
#2842=CARTESIAN_POINT('',(1.040981919267E0,1.205955329280E1,-5.367285231092E0));
#2843=CARTESIAN_POINT('',(1.123710142080E0,1.225541785666E1,-5.408616375025E0));
#2844=CARTESIAN_POINT('',(1.166807249887E0,1.236974900505E1,-5.427548950591E0));
#2846=CARTESIAN_POINT('',(3.077548950591E0,1.236974900505E1,-4.683192750113E0));
#2847=CARTESIAN_POINT('',(3.077788621592E0,1.237119634436E1,-4.682647175796E0));
#2848=CARTESIAN_POINT('',(3.078191101783E0,1.237407041048E1,-4.681729219712E0));
#2849=CARTESIAN_POINT('',(3.078579024491E0,1.237830001356E1,-4.680842432457E0));
#2850=CARTESIAN_POINT('',(3.078767198503E0,1.238245116673E1,-4.680411697093E0));
#2851=CARTESIAN_POINT('',(3.078768446629E0,1.238656456942E1,-4.680408839043E0));
#2852=CARTESIAN_POINT('',(3.078580731189E0,1.239074010714E1,-4.680838528971E0));
#2853=CARTESIAN_POINT('',(3.078192060053E0,1.239498107368E1,-4.681727032968E0));
#2854=CARTESIAN_POINT('',(3.077589994113E0,1.239928372590E1,-4.683100193999E0));
#2855=CARTESIAN_POINT('',(3.076754115565E0,1.240367413827E1,-4.685000354423E0));
#2856=CARTESIAN_POINT('',(3.075647156570E0,1.240819665892E1,-4.687505517796E0));
#2857=CARTESIAN_POINT('',(3.074254718962E0,1.241278555393E1,-4.690638850156E0));
#2858=CARTESIAN_POINT('',(3.072518853989E0,1.241751056508E1,-4.694517634919E0));
#2859=CARTESIAN_POINT('',(3.070374828425E0,1.242238820803E1,-4.699267227901E0));
#2860=CARTESIAN_POINT('',(3.067764749167E0,1.242738769916E1,-4.704988966132E0));
#2861=CARTESIAN_POINT('',(3.064635311881E0,1.243245894841E1,-4.711764486920E0));
#2862=CARTESIAN_POINT('',(3.060921557618E0,1.243755784752E1,-4.719688575917E0));
#2863=CARTESIAN_POINT('',(3.056621728323E0,1.244256234517E1,-4.728710611996E0));
#2864=CARTESIAN_POINT('',(3.051722791034E0,1.244740075473E1,-4.738799210519E0));
#2865=CARTESIAN_POINT('',(3.046189730124E0,1.245203212028E1,-4.749960690090E0));
#2866=CARTESIAN_POINT('',(3.040013969550E0,1.245640349392E1,-4.762141914719E0));
#2867=CARTESIAN_POINT('',(3.033114449899E0,1.246051697389E1,-4.775425084225E0));
#2868=CARTESIAN_POINT('',(3.025397271109E0,1.246436305435E1,-4.789898272769E0));
#2869=CARTESIAN_POINT('',(3.016764142629E0,1.246792434260E1,-4.805639065811E0));
#2870=CARTESIAN_POINT('',(3.010294700799E0,1.247010210303E1,-4.817080372690E0));
#2871=CARTESIAN_POINT('',(3.006876449962E0,1.247113248654E1,-4.823022537360E0));
#2873=CARTESIAN_POINT('',(3.006876449962E0,1.247113248654E1,-4.823022537360E0));
#2874=CARTESIAN_POINT('',(2.974384185378E0,1.248092682146E1,-4.879505924877E0));
#2875=CARTESIAN_POINT('',(2.903001095361E0,1.249529108825E1,-4.986074139060E0));
#2876=CARTESIAN_POINT('',(2.778188440475E0,1.250235445587E1,-5.128188440475E0));
#2877=CARTESIAN_POINT('',(2.636074139060E0,1.249529108825E1,-5.253001095361E0));
#2878=CARTESIAN_POINT('',(2.529505924877E0,1.248092682146E1,-5.324384185378E0));
#2879=CARTESIAN_POINT('',(2.473022537360E0,1.247113248654E1,-5.356876449962E0));
#2881=CARTESIAN_POINT('',(2.473022537360E0,1.247113248654E1,-5.356876449962E0));
#2882=CARTESIAN_POINT('',(2.466527526080E0,1.247000623830E1,-5.360612727729E0));
#2883=CARTESIAN_POINT('',(2.454164517035E0,1.246763024794E1,-5.367590520910E0));
#2884=CARTESIAN_POINT('',(2.437652001770E0,1.246381437888E1,-5.376612291050E0));
#2885=CARTESIAN_POINT('',(2.422882853299E0,1.245978121561E1,-5.384449792934E0));
#2886=CARTESIAN_POINT('',(2.409666749431E0,1.245556598418E1,-5.391280546991E0));
#2887=CARTESIAN_POINT('',(2.397758821816E0,1.245116809732E1,-5.397290276376E0));
#2888=CARTESIAN_POINT('',(2.386941219340E0,1.244655682585E1,-5.402631642407E0));
#2889=CARTESIAN_POINT('',(2.377267529184E0,1.244180271580E1,-5.407313813453E0));
#2890=CARTESIAN_POINT('',(2.368685908023E0,1.243694473287E1,-5.411393964509E0));
#2891=CARTESIAN_POINT('',(2.361131509059E0,1.243200988548E1,-5.414929054801E0));
#2892=CARTESIAN_POINT('',(2.354531590225E0,1.242701579179E1,-5.417974513848E0));
#2893=CARTESIAN_POINT('',(2.348805198753E0,1.242195402588E1,-5.420584499776E0));
#2894=CARTESIAN_POINT('',(2.344019180809E0,1.241695504133E1,-5.422742827705E0));
#2895=CARTESIAN_POINT('',(2.340157521114E0,1.241214080893E1,-5.424469250424E0));
#2896=CARTESIAN_POINT('',(2.337089127346E0,1.240751004099E1,-5.425831526915E0));
#2897=CARTESIAN_POINT('',(2.334720795001E0,1.240308567069E1,-5.426877253933E0));
#2898=CARTESIAN_POINT('',(2.332940654801E0,1.239883961675E1,-5.427660011558E0));
#2899=CARTESIAN_POINT('',(2.331640922305E0,1.239463799172E1,-5.428229753710E0));
#2900=CARTESIAN_POINT('',(2.330799352657E0,1.239046958211E1,-5.428597851108E0));
#2901=CARTESIAN_POINT('',(2.330399620414E0,1.238634432087E1,-5.428772472119E0));
#2902=CARTESIAN_POINT('',(2.330422906644E0,1.238226770844E1,-5.428762303306E0));
#2903=CARTESIAN_POINT('',(2.330866884835E0,1.237815540416E1,-5.428568335973E0));
#2904=CARTESIAN_POINT('',(2.331755662335E0,1.237398032563E1,-5.428179517854E0));
#2905=CARTESIAN_POINT('',(2.332659393842E0,1.237116393143E1,-5.427783254200E0));
#2906=CARTESIAN_POINT('',(2.333192750113E0,1.236974900505E1,-5.427548950591E0));
#2908=CARTESIAN_POINT('',(2.333192750113E0,1.236974900505E1,-5.427548950591E0));
#2909=CARTESIAN_POINT('',(2.376289857920E0,1.225541785666E1,-5.408616375025E0));
#2910=CARTESIAN_POINT('',(2.459018080733E0,1.205955329280E1,-5.367285231092E0));
#2911=CARTESIAN_POINT('',(2.573663301344E0,1.185515187475E1,-5.295841401583E0));
#2912=CARTESIAN_POINT('',(2.679451523731E0,1.173456178548E1,-5.215540573851E0));
#2913=CARTESIAN_POINT('',(2.776709224685E0,1.169469366525E1,-5.126709224685E0));
#2914=CARTESIAN_POINT('',(2.865540573851E0,1.173456178548E1,-5.029451523731E0));
#2915=CARTESIAN_POINT('',(2.945841401583E0,1.185515187475E1,-4.923663301344E0));
#2916=CARTESIAN_POINT('',(3.017285231092E0,1.205955329280E1,-4.809018080733E0));
#2917=CARTESIAN_POINT('',(3.058616375025E0,1.225541785666E1,-4.726289857920E0));
#2918=CARTESIAN_POINT('',(3.077548950591E0,1.236974900505E1,-4.683192750113E0));
#2920=DIRECTION('',(0.E0,-1.E0,0.E0));
#2921=VECTOR('',#2920,1.85359E0);
#2922=CARTESIAN_POINT('',(3.E-1,1.26E1,-4.1E0));
#2923=LINE('',#2922,#2921);
#2924=DIRECTION('',(0.E0,1.E0,0.E0));
#2925=VECTOR('',#2924,1.85359E0);
#2926=CARTESIAN_POINT('',(3.2E0,1.074641E1,-4.1E0));
#2927=LINE('',#2926,#2925);
#2928=CARTESIAN_POINT('',(4.224510494089E-1,1.236974900505E1,
-3.516807249887E0));
#2929=CARTESIAN_POINT('',(4.222113784075E-1,1.237119634436E1,
-3.517352824204E0));
#2930=CARTESIAN_POINT('',(4.218088982175E-1,1.237407041048E1,
-3.518270780288E0));
#2931=CARTESIAN_POINT('',(4.214209755088E-1,1.237830001356E1,
-3.519157567543E0));
#2932=CARTESIAN_POINT('',(4.212328014969E-1,1.238245116673E1,
-3.519588302907E0));
#2933=CARTESIAN_POINT('',(4.212315533710E-1,1.238656456942E1,
-3.519591160957E0));
#2934=CARTESIAN_POINT('',(4.214192688114E-1,1.239074010714E1,
-3.519161471029E0));
#2935=CARTESIAN_POINT('',(4.218079399475E-1,1.239498107368E1,
-3.518272967032E0));
#2936=CARTESIAN_POINT('',(4.224100058870E-1,1.239928372590E1,
-3.516899806001E0));
#2937=CARTESIAN_POINT('',(4.232458844346E-1,1.240367413827E1,
-3.514999645577E0));
#2938=CARTESIAN_POINT('',(4.243528434298E-1,1.240819665892E1,
-3.512494482204E0));
#2939=CARTESIAN_POINT('',(4.257452810380E-1,1.241278555393E1,
-3.509361149844E0));
#2940=CARTESIAN_POINT('',(4.274811460109E-1,1.241751056508E1,
-3.505482365081E0));
#2941=CARTESIAN_POINT('',(4.296251715753E-1,1.242238820803E1,
-3.500732772099E0));
#2942=CARTESIAN_POINT('',(4.322352508330E-1,1.242738769916E1,
-3.495011033868E0));
#2943=CARTESIAN_POINT('',(4.353646881187E-1,1.243245894841E1,
-3.488235513080E0));
#2944=CARTESIAN_POINT('',(4.390784423822E-1,1.243755784752E1,
-3.480311424083E0));
#2945=CARTESIAN_POINT('',(4.433782716766E-1,1.244256234517E1,
-3.471289388004E0));
#2946=CARTESIAN_POINT('',(4.482772089663E-1,1.244740075473E1,
-3.461200789481E0));
#2947=CARTESIAN_POINT('',(4.538102698759E-1,1.245203212028E1,
-3.450039309910E0));
#2948=CARTESIAN_POINT('',(4.599860304500E-1,1.245640349392E1,
-3.437858085281E0));
#2949=CARTESIAN_POINT('',(4.668855501009E-1,1.246051697389E1,
-3.424574915775E0));
#2950=CARTESIAN_POINT('',(4.746027288915E-1,1.246436305435E1,
-3.410101727231E0));
#2951=CARTESIAN_POINT('',(4.832358573705E-1,1.246792434260E1,
-3.394360934189E0));
#2952=CARTESIAN_POINT('',(4.897052992007E-1,1.247010210303E1,
-3.382919627310E0));
#2953=CARTESIAN_POINT('',(4.931235500381E-1,1.247113248654E1,
-3.376977462640E0));
#2955=CARTESIAN_POINT('',(4.931235500381E-1,1.247113248654E1,
-3.376977462640E0));
#2956=CARTESIAN_POINT('',(5.256158146217E-1,1.248092682146E1,
-3.320494075123E0));
#2957=CARTESIAN_POINT('',(5.969989046390E-1,1.249529108825E1,
-3.213925860940E0));
#2958=CARTESIAN_POINT('',(7.218115595246E-1,1.250235445587E1,
-3.071811559525E0));
#2959=CARTESIAN_POINT('',(8.639258609397E-1,1.249529108825E1,
-2.946998904639E0));
#2960=CARTESIAN_POINT('',(9.704940751229E-1,1.248092682146E1,
-2.875615814622E0));
#2961=CARTESIAN_POINT('',(1.026977462640E0,1.247113248654E1,-2.843123550038E0));
#2963=CARTESIAN_POINT('',(1.026977462640E0,1.247113248654E1,-2.843123550038E0));
#2964=CARTESIAN_POINT('',(1.033472473920E0,1.247000623830E1,-2.839387272271E0));
#2965=CARTESIAN_POINT('',(1.045835482965E0,1.246763024794E1,-2.832409479090E0));
#2966=CARTESIAN_POINT('',(1.062347998230E0,1.246381437888E1,-2.823387708950E0));
#2967=CARTESIAN_POINT('',(1.077117146701E0,1.245978121561E1,-2.815550207066E0));
#2968=CARTESIAN_POINT('',(1.090333250569E0,1.245556598418E1,-2.808719453009E0));
#2969=CARTESIAN_POINT('',(1.102241178184E0,1.245116809732E1,-2.802709723624E0));
#2970=CARTESIAN_POINT('',(1.113058780660E0,1.244655682585E1,-2.797368357593E0));
#2971=CARTESIAN_POINT('',(1.122732470816E0,1.244180271580E1,-2.792686186547E0));
#2972=CARTESIAN_POINT('',(1.131314091977E0,1.243694473287E1,-2.788606035491E0));
#2973=CARTESIAN_POINT('',(1.138868490941E0,1.243200988548E1,-2.785070945199E0));
#2974=CARTESIAN_POINT('',(1.145468409775E0,1.242701579179E1,-2.782025486152E0));
#2975=CARTESIAN_POINT('',(1.151194801247E0,1.242195402588E1,-2.779415500224E0));
#2976=CARTESIAN_POINT('',(1.155980819191E0,1.241695504133E1,-2.777257172295E0));
#2977=CARTESIAN_POINT('',(1.159842478886E0,1.241214080893E1,-2.775530749576E0));
#2978=CARTESIAN_POINT('',(1.162910872654E0,1.240751004099E1,-2.774168473085E0));
#2979=CARTESIAN_POINT('',(1.165279204999E0,1.240308567069E1,-2.773122746067E0));
#2980=CARTESIAN_POINT('',(1.167059345199E0,1.239883961675E1,-2.772339988442E0));
#2981=CARTESIAN_POINT('',(1.168359077695E0,1.239463799172E1,-2.771770246290E0));
#2982=CARTESIAN_POINT('',(1.169200647343E0,1.239046958211E1,-2.771402148892E0));
#2983=CARTESIAN_POINT('',(1.169600379586E0,1.238634432087E1,-2.771227527881E0));
#2984=CARTESIAN_POINT('',(1.169577093356E0,1.238226770844E1,-2.771237696694E0));
#2985=CARTESIAN_POINT('',(1.169133115165E0,1.237815540416E1,-2.771431664027E0));
#2986=CARTESIAN_POINT('',(1.168244337665E0,1.237398032563E1,-2.771820482146E0));
#2987=CARTESIAN_POINT('',(1.167340606158E0,1.237116393143E1,-2.772216745800E0));
#2988=CARTESIAN_POINT('',(1.166807249887E0,1.236974900505E1,-2.772451049409E0));
#2990=CARTESIAN_POINT('',(1.166807249887E0,1.236974900505E1,-2.772451049409E0));
#2991=CARTESIAN_POINT('',(1.123710142080E0,1.225541785666E1,-2.791383624975E0));
#2992=CARTESIAN_POINT('',(1.040981919267E0,1.205955329280E1,-2.832714768908E0));
#2993=CARTESIAN_POINT('',(9.263366986560E-1,1.185515187475E1,
-2.904158598417E0));
#2994=CARTESIAN_POINT('',(8.205484762689E-1,1.173456178548E1,
-2.984459426149E0));
#2995=CARTESIAN_POINT('',(7.232907753147E-1,1.169469366525E1,
-3.073290775315E0));
#2996=CARTESIAN_POINT('',(6.344594261494E-1,1.173456178548E1,
-3.170548476269E0));
#2997=CARTESIAN_POINT('',(5.541585984169E-1,1.185515187475E1,
-3.276336698656E0));
#2998=CARTESIAN_POINT('',(4.827147689079E-1,1.205955329280E1,
-3.390981919267E0));
#2999=CARTESIAN_POINT('',(4.413836249745E-1,1.225541785666E1,
-3.473710142080E0));
#3000=CARTESIAN_POINT('',(4.224510494089E-1,1.236974900505E1,
-3.516807249887E0));
#3002=CARTESIAN_POINT('',(2.333192750113E0,1.236974900505E1,-2.772451049409E0));
#3003=CARTESIAN_POINT('',(2.332659414560E0,1.237116387647E1,-2.772216754901E0));
#3004=CARTESIAN_POINT('',(2.331755710332E0,1.237398016545E1,-2.771820503175E0));
#3005=CARTESIAN_POINT('',(2.330866936924E0,1.237815510734E1,-2.771431686798E0));
#3006=CARTESIAN_POINT('',(2.330422934801E0,1.238226728652E1,-2.771237708991E0));
#3007=CARTESIAN_POINT('',(2.330399600003E0,1.238634377291E1,-2.771227518969E0));
#3008=CARTESIAN_POINT('',(2.330799254994E0,1.239046889330E1,-2.771402106215E0));
#3009=CARTESIAN_POINT('',(2.331640712821E0,1.239463714947E1,-2.771770154596E0));
#3010=CARTESIAN_POINT('',(2.332940294442E0,1.239883860800E1,-2.772339830298E0));
#3011=CARTESIAN_POINT('',(2.334720220886E0,1.240308444784E1,-2.773122493222E0));
#3012=CARTESIAN_POINT('',(2.337088263975E0,1.240750858152E1,-2.774168091042E0));
#3013=CARTESIAN_POINT('',(2.340156302967E0,1.241213913172E1,-2.775530207180E0));
#3014=CARTESIAN_POINT('',(2.344017574469E0,1.241695320372E1,-2.777256451459E0));
#3015=CARTESIAN_POINT('',(2.348803144180E0,1.242195204581E1,-2.779414569380E0));
#3016=CARTESIAN_POINT('',(2.354528940440E0,1.242701361020E1,-2.782024272184E0));
#3017=CARTESIAN_POINT('',(2.361127879725E0,1.243200731035E1,-2.785069260982E0));
#3018=CARTESIAN_POINT('',(2.368680982010E0,1.243694171546E1,-2.788603714967E0));
#3019=CARTESIAN_POINT('',(2.377261265156E0,1.244179939739E1,-2.792683184709E0));
#3020=CARTESIAN_POINT('',(2.386933844397E0,1.244655344634E1,-2.797364754554E0));
#3021=CARTESIAN_POINT('',(2.397750896049E0,1.245116496282E1,-2.802705766907E0));
#3022=CARTESIAN_POINT('',(2.409659113297E0,1.245556338489E1,-2.808715549387E0));
#3023=CARTESIAN_POINT('',(2.422876292949E0,1.245977930842E1,-2.815546763923E0));
#3024=CARTESIAN_POINT('',(2.437647201517E0,1.246381320604E1,-2.823385112747E0));
#3025=CARTESIAN_POINT('',(2.454161966295E0,1.246762974309E1,-2.832408047888E0));
#3026=CARTESIAN_POINT('',(2.466526641347E0,1.247000608489E1,-2.839386763325E0));
#3027=CARTESIAN_POINT('',(2.473022537360E0,1.247113248654E1,-2.843123550038E0));
#3029=CARTESIAN_POINT('',(2.473022537360E0,1.247113248654E1,-2.843123550038E0));
#3030=CARTESIAN_POINT('',(2.529505924877E0,1.248092682146E1,-2.875615814622E0));
#3031=CARTESIAN_POINT('',(2.636074139060E0,1.249529108825E1,-2.946998904639E0));
#3032=CARTESIAN_POINT('',(2.778188440475E0,1.250235445587E1,-3.071811559525E0));
#3033=CARTESIAN_POINT('',(2.903001095361E0,1.249529108825E1,-3.213925860940E0));
#3034=CARTESIAN_POINT('',(2.974384185378E0,1.248092682146E1,-3.320494075123E0));
#3035=CARTESIAN_POINT('',(3.006876449962E0,1.247113248654E1,-3.376977462640E0));
#3037=CARTESIAN_POINT('',(3.006876449962E0,1.247113248654E1,-3.376977462640E0));
#3038=CARTESIAN_POINT('',(3.010303155946E0,1.247009955435E1,-3.382934325435E0));
#3039=CARTESIAN_POINT('',(3.016787900501E0,1.246791607245E1,-3.394403184765E0));
#3040=CARTESIAN_POINT('',(3.025440548261E0,1.246434400324E1,-3.410181428487E0));
#3041=CARTESIAN_POINT('',(3.033171120890E0,1.246048653773E1,-3.424682403102E0));
#3042=CARTESIAN_POINT('',(3.040076608424E0,1.245636304446E1,-3.437980089842E0));
#3043=CARTESIAN_POINT('',(3.046249571037E0,1.245198595800E1,-3.450158757289E0));
#3044=CARTESIAN_POINT('',(3.051772078990E0,1.244735555296E1,-3.461301397163E0));
#3045=CARTESIAN_POINT('',(3.056659658431E0,1.244252136875E1,-3.471368334863E0));
#3046=CARTESIAN_POINT('',(3.060952611776E0,1.243751847992E1,-3.480377179156E0));
#3047=CARTESIAN_POINT('',(3.064661730467E0,1.243241951781E1,-3.488292325542E0));
#3048=CARTESIAN_POINT('',(3.067787669694E0,1.242734733535E1,-3.495060989320E0));
#3049=CARTESIAN_POINT('',(3.070394274764E0,1.242234760423E1,-3.500775646058E0));
#3050=CARTESIAN_POINT('',(3.072534879243E0,1.241747064390E1,-3.505518035772E0));
#3051=CARTESIAN_POINT('',(3.074267639402E0,1.241274690513E1,-3.509390132402E0));
#3052=CARTESIAN_POINT('',(3.075657849341E0,1.240815753651E1,-3.512518619883E0));
#3053=CARTESIAN_POINT('',(3.076762015875E0,1.240363733849E1,-3.515017573659E0));
#3054=CARTESIAN_POINT('',(3.077595020618E0,1.239925264966E1,-3.516911256569E0));
#3055=CARTESIAN_POINT('',(3.078195020472E0,1.239495480256E1,-3.518279729268E0));
#3056=CARTESIAN_POINT('',(3.078582120446E0,1.239071862849E1,-3.519164650080E0));
#3057=CARTESIAN_POINT('',(3.078768756534E0,1.238654765057E1,-3.519591870668E0));
#3058=CARTESIAN_POINT('',(3.078766846523E0,1.238243843364E1,-3.519587496901E0));
#3059=CARTESIAN_POINT('',(3.078578365663E0,1.237829131670E1,-3.519156060411E0));
#3060=CARTESIAN_POINT('',(3.078190510444E0,1.237406590427E1,-3.518269430592E0));
#3061=CARTESIAN_POINT('',(3.077788369681E0,1.237119482310E1,-3.517352250766E0));
#3062=CARTESIAN_POINT('',(3.077548950591E0,1.236974900505E1,-3.516807249887E0));
#3064=CARTESIAN_POINT('',(3.077548950591E0,1.236974900505E1,-3.516807249887E0));
#3065=CARTESIAN_POINT('',(3.058616375025E0,1.225541785666E1,-3.473710142080E0));
#3066=CARTESIAN_POINT('',(3.017285231092E0,1.205955329280E1,-3.390981919267E0));
#3067=CARTESIAN_POINT('',(2.945841401583E0,1.185515187475E1,-3.276336698656E0));
#3068=CARTESIAN_POINT('',(2.865540573851E0,1.173456178548E1,-3.170548476269E0));
#3069=CARTESIAN_POINT('',(2.776709224685E0,1.169469366525E1,-3.073290775315E0));
#3070=CARTESIAN_POINT('',(2.679451523731E0,1.173456178548E1,-2.984459426149E0));
#3071=CARTESIAN_POINT('',(2.573663301344E0,1.185515187475E1,-2.904158598417E0));
#3072=CARTESIAN_POINT('',(2.459018080733E0,1.205955329280E1,-2.832714768908E0));
#3073=CARTESIAN_POINT('',(2.376289857920E0,1.225541785666E1,-2.791383624975E0));
#3074=CARTESIAN_POINT('',(2.333192750113E0,1.236974900505E1,-2.772451049409E0));
#3076=DIRECTION('',(0.E0,0.E0,1.E0));
#3077=VECTOR('',#3076,2.734958866235E0);
#3078=CARTESIAN_POINT('',(1.45E0,1.074641E1,-5.467479433118E0));
#3079=LINE('',#3078,#3077);
#3080=CARTESIAN_POINT('',(1.75E0,1.074641E1,-4.1E0));
#3081=DIRECTION('',(0.E0,1.E0,0.E0));
#3082=DIRECTION('',(1.E0,0.E0,0.E0));
#3083=AXIS2_PLACEMENT_3D('',#3080,#3081,#3082);
#3085=CARTESIAN_POINT('',(1.75E0,1.074641E1,-4.1E0));
#3086=DIRECTION('',(0.E0,1.E0,0.E0));
#3087=DIRECTION('',(-1.E0,0.E0,0.E0));
#3088=AXIS2_PLACEMENT_3D('',#3085,#3086,#3087);
#3090=DIRECTION('',(0.E0,0.E0,-1.E0));
#3091=VECTOR('',#3090,2.734958866235E0);
#3092=CARTESIAN_POINT('',(2.05E0,1.074641E1,-2.732520566882E0));
#3093=LINE('',#3092,#3091);
#3094=DIRECTION('',(0.E0,1.E0,0.E0));
#3095=VECTOR('',#3094,4.E-1);
#3096=CARTESIAN_POINT('',(1.45E0,1.074641E1,-2.732520566882E0));
#3097=LINE('',#3096,#3095);
#3098=CARTESIAN_POINT('',(1.75E0,1.074641E1,-4.1E0));
#3099=DIRECTION('',(0.E0,-1.E0,0.E0));
#3100=DIRECTION('',(-2.142857142857E-1,0.E0,9.767710236555E-1));
#3101=AXIS2_PLACEMENT_3D('',#3098,#3099,#3100);
#3103=DIRECTION('',(0.E0,1.E0,0.E0));
#3104=VECTOR('',#3103,4.E-1);
#3105=CARTESIAN_POINT('',(1.45E0,1.074641E1,-5.467479433118E0));
#3106=LINE('',#3105,#3104);
#3107=DIRECTION('',(0.E0,1.E0,0.E0));
#3108=VECTOR('',#3107,4.E-1);
#3109=CARTESIAN_POINT('',(2.05E0,1.074641E1,-5.467479433118E0));
#3110=LINE('',#3109,#3108);
#3111=CARTESIAN_POINT('',(1.75E0,1.074641E1,-4.1E0));
#3112=DIRECTION('',(0.E0,-1.E0,0.E0));
#3113=DIRECTION('',(2.142857142857E-1,0.E0,-9.767710236555E-1));
#3114=AXIS2_PLACEMENT_3D('',#3111,#3112,#3113);
#3116=DIRECTION('',(0.E0,1.E0,0.E0));
#3117=VECTOR('',#3116,4.E-1);
#3118=CARTESIAN_POINT('',(2.05E0,1.074641E1,-2.732520566882E0));
#3119=LINE('',#3118,#3117);
#3120=CARTESIAN_POINT('',(1.75E0,1.114641E1,-4.1E0));
#3121=DIRECTION('',(0.E0,-1.E0,0.E0));
#3122=DIRECTION('',(-2.142857142857E-1,0.E0,9.767710236555E-1));
#3123=AXIS2_PLACEMENT_3D('',#3120,#3121,#3122);
#3125=CARTESIAN_POINT('',(1.75E0,1.134641E1,-4.1E0));
#3126=DIRECTION('',(0.E0,1.E0,0.E0));
#3127=DIRECTION('',(-2.5E-1,0.E0,-9.682458365519E-1));
#3128=AXIS2_PLACEMENT_3D('',#3125,#3126,#3127);
#3130=CARTESIAN_POINT('',(1.45E0,1.114641E1,-5.467479433118E0));
#3131=CARTESIAN_POINT('',(1.45E0,1.115132919740E1,-5.467479433118E0));
#3132=CARTESIAN_POINT('',(1.45E0,1.116114013992E1,-5.467109291912E0));
#3133=CARTESIAN_POINT('',(1.45E0,1.117582367601E1,-5.465440795067E0));
#3134=CARTESIAN_POINT('',(1.45E0,1.119032589709E1,-5.462672497487E0));
#3135=CARTESIAN_POINT('',(1.45E0,1.120462321820E1,-5.458807554737E0));
#3136=CARTESIAN_POINT('',(1.45E0,1.121859707114E1,-5.453874584952E0));
#3137=CARTESIAN_POINT('',(1.45E0,1.123224353204E1,-5.447866347607E0));
#3138=CARTESIAN_POINT('',(1.45E0,1.124541499465E1,-5.440835652587E0));
#3139=CARTESIAN_POINT('',(1.45E0,1.125802563870E1,-5.432833386278E0));
#3140=CARTESIAN_POINT('',(1.45E0,1.127004838588E1,-5.423875463037E0));
#3141=CARTESIAN_POINT('',(1.45E0,1.128143326470E1,-5.413981964202E0));
#3142=CARTESIAN_POINT('',(1.45E0,1.129206549562E1,-5.403245199108E0));
#3143=CARTESIAN_POINT('',(1.45E0,1.130193022118E1,-5.391668564057E0));
#3144=CARTESIAN_POINT('',(1.45E0,1.131092433653E1,-5.379359977677E0));
#3145=CARTESIAN_POINT('',(1.45E0,1.131902896825E1,-5.366332090225E0));
#3146=CARTESIAN_POINT('',(1.45E0,1.132616235436E1,-5.352698644187E0));
#3147=CARTESIAN_POINT('',(1.45E0,1.133230072940E1,-5.338487127564E0));
#3148=CARTESIAN_POINT('',(1.45E0,1.133738013658E1,-5.323824953523E0));
#3149=CARTESIAN_POINT('',(1.45E0,1.134138475149E1,-5.308738994505E0));
#3150=CARTESIAN_POINT('',(1.45E0,1.134427852999E1,-5.293298668624E0));
#3151=CARTESIAN_POINT('',(1.45E0,1.134602331085E1,-5.277625885586E0));
#3152=CARTESIAN_POINT('',(1.45E0,1.134641E1,-5.267150252921E0));
#3153=CARTESIAN_POINT('',(1.45E0,1.134641E1,-5.261895003862E0));
#3155=CARTESIAN_POINT('',(1.45E0,1.134641E1,-2.938104996138E0));
#3156=CARTESIAN_POINT('',(1.45E0,1.134641E1,-2.932849906148E0));
#3157=CARTESIAN_POINT('',(1.45E0,1.134602333419E1,-2.922374588063E0));
#3158=CARTESIAN_POINT('',(1.45E0,1.134427865824E1,-2.906702271281E0));
#3159=CARTESIAN_POINT('',(1.45E0,1.134138505297E1,-2.891262390847E0));
#3160=CARTESIAN_POINT('',(1.45E0,1.133738067238E1,-2.876176840074E0));
#3161=CARTESIAN_POINT('',(1.45E0,1.133230156610E1,-2.861515057901E0));
#3162=CARTESIAN_POINT('',(1.45E0,1.132616354392E1,-2.847303877374E0));
#3163=CARTESIAN_POINT('',(1.45E0,1.131903056780E1,-2.833670731220E0));
#3164=CARTESIAN_POINT('',(1.45E0,1.131092638629E1,-2.820643079358E0));
#3165=CARTESIAN_POINT('',(1.45E0,1.130193277859E1,-2.808334693610E0));
#3166=CARTESIAN_POINT('',(1.45E0,1.129206858207E1,-2.796758176928E0));
#3167=CARTESIAN_POINT('',(1.45E0,1.128143691279E1,-2.786021467600E0));
#3168=CARTESIAN_POINT('',(1.45E0,1.127005251832E1,-2.776127873607E0));
#3169=CARTESIAN_POINT('',(1.45E0,1.125803070034E1,-2.767170161283E0));
#3170=CARTESIAN_POINT('',(1.45E0,1.124542111172E1,-2.759167817975E0));
#3171=CARTESIAN_POINT('',(1.45E0,1.123224409539E1,-2.752133770204E0));
#3172=CARTESIAN_POINT('',(1.45E0,1.121859549467E1,-2.746124776705E0));
#3173=CARTESIAN_POINT('',(1.45E0,1.120462138300E1,-2.741191879536E0));
#3174=CARTESIAN_POINT('',(1.45E0,1.119032454091E1,-2.737327206180E0));
#3175=CARTESIAN_POINT('',(1.45E0,1.117582280831E1,-2.734559084432E0));
#3176=CARTESIAN_POINT('',(1.45E0,1.116113970533E1,-2.732890686298E0));
#3177=CARTESIAN_POINT('',(1.45E0,1.115132905428E1,-2.732520566882E0));
#3178=CARTESIAN_POINT('',(1.45E0,1.114641E1,-2.732520566882E0));
#3180=DIRECTION('',(0.E0,0.E0,1.E0));
#3181=VECTOR('',#3180,2.323790007724E0);
#3182=CARTESIAN_POINT('',(1.45E0,1.134641E1,-5.261895003862E0));
#3183=LINE('',#3182,#3181);
#3184=DIRECTION('',(0.E0,0.E0,-1.E0));
#3185=VECTOR('',#3184,2.323790007724E0);
#3186=CARTESIAN_POINT('',(2.05E0,1.134641E1,-2.938104996138E0));
#3187=LINE('',#3186,#3185);
#3188=CARTESIAN_POINT('',(1.75E0,1.114641E1,-4.1E0));
#3189=DIRECTION('',(0.E0,-1.E0,0.E0));
#3190=DIRECTION('',(2.142857142857E-1,0.E0,-9.767710236555E-1));
#3191=AXIS2_PLACEMENT_3D('',#3188,#3189,#3190);
#3193=CARTESIAN_POINT('',(1.75E0,1.134641E1,-4.1E0));
#3194=DIRECTION('',(0.E0,1.E0,0.E0));
#3195=DIRECTION('',(2.5E-1,0.E0,9.682458365519E-1));
#3196=AXIS2_PLACEMENT_3D('',#3193,#3194,#3195);
#3198=CARTESIAN_POINT('',(2.05E0,1.114641E1,-2.732520566882E0));
#3199=CARTESIAN_POINT('',(2.05E0,1.115132919734E1,-2.732520566882E0));
#3200=CARTESIAN_POINT('',(2.05E0,1.116114013976E1,-2.732890708080E0));
#3201=CARTESIAN_POINT('',(2.05E0,1.117582367568E1,-2.734559204887E0));
#3202=CARTESIAN_POINT('',(2.05E0,1.119032589657E1,-2.737327502400E0));
#3203=CARTESIAN_POINT('',(2.05E0,1.120462321750E1,-2.741192445045E0));
#3204=CARTESIAN_POINT('',(2.05E0,1.121859707055E1,-2.746125414810E0));
#3205=CARTESIAN_POINT('',(2.05E0,1.123224353230E1,-2.752133652454E0));
#3206=CARTESIAN_POINT('',(2.05E0,1.124541499720E1,-2.759164348865E0));
#3207=CARTESIAN_POINT('',(2.05E0,1.125802564058E1,-2.767166615047E0));
#3208=CARTESIAN_POINT('',(2.05E0,1.127004838747E1,-2.776124538243E0));
#3209=CARTESIAN_POINT('',(2.05E0,1.128143326609E1,-2.786018037105E0));
#3210=CARTESIAN_POINT('',(2.05E0,1.129206549680E1,-2.796754802181E0));
#3211=CARTESIAN_POINT('',(2.05E0,1.130193022215E1,-2.808331437186E0));
#3212=CARTESIAN_POINT('',(2.05E0,1.131092433731E1,-2.820640023490E0));
#3213=CARTESIAN_POINT('',(2.05E0,1.131902896886E1,-2.833667910852E0));
#3214=CARTESIAN_POINT('',(2.05E0,1.132616235481E1,-2.847301356775E0));
#3215=CARTESIAN_POINT('',(2.05E0,1.133230072972E1,-2.861512873270E0));
#3216=CARTESIAN_POINT('',(2.05E0,1.133738013679E1,-2.876175047161E0));
#3217=CARTESIAN_POINT('',(2.05E0,1.134138475161E1,-2.891261006024E0));
#3218=CARTESIAN_POINT('',(2.05E0,1.134427853004E1,-2.906701331735E0));
#3219=CARTESIAN_POINT('',(2.05E0,1.134602331086E1,-2.922374114595E0));
#3220=CARTESIAN_POINT('',(2.05E0,1.134641E1,-2.932849747139E0));
#3221=CARTESIAN_POINT('',(2.05E0,1.134641E1,-2.938104996138E0));
#3223=CARTESIAN_POINT('',(2.05E0,1.134641E1,-5.261895003862E0));
#3224=CARTESIAN_POINT('',(2.05E0,1.134641E1,-5.267150093918E0));
#3225=CARTESIAN_POINT('',(2.05E0,1.134602333418E1,-5.277625412134E0));
#3226=CARTESIAN_POINT('',(2.05E0,1.134427865818E1,-5.293297729109E0));
#3227=CARTESIAN_POINT('',(2.05E0,1.134138505284E1,-5.308737609728E0));
#3228=CARTESIAN_POINT('',(2.05E0,1.133738067216E1,-5.323823160672E0));
#3229=CARTESIAN_POINT('',(2.05E0,1.133230156576E1,-5.338484943007E0));
#3230=CARTESIAN_POINT('',(2.05E0,1.132616354343E1,-5.352696123674E0));
#3231=CARTESIAN_POINT('',(2.05E0,1.131903056713E1,-5.366329269953E0));
#3232=CARTESIAN_POINT('',(2.05E0,1.131092638543E1,-5.379356921913E0));
#3233=CARTESIAN_POINT('',(2.05E0,1.130193277753E1,-5.391665307744E0));
#3234=CARTESIAN_POINT('',(2.05E0,1.129206858078E1,-5.403241824475E0));
#3235=CARTESIAN_POINT('',(2.05E0,1.128143691127E1,-5.413978533829E0));
#3236=CARTESIAN_POINT('',(2.05E0,1.127005251662E1,-5.423872127773E0));
#3237=CARTESIAN_POINT('',(2.05E0,1.125803069818E1,-5.432829840221E0));
#3238=CARTESIAN_POINT('',(2.05E0,1.124542110939E1,-5.440832183340E0));
#3239=CARTESIAN_POINT('',(2.05E0,1.123224409520E1,-5.447866229828E0));
#3240=CARTESIAN_POINT('',(2.05E0,1.121859549534E1,-5.453875223024E0));
#3241=CARTESIAN_POINT('',(2.05E0,1.120462138376E1,-5.458808120231E0));
#3242=CARTESIAN_POINT('',(2.05E0,1.119032454147E1,-5.462672793696E0));
#3243=CARTESIAN_POINT('',(2.05E0,1.117582280867E1,-5.465440915518E0));
#3244=CARTESIAN_POINT('',(2.05E0,1.116113970551E1,-5.467109313693E0));
#3245=CARTESIAN_POINT('',(2.05E0,1.115132905434E1,-5.467479433118E0));
#3246=CARTESIAN_POINT('',(2.05E0,1.114641E1,-5.467479433118E0));
#3248=DIRECTION('',(7.071067811865E-1,-1.012478138402E-14,7.071067811865E-1));
#3249=VECTOR('',#3248,1.052678633953E0);
#3250=CARTESIAN_POINT('',(4.224510494089E-1,1.236974900505E1,
-3.516807249887E0));
#3251=LINE('',#3250,#3249);
#3252=DIRECTION('',(7.071067811865E-1,0.E0,7.071067811866E-1));
#3253=VECTOR('',#3252,7.549834435269E-1);
#3254=CARTESIAN_POINT('',(4.931235500381E-1,1.247113248654E1,
-3.376977462640E0));
#3255=LINE('',#3254,#3253);
#3256=DIRECTION('',(7.071067811865E-1,0.E0,-7.071067811865E-1));
#3257=VECTOR('',#3256,1.052678633953E0);
#3258=CARTESIAN_POINT('',(2.333192750113E0,1.236974900505E1,-2.772451049409E0));
#3259=LINE('',#3258,#3257);
#3260=DIRECTION('',(7.071067811865E-1,0.E0,-7.071067811865E-1));
#3261=VECTOR('',#3260,7.549834435270E-1);
#3262=CARTESIAN_POINT('',(2.473022537360E0,1.247113248654E1,-2.843123550038E0));
#3263=LINE('',#3262,#3261);
#3264=DIRECTION('',(-7.071067811865E-1,-1.518717207603E-14,7.071067811865E-1));
#3265=VECTOR('',#3264,1.052678633953E0);
#3266=CARTESIAN_POINT('',(1.166807249887E0,1.236974900505E1,-5.427548950591E0));
#3267=LINE('',#3266,#3265);
#3268=DIRECTION('',(-7.071067811865E-1,0.E0,7.071067811866E-1));
#3269=VECTOR('',#3268,7.549834435269E-1);
#3270=CARTESIAN_POINT('',(1.026977462640E0,1.247113248654E1,-5.356876449962E0));
#3271=LINE('',#3270,#3269);
#3272=DIRECTION('',(-7.071067811865E-1,0.E0,-7.071067811865E-1));
#3273=VECTOR('',#3272,1.052678633953E0);
#3274=CARTESIAN_POINT('',(3.077548950591E0,1.236974900505E1,-4.683192750113E0));
#3275=LINE('',#3274,#3273);
#3276=DIRECTION('',(-7.071067811865E-1,0.E0,-7.071067811865E-1));
#3277=VECTOR('',#3276,7.549834435269E-1);
#3278=CARTESIAN_POINT('',(3.006876449962E0,1.247113248654E1,-4.823022537360E0));
#3279=LINE('',#3278,#3277);
#3280=CARTESIAN_POINT('',(4.666807249887E0,1.236974900505E1,-5.427548950591E0));
#3281=CARTESIAN_POINT('',(4.667340585440E0,1.237116387647E1,-5.427783245099E0));
#3282=CARTESIAN_POINT('',(4.668244289668E0,1.237398016545E1,-5.428179496825E0));
#3283=CARTESIAN_POINT('',(4.669133063076E0,1.237815510734E1,-5.428568313202E0));
#3284=CARTESIAN_POINT('',(4.669577065199E0,1.238226728652E1,-5.428762291009E0));
#3285=CARTESIAN_POINT('',(4.669600399997E0,1.238634377291E1,-5.428772481031E0));
#3286=CARTESIAN_POINT('',(4.669200745006E0,1.239046889330E1,-5.428597893785E0));
#3287=CARTESIAN_POINT('',(4.668359287179E0,1.239463714947E1,-5.428229845404E0));
#3288=CARTESIAN_POINT('',(4.667059705558E0,1.239883860800E1,-5.427660169702E0));
#3289=CARTESIAN_POINT('',(4.665279779114E0,1.240308444784E1,-5.426877506778E0));
#3290=CARTESIAN_POINT('',(4.662911736025E0,1.240750858152E1,-5.425831908958E0));
#3291=CARTESIAN_POINT('',(4.659843697033E0,1.241213913172E1,-5.424469792820E0));
#3292=CARTESIAN_POINT('',(4.655982425531E0,1.241695320372E1,-5.422743548541E0));
#3293=CARTESIAN_POINT('',(4.651196855820E0,1.242195204581E1,-5.420585430620E0));
#3294=CARTESIAN_POINT('',(4.645471059560E0,1.242701361020E1,-5.417975727816E0));
#3295=CARTESIAN_POINT('',(4.638872120275E0,1.243200731035E1,-5.414930739018E0));
#3296=CARTESIAN_POINT('',(4.631319017990E0,1.243694171546E1,-5.411396285033E0));
#3297=CARTESIAN_POINT('',(4.622738734844E0,1.244179939739E1,-5.407316815291E0));
#3298=CARTESIAN_POINT('',(4.613066155603E0,1.244655344634E1,-5.402635245446E0));
#3299=CARTESIAN_POINT('',(4.602249103951E0,1.245116496282E1,-5.397294233093E0));
#3300=CARTESIAN_POINT('',(4.590340886703E0,1.245556338489E1,-5.391284450613E0));
#3301=CARTESIAN_POINT('',(4.577123707051E0,1.245977930842E1,-5.384453236077E0));
#3302=CARTESIAN_POINT('',(4.562352798483E0,1.246381320604E1,-5.376614887253E0));
#3303=CARTESIAN_POINT('',(4.545838033705E0,1.246762974309E1,-5.367591952112E0));
#3304=CARTESIAN_POINT('',(4.533473358653E0,1.247000608489E1,-5.360613236675E0));
#3305=CARTESIAN_POINT('',(4.526977462640E0,1.247113248654E1,-5.356876449962E0));
#3307=CARTESIAN_POINT('',(4.526977462640E0,1.247113248654E1,-5.356876449962E0));
#3308=CARTESIAN_POINT('',(4.470494075123E0,1.248092682146E1,-5.324384185378E0));
#3309=CARTESIAN_POINT('',(4.363925860940E0,1.249529108825E1,-5.253001095361E0));
#3310=CARTESIAN_POINT('',(4.221811559525E0,1.250235445587E1,-5.128188440475E0));
#3311=CARTESIAN_POINT('',(4.096998904639E0,1.249529108825E1,-4.986074139060E0));
#3312=CARTESIAN_POINT('',(4.025615814622E0,1.248092682146E1,-4.879505924877E0));
#3313=CARTESIAN_POINT('',(3.993123550038E0,1.247113248654E1,-4.823022537360E0));
#3315=CARTESIAN_POINT('',(3.993123550038E0,1.247113248654E1,-4.823022537360E0));
#3316=CARTESIAN_POINT('',(3.989696844054E0,1.247009955435E1,-4.817065674565E0));
#3317=CARTESIAN_POINT('',(3.983212099499E0,1.246791607245E1,-4.805596815235E0));
#3318=CARTESIAN_POINT('',(3.974559451739E0,1.246434400324E1,-4.789818571513E0));
#3319=CARTESIAN_POINT('',(3.966828879110E0,1.246048653773E1,-4.775317596898E0));
#3320=CARTESIAN_POINT('',(3.959923391576E0,1.245636304446E1,-4.762019910158E0));
#3321=CARTESIAN_POINT('',(3.953750428963E0,1.245198595800E1,-4.749841242711E0));
#3322=CARTESIAN_POINT('',(3.948227921010E0,1.244735555296E1,-4.738698602837E0));
#3323=CARTESIAN_POINT('',(3.943340341569E0,1.244252136875E1,-4.728631665137E0));
#3324=CARTESIAN_POINT('',(3.939047388224E0,1.243751847992E1,-4.719622820844E0));
#3325=CARTESIAN_POINT('',(3.935338269533E0,1.243241951781E1,-4.711707674458E0));
#3326=CARTESIAN_POINT('',(3.932212330306E0,1.242734733535E1,-4.704939010680E0));
#3327=CARTESIAN_POINT('',(3.929605725236E0,1.242234760423E1,-4.699224353942E0));
#3328=CARTESIAN_POINT('',(3.927465120757E0,1.241747064390E1,-4.694481964228E0));
#3329=CARTESIAN_POINT('',(3.925732360598E0,1.241274690513E1,-4.690609867598E0));
#3330=CARTESIAN_POINT('',(3.924342150659E0,1.240815753651E1,-4.687481380117E0));
#3331=CARTESIAN_POINT('',(3.923237984125E0,1.240363733849E1,-4.684982426341E0));
#3332=CARTESIAN_POINT('',(3.922404979382E0,1.239925264966E1,-4.683088743431E0));
#3333=CARTESIAN_POINT('',(3.921804979528E0,1.239495480256E1,-4.681720270732E0));
#3334=CARTESIAN_POINT('',(3.921417879554E0,1.239071862849E1,-4.680835349920E0));
#3335=CARTESIAN_POINT('',(3.921231243466E0,1.238654765057E1,-4.680408129332E0));
#3336=CARTESIAN_POINT('',(3.921233153477E0,1.238243843364E1,-4.680412503099E0));
#3337=CARTESIAN_POINT('',(3.921421634337E0,1.237829131670E1,-4.680843939589E0));
#3338=CARTESIAN_POINT('',(3.921809489556E0,1.237406590427E1,-4.681730569408E0));
#3339=CARTESIAN_POINT('',(3.922211630319E0,1.237119482310E1,-4.682647749234E0));
#3340=CARTESIAN_POINT('',(3.922451049409E0,1.236974900505E1,-4.683192750113E0));
#3342=CARTESIAN_POINT('',(3.922451049409E0,1.236974900505E1,-4.683192750113E0));
#3343=CARTESIAN_POINT('',(3.941383624975E0,1.225541785666E1,-4.726289857920E0));
#3344=CARTESIAN_POINT('',(3.982714768908E0,1.205955329280E1,-4.809018080733E0));
#3345=CARTESIAN_POINT('',(4.054158598417E0,1.185515187475E1,-4.923663301344E0));
#3346=CARTESIAN_POINT('',(4.134459426149E0,1.173456178548E1,-5.029451523731E0));
#3347=CARTESIAN_POINT('',(4.223290775315E0,1.169469366525E1,-5.126709224685E0));
#3348=CARTESIAN_POINT('',(4.320548476269E0,1.173456178548E1,-5.215540573851E0));
#3349=CARTESIAN_POINT('',(4.426336698656E0,1.185515187475E1,-5.295841401583E0));
#3350=CARTESIAN_POINT('',(4.540981919267E0,1.205955329280E1,-5.367285231092E0));
#3351=CARTESIAN_POINT('',(4.623710142080E0,1.225541785666E1,-5.408616375025E0));
#3352=CARTESIAN_POINT('',(4.666807249887E0,1.236974900505E1,-5.427548950591E0));
#3354=CARTESIAN_POINT('',(6.577548950591E0,1.236974900505E1,-4.683192750113E0));
#3355=CARTESIAN_POINT('',(6.577788621592E0,1.237119634436E1,-4.682647175796E0));
#3356=CARTESIAN_POINT('',(6.578191101783E0,1.237407041048E1,-4.681729219712E0));
#3357=CARTESIAN_POINT('',(6.578579024491E0,1.237830001356E1,-4.680842432457E0));
#3358=CARTESIAN_POINT('',(6.578767198503E0,1.238245116673E1,-4.680411697093E0));
#3359=CARTESIAN_POINT('',(6.578768446629E0,1.238656456942E1,-4.680408839043E0));
#3360=CARTESIAN_POINT('',(6.578580731189E0,1.239074010714E1,-4.680838528971E0));
#3361=CARTESIAN_POINT('',(6.578192060053E0,1.239498107368E1,-4.681727032968E0));
#3362=CARTESIAN_POINT('',(6.577589994113E0,1.239928372590E1,-4.683100193999E0));
#3363=CARTESIAN_POINT('',(6.576754115565E0,1.240367413827E1,-4.685000354423E0));
#3364=CARTESIAN_POINT('',(6.575647156570E0,1.240819665892E1,-4.687505517796E0));
#3365=CARTESIAN_POINT('',(6.574254718962E0,1.241278555393E1,-4.690638850156E0));
#3366=CARTESIAN_POINT('',(6.572518853989E0,1.241751056508E1,-4.694517634919E0));
#3367=CARTESIAN_POINT('',(6.570374828425E0,1.242238820803E1,-4.699267227901E0));
#3368=CARTESIAN_POINT('',(6.567764749167E0,1.242738769916E1,-4.704988966132E0));
#3369=CARTESIAN_POINT('',(6.564635311881E0,1.243245894841E1,-4.711764486920E0));
#3370=CARTESIAN_POINT('',(6.560921557618E0,1.243755784752E1,-4.719688575917E0));
#3371=CARTESIAN_POINT('',(6.556621728323E0,1.244256234517E1,-4.728710611996E0));
#3372=CARTESIAN_POINT('',(6.551722791034E0,1.244740075473E1,-4.738799210519E0));
#3373=CARTESIAN_POINT('',(6.546189730124E0,1.245203212028E1,-4.749960690090E0));
#3374=CARTESIAN_POINT('',(6.540013969550E0,1.245640349392E1,-4.762141914719E0));
#3375=CARTESIAN_POINT('',(6.533114449899E0,1.246051697389E1,-4.775425084225E0));
#3376=CARTESIAN_POINT('',(6.525397271109E0,1.246436305435E1,-4.789898272769E0));
#3377=CARTESIAN_POINT('',(6.516764142629E0,1.246792434260E1,-4.805639065811E0));
#3378=CARTESIAN_POINT('',(6.510294700799E0,1.247010210303E1,-4.817080372690E0));
#3379=CARTESIAN_POINT('',(6.506876449962E0,1.247113248654E1,-4.823022537360E0));
#3381=CARTESIAN_POINT('',(6.506876449962E0,1.247113248654E1,-4.823022537360E0));
#3382=CARTESIAN_POINT('',(6.474384185378E0,1.248092682146E1,-4.879505924877E0));
#3383=CARTESIAN_POINT('',(6.403001095361E0,1.249529108825E1,-4.986074139060E0));
#3384=CARTESIAN_POINT('',(6.278188440475E0,1.250235445587E1,-5.128188440475E0));
#3385=CARTESIAN_POINT('',(6.136074139060E0,1.249529108825E1,-5.253001095361E0));
#3386=CARTESIAN_POINT('',(6.029505924877E0,1.248092682146E1,-5.324384185378E0));
#3387=CARTESIAN_POINT('',(5.973022537360E0,1.247113248654E1,-5.356876449962E0));
#3389=CARTESIAN_POINT('',(5.973022537360E0,1.247113248654E1,-5.356876449962E0));
#3390=CARTESIAN_POINT('',(5.966527526080E0,1.247000623830E1,-5.360612727729E0));
#3391=CARTESIAN_POINT('',(5.954164517035E0,1.246763024794E1,-5.367590520910E0));
#3392=CARTESIAN_POINT('',(5.937652001770E0,1.246381437888E1,-5.376612291050E0));
#3393=CARTESIAN_POINT('',(5.922882853299E0,1.245978121561E1,-5.384449792934E0));
#3394=CARTESIAN_POINT('',(5.909666749431E0,1.245556598418E1,-5.391280546991E0));
#3395=CARTESIAN_POINT('',(5.897758821816E0,1.245116809732E1,-5.397290276376E0));
#3396=CARTESIAN_POINT('',(5.886941219340E0,1.244655682585E1,-5.402631642407E0));
#3397=CARTESIAN_POINT('',(5.877267529184E0,1.244180271580E1,-5.407313813453E0));
#3398=CARTESIAN_POINT('',(5.868685908023E0,1.243694473287E1,-5.411393964509E0));
#3399=CARTESIAN_POINT('',(5.861131509058E0,1.243200988548E1,-5.414929054801E0));
#3400=CARTESIAN_POINT('',(5.854531590225E0,1.242701579179E1,-5.417974513848E0));
#3401=CARTESIAN_POINT('',(5.848805198753E0,1.242195402588E1,-5.420584499776E0));
#3402=CARTESIAN_POINT('',(5.844019180809E0,1.241695504133E1,-5.422742827705E0));
#3403=CARTESIAN_POINT('',(5.840157521114E0,1.241214080893E1,-5.424469250424E0));
#3404=CARTESIAN_POINT('',(5.837089127346E0,1.240751004099E1,-5.425831526915E0));
#3405=CARTESIAN_POINT('',(5.834720795001E0,1.240308567069E1,-5.426877253933E0));
#3406=CARTESIAN_POINT('',(5.832940654801E0,1.239883961675E1,-5.427660011558E0));
#3407=CARTESIAN_POINT('',(5.831640922305E0,1.239463799172E1,-5.428229753710E0));
#3408=CARTESIAN_POINT('',(5.830799352657E0,1.239046958211E1,-5.428597851108E0));
#3409=CARTESIAN_POINT('',(5.830399620414E0,1.238634432087E1,-5.428772472119E0));
#3410=CARTESIAN_POINT('',(5.830422906644E0,1.238226770844E1,-5.428762303306E0));
#3411=CARTESIAN_POINT('',(5.830866884835E0,1.237815540416E1,-5.428568335973E0));
#3412=CARTESIAN_POINT('',(5.831755662335E0,1.237398032563E1,-5.428179517854E0));
#3413=CARTESIAN_POINT('',(5.832659393842E0,1.237116393143E1,-5.427783254200E0));
#3414=CARTESIAN_POINT('',(5.833192750113E0,1.236974900505E1,-5.427548950591E0));
#3416=CARTESIAN_POINT('',(5.833192750113E0,1.236974900505E1,-5.427548950591E0));
#3417=CARTESIAN_POINT('',(5.876289857920E0,1.225541785666E1,-5.408616375025E0));
#3418=CARTESIAN_POINT('',(5.959018080733E0,1.205955329280E1,-5.367285231092E0));
#3419=CARTESIAN_POINT('',(6.073663301344E0,1.185515187475E1,-5.295841401583E0));
#3420=CARTESIAN_POINT('',(6.179451523731E0,1.173456178548E1,-5.215540573851E0));
#3421=CARTESIAN_POINT('',(6.276709224685E0,1.169469366525E1,-5.126709224685E0));
#3422=CARTESIAN_POINT('',(6.365540573851E0,1.173456178548E1,-5.029451523731E0));
#3423=CARTESIAN_POINT('',(6.445841401583E0,1.185515187475E1,-4.923663301344E0));
#3424=CARTESIAN_POINT('',(6.517285231092E0,1.205955329280E1,-4.809018080733E0));
#3425=CARTESIAN_POINT('',(6.558616375025E0,1.225541785666E1,-4.726289857920E0));
#3426=CARTESIAN_POINT('',(6.577548950591E0,1.236974900505E1,-4.683192750113E0));
#3428=DIRECTION('',(0.E0,-1.E0,0.E0));
#3429=VECTOR('',#3428,1.85359E0);
#3430=CARTESIAN_POINT('',(3.8E0,1.26E1,-4.1E0));
#3431=LINE('',#3430,#3429);
#3432=DIRECTION('',(0.E0,1.E0,0.E0));
#3433=VECTOR('',#3432,1.85359E0);
#3434=CARTESIAN_POINT('',(6.7E0,1.074641E1,-4.1E0));
#3435=LINE('',#3434,#3433);
#3436=CARTESIAN_POINT('',(3.922451049409E0,1.236974900505E1,-3.516807249887E0));
#3437=CARTESIAN_POINT('',(3.922211378408E0,1.237119634436E1,-3.517352824204E0));
#3438=CARTESIAN_POINT('',(3.921808898217E0,1.237407041048E1,-3.518270780288E0));
#3439=CARTESIAN_POINT('',(3.921420975509E0,1.237830001356E1,-3.519157567543E0));
#3440=CARTESIAN_POINT('',(3.921232801497E0,1.238245116673E1,-3.519588302907E0));
#3441=CARTESIAN_POINT('',(3.921231553371E0,1.238656456942E1,-3.519591160957E0));
#3442=CARTESIAN_POINT('',(3.921419268811E0,1.239074010714E1,-3.519161471029E0));
#3443=CARTESIAN_POINT('',(3.921807939947E0,1.239498107368E1,-3.518272967032E0));
#3444=CARTESIAN_POINT('',(3.922410005887E0,1.239928372590E1,-3.516899806001E0));
#3445=CARTESIAN_POINT('',(3.923245884435E0,1.240367413827E1,-3.514999645577E0));
#3446=CARTESIAN_POINT('',(3.924352843430E0,1.240819665892E1,-3.512494482204E0));
#3447=CARTESIAN_POINT('',(3.925745281038E0,1.241278555393E1,-3.509361149844E0));
#3448=CARTESIAN_POINT('',(3.927481146011E0,1.241751056508E1,-3.505482365081E0));
#3449=CARTESIAN_POINT('',(3.929625171575E0,1.242238820803E1,-3.500732772099E0));
#3450=CARTESIAN_POINT('',(3.932235250833E0,1.242738769916E1,-3.495011033868E0));
#3451=CARTESIAN_POINT('',(3.935364688119E0,1.243245894841E1,-3.488235513080E0));
#3452=CARTESIAN_POINT('',(3.939078442382E0,1.243755784752E1,-3.480311424083E0));
#3453=CARTESIAN_POINT('',(3.943378271677E0,1.244256234517E1,-3.471289388004E0));
#3454=CARTESIAN_POINT('',(3.948277208966E0,1.244740075473E1,-3.461200789481E0));
#3455=CARTESIAN_POINT('',(3.953810269876E0,1.245203212028E1,-3.450039309910E0));
#3456=CARTESIAN_POINT('',(3.959986030450E0,1.245640349392E1,-3.437858085281E0));
#3457=CARTESIAN_POINT('',(3.966885550101E0,1.246051697389E1,-3.424574915775E0));
#3458=CARTESIAN_POINT('',(3.974602728891E0,1.246436305435E1,-3.410101727231E0));
#3459=CARTESIAN_POINT('',(3.983235857371E0,1.246792434260E1,-3.394360934189E0));
#3460=CARTESIAN_POINT('',(3.989705299201E0,1.247010210303E1,-3.382919627310E0));
#3461=CARTESIAN_POINT('',(3.993123550038E0,1.247113248654E1,-3.376977462640E0));
#3463=CARTESIAN_POINT('',(3.993123550038E0,1.247113248654E1,-3.376977462640E0));
#3464=CARTESIAN_POINT('',(4.025615814622E0,1.248092682146E1,-3.320494075123E0));
#3465=CARTESIAN_POINT('',(4.096998904639E0,1.249529108825E1,-3.213925860940E0));
#3466=CARTESIAN_POINT('',(4.221811559525E0,1.250235445587E1,-3.071811559525E0));
#3467=CARTESIAN_POINT('',(4.363925860940E0,1.249529108825E1,-2.946998904639E0));
#3468=CARTESIAN_POINT('',(4.470494075123E0,1.248092682146E1,-2.875615814622E0));
#3469=CARTESIAN_POINT('',(4.526977462640E0,1.247113248654E1,-2.843123550038E0));
#3471=CARTESIAN_POINT('',(4.526977462640E0,1.247113248654E1,-2.843123550038E0));
#3472=CARTESIAN_POINT('',(4.533472473920E0,1.247000623830E1,-2.839387272271E0));
#3473=CARTESIAN_POINT('',(4.545835482965E0,1.246763024794E1,-2.832409479090E0));
#3474=CARTESIAN_POINT('',(4.562347998230E0,1.246381437888E1,-2.823387708950E0));
#3475=CARTESIAN_POINT('',(4.577117146701E0,1.245978121561E1,-2.815550207066E0));
#3476=CARTESIAN_POINT('',(4.590333250569E0,1.245556598418E1,-2.808719453009E0));
#3477=CARTESIAN_POINT('',(4.602241178184E0,1.245116809732E1,-2.802709723624E0));
#3478=CARTESIAN_POINT('',(4.613058780660E0,1.244655682585E1,-2.797368357593E0));
#3479=CARTESIAN_POINT('',(4.622732470816E0,1.244180271580E1,-2.792686186547E0));
#3480=CARTESIAN_POINT('',(4.631314091977E0,1.243694473287E1,-2.788606035491E0));
#3481=CARTESIAN_POINT('',(4.638868490942E0,1.243200988548E1,-2.785070945199E0));
#3482=CARTESIAN_POINT('',(4.645468409775E0,1.242701579179E1,-2.782025486152E0));
#3483=CARTESIAN_POINT('',(4.651194801247E0,1.242195402588E1,-2.779415500224E0));
#3484=CARTESIAN_POINT('',(4.655980819191E0,1.241695504133E1,-2.777257172295E0));
#3485=CARTESIAN_POINT('',(4.659842478886E0,1.241214080893E1,-2.775530749576E0));
#3486=CARTESIAN_POINT('',(4.662910872654E0,1.240751004099E1,-2.774168473085E0));
#3487=CARTESIAN_POINT('',(4.665279204999E0,1.240308567069E1,-2.773122746067E0));
#3488=CARTESIAN_POINT('',(4.667059345199E0,1.239883961675E1,-2.772339988442E0));
#3489=CARTESIAN_POINT('',(4.668359077695E0,1.239463799172E1,-2.771770246290E0));
#3490=CARTESIAN_POINT('',(4.669200647343E0,1.239046958211E1,-2.771402148892E0));
#3491=CARTESIAN_POINT('',(4.669600379586E0,1.238634432087E1,-2.771227527881E0));
#3492=CARTESIAN_POINT('',(4.669577093356E0,1.238226770844E1,-2.771237696694E0));
#3493=CARTESIAN_POINT('',(4.669133115165E0,1.237815540416E1,-2.771431664027E0));
#3494=CARTESIAN_POINT('',(4.668244337665E0,1.237398032563E1,-2.771820482146E0));
#3495=CARTESIAN_POINT('',(4.667340606158E0,1.237116393143E1,-2.772216745800E0));
#3496=CARTESIAN_POINT('',(4.666807249887E0,1.236974900505E1,-2.772451049409E0));
#3498=CARTESIAN_POINT('',(4.666807249887E0,1.236974900505E1,-2.772451049409E0));
#3499=CARTESIAN_POINT('',(4.623710142080E0,1.225541785666E1,-2.791383624975E0));
#3500=CARTESIAN_POINT('',(4.540981919267E0,1.205955329280E1,-2.832714768908E0));
#3501=CARTESIAN_POINT('',(4.426336698656E0,1.185515187475E1,-2.904158598417E0));
#3502=CARTESIAN_POINT('',(4.320548476269E0,1.173456178548E1,-2.984459426149E0));
#3503=CARTESIAN_POINT('',(4.223290775315E0,1.169469366525E1,-3.073290775315E0));
#3504=CARTESIAN_POINT('',(4.134459426149E0,1.173456178548E1,-3.170548476269E0));
#3505=CARTESIAN_POINT('',(4.054158598417E0,1.185515187475E1,-3.276336698656E0));
#3506=CARTESIAN_POINT('',(3.982714768908E0,1.205955329280E1,-3.390981919267E0));
#3507=CARTESIAN_POINT('',(3.941383624975E0,1.225541785666E1,-3.473710142080E0));
#3508=CARTESIAN_POINT('',(3.922451049409E0,1.236974900505E1,-3.516807249887E0));
#3510=CARTESIAN_POINT('',(5.833192750113E0,1.236974900505E1,-2.772451049409E0));
#3511=CARTESIAN_POINT('',(5.832659414560E0,1.237116387647E1,-2.772216754901E0));
#3512=CARTESIAN_POINT('',(5.831755710332E0,1.237398016545E1,-2.771820503175E0));
#3513=CARTESIAN_POINT('',(5.830866936924E0,1.237815510734E1,-2.771431686798E0));
#3514=CARTESIAN_POINT('',(5.830422934801E0,1.238226728652E1,-2.771237708991E0));
#3515=CARTESIAN_POINT('',(5.830399600003E0,1.238634377291E1,-2.771227518969E0));
#3516=CARTESIAN_POINT('',(5.830799254994E0,1.239046889330E1,-2.771402106215E0));
#3517=CARTESIAN_POINT('',(5.831640712821E0,1.239463714947E1,-2.771770154596E0));
#3518=CARTESIAN_POINT('',(5.832940294442E0,1.239883860800E1,-2.772339830298E0));
#3519=CARTESIAN_POINT('',(5.834720220886E0,1.240308444784E1,-2.773122493222E0));
#3520=CARTESIAN_POINT('',(5.837088263975E0,1.240750858152E1,-2.774168091042E0));
#3521=CARTESIAN_POINT('',(5.840156302967E0,1.241213913172E1,-2.775530207180E0));
#3522=CARTESIAN_POINT('',(5.844017574469E0,1.241695320372E1,-2.777256451459E0));
#3523=CARTESIAN_POINT('',(5.848803144180E0,1.242195204581E1,-2.779414569380E0));
#3524=CARTESIAN_POINT('',(5.854528940440E0,1.242701361020E1,-2.782024272184E0));
#3525=CARTESIAN_POINT('',(5.861127879725E0,1.243200731035E1,-2.785069260982E0));
#3526=CARTESIAN_POINT('',(5.868680982010E0,1.243694171546E1,-2.788603714967E0));
#3527=CARTESIAN_POINT('',(5.877261265156E0,1.244179939739E1,-2.792683184709E0));
#3528=CARTESIAN_POINT('',(5.886933844397E0,1.244655344634E1,-2.797364754554E0));
#3529=CARTESIAN_POINT('',(5.897750896049E0,1.245116496282E1,-2.802705766907E0));
#3530=CARTESIAN_POINT('',(5.909659113297E0,1.245556338489E1,-2.808715549387E0));
#3531=CARTESIAN_POINT('',(5.922876292949E0,1.245977930842E1,-2.815546763923E0));
#3532=CARTESIAN_POINT('',(5.937647201517E0,1.246381320604E1,-2.823385112747E0));
#3533=CARTESIAN_POINT('',(5.954161966295E0,1.246762974309E1,-2.832408047888E0));
#3534=CARTESIAN_POINT('',(5.966526641347E0,1.247000608489E1,-2.839386763325E0));
#3535=CARTESIAN_POINT('',(5.973022537360E0,1.247113248654E1,-2.843123550038E0));
#3537=CARTESIAN_POINT('',(5.973022537360E0,1.247113248654E1,-2.843123550038E0));
#3538=CARTESIAN_POINT('',(6.029505924877E0,1.248092682146E1,-2.875615814622E0));
#3539=CARTESIAN_POINT('',(6.136074139060E0,1.249529108825E1,-2.946998904639E0));
#3540=CARTESIAN_POINT('',(6.278188440475E0,1.250235445587E1,-3.071811559525E0));
#3541=CARTESIAN_POINT('',(6.403001095361E0,1.249529108825E1,-3.213925860940E0));
#3542=CARTESIAN_POINT('',(6.474384185378E0,1.248092682146E1,-3.320494075123E0));
#3543=CARTESIAN_POINT('',(6.506876449962E0,1.247113248654E1,-3.376977462640E0));
#3545=CARTESIAN_POINT('',(6.506876449962E0,1.247113248654E1,-3.376977462640E0));
#3546=CARTESIAN_POINT('',(6.510303155946E0,1.247009955435E1,-3.382934325435E0));
#3547=CARTESIAN_POINT('',(6.516787900501E0,1.246791607245E1,-3.394403184765E0));
#3548=CARTESIAN_POINT('',(6.525440548261E0,1.246434400324E1,-3.410181428487E0));
#3549=CARTESIAN_POINT('',(6.533171120890E0,1.246048653773E1,-3.424682403102E0));
#3550=CARTESIAN_POINT('',(6.540076608424E0,1.245636304446E1,-3.437980089842E0));
#3551=CARTESIAN_POINT('',(6.546249571037E0,1.245198595800E1,-3.450158757289E0));
#3552=CARTESIAN_POINT('',(6.551772078990E0,1.244735555296E1,-3.461301397163E0));
#3553=CARTESIAN_POINT('',(6.556659658431E0,1.244252136875E1,-3.471368334863E0));
#3554=CARTESIAN_POINT('',(6.560952611776E0,1.243751847992E1,-3.480377179156E0));
#3555=CARTESIAN_POINT('',(6.564661730467E0,1.243241951781E1,-3.488292325542E0));
#3556=CARTESIAN_POINT('',(6.567787669694E0,1.242734733535E1,-3.495060989320E0));
#3557=CARTESIAN_POINT('',(6.570394274764E0,1.242234760423E1,-3.500775646058E0));
#3558=CARTESIAN_POINT('',(6.572534879243E0,1.241747064390E1,-3.505518035772E0));
#3559=CARTESIAN_POINT('',(6.574267639402E0,1.241274690513E1,-3.509390132402E0));
#3560=CARTESIAN_POINT('',(6.575657849341E0,1.240815753651E1,-3.512518619883E0));
#3561=CARTESIAN_POINT('',(6.576762015875E0,1.240363733849E1,-3.515017573659E0));
#3562=CARTESIAN_POINT('',(6.577595020618E0,1.239925264966E1,-3.516911256569E0));
#3563=CARTESIAN_POINT('',(6.578195020472E0,1.239495480256E1,-3.518279729268E0));
#3564=CARTESIAN_POINT('',(6.578582120446E0,1.239071862849E1,-3.519164650080E0));
#3565=CARTESIAN_POINT('',(6.578768756534E0,1.238654765057E1,-3.519591870668E0));
#3566=CARTESIAN_POINT('',(6.578766846523E0,1.238243843364E1,-3.519587496901E0));
#3567=CARTESIAN_POINT('',(6.578578365663E0,1.237829131670E1,-3.519156060411E0));
#3568=CARTESIAN_POINT('',(6.578190510444E0,1.237406590427E1,-3.518269430592E0));
#3569=CARTESIAN_POINT('',(6.577788369681E0,1.237119482310E1,-3.517352250766E0));
#3570=CARTESIAN_POINT('',(6.577548950591E0,1.236974900505E1,-3.516807249887E0));
#3572=CARTESIAN_POINT('',(6.577548950591E0,1.236974900505E1,-3.516807249887E0));
#3573=CARTESIAN_POINT('',(6.558616375025E0,1.225541785666E1,-3.473710142080E0));
#3574=CARTESIAN_POINT('',(6.517285231092E0,1.205955329280E1,-3.390981919267E0));
#3575=CARTESIAN_POINT('',(6.445841401583E0,1.185515187475E1,-3.276336698656E0));
#3576=CARTESIAN_POINT('',(6.365540573851E0,1.173456178548E1,-3.170548476269E0));
#3577=CARTESIAN_POINT('',(6.276709224685E0,1.169469366525E1,-3.073290775315E0));
#3578=CARTESIAN_POINT('',(6.179451523731E0,1.173456178548E1,-2.984459426149E0));
#3579=CARTESIAN_POINT('',(6.073663301344E0,1.185515187475E1,-2.904158598417E0));
#3580=CARTESIAN_POINT('',(5.959018080733E0,1.205955329280E1,-2.832714768908E0));
#3581=CARTESIAN_POINT('',(5.876289857920E0,1.225541785666E1,-2.791383624975E0));
#3582=CARTESIAN_POINT('',(5.833192750113E0,1.236974900505E1,-2.772451049409E0));
#3584=DIRECTION('',(0.E0,0.E0,1.E0));
#3585=VECTOR('',#3584,2.734958866235E0);
#3586=CARTESIAN_POINT('',(4.95E0,1.074641E1,-5.467479433118E0));
#3587=LINE('',#3586,#3585);
#3588=CARTESIAN_POINT('',(5.25E0,1.074641E1,-4.1E0));
#3589=DIRECTION('',(0.E0,1.E0,0.E0));
#3590=DIRECTION('',(1.E0,0.E0,0.E0));
#3591=AXIS2_PLACEMENT_3D('',#3588,#3589,#3590);
#3593=CARTESIAN_POINT('',(5.25E0,1.074641E1,-4.1E0));
#3594=DIRECTION('',(0.E0,1.E0,0.E0));
#3595=DIRECTION('',(-1.E0,0.E0,0.E0));
#3596=AXIS2_PLACEMENT_3D('',#3593,#3594,#3595);
#3598=DIRECTION('',(0.E0,0.E0,-1.E0));
#3599=VECTOR('',#3598,2.734958866235E0);
#3600=CARTESIAN_POINT('',(5.55E0,1.074641E1,-2.732520566882E0));
#3601=LINE('',#3600,#3599);
#3602=DIRECTION('',(0.E0,1.E0,0.E0));
#3603=VECTOR('',#3602,4.E-1);
#3604=CARTESIAN_POINT('',(4.95E0,1.074641E1,-2.732520566882E0));
#3605=LINE('',#3604,#3603);
#3606=CARTESIAN_POINT('',(5.25E0,1.074641E1,-4.1E0));
#3607=DIRECTION('',(0.E0,-1.E0,0.E0));
#3608=DIRECTION('',(-2.142857142857E-1,0.E0,9.767710236555E-1));
#3609=AXIS2_PLACEMENT_3D('',#3606,#3607,#3608);
#3611=DIRECTION('',(0.E0,1.E0,0.E0));
#3612=VECTOR('',#3611,4.E-1);
#3613=CARTESIAN_POINT('',(4.95E0,1.074641E1,-5.467479433118E0));
#3614=LINE('',#3613,#3612);
#3615=DIRECTION('',(0.E0,1.E0,0.E0));
#3616=VECTOR('',#3615,4.E-1);
#3617=CARTESIAN_POINT('',(5.55E0,1.074641E1,-5.467479433118E0));
#3618=LINE('',#3617,#3616);
#3619=CARTESIAN_POINT('',(5.25E0,1.074641E1,-4.1E0));
#3620=DIRECTION('',(0.E0,-1.E0,0.E0));
#3621=DIRECTION('',(2.142857142857E-1,0.E0,-9.767710236555E-1));
#3622=AXIS2_PLACEMENT_3D('',#3619,#3620,#3621);
#3624=DIRECTION('',(0.E0,1.E0,0.E0));
#3625=VECTOR('',#3624,4.E-1);
#3626=CARTESIAN_POINT('',(5.55E0,1.074641E1,-2.732520566882E0));
#3627=LINE('',#3626,#3625);
#3628=CARTESIAN_POINT('',(5.25E0,1.114641E1,-4.1E0));
#3629=DIRECTION('',(0.E0,-1.E0,0.E0));
#3630=DIRECTION('',(-2.142857142857E-1,0.E0,9.767710236555E-1));
#3631=AXIS2_PLACEMENT_3D('',#3628,#3629,#3630);
#3633=CARTESIAN_POINT('',(5.25E0,1.134641E1,-4.1E0));
#3634=DIRECTION('',(0.E0,1.E0,0.E0));
#3635=DIRECTION('',(-2.5E-1,0.E0,-9.682458365519E-1));
#3636=AXIS2_PLACEMENT_3D('',#3633,#3634,#3635);
#3638=CARTESIAN_POINT('',(4.95E0,1.114641E1,-5.467479433118E0));
#3639=CARTESIAN_POINT('',(4.95E0,1.115132919740E1,-5.467479433118E0));
#3640=CARTESIAN_POINT('',(4.95E0,1.116114013992E1,-5.467109291912E0));
#3641=CARTESIAN_POINT('',(4.95E0,1.117582367601E1,-5.465440795067E0));
#3642=CARTESIAN_POINT('',(4.95E0,1.119032589709E1,-5.462672497487E0));
#3643=CARTESIAN_POINT('',(4.95E0,1.120462321820E1,-5.458807554737E0));
#3644=CARTESIAN_POINT('',(4.95E0,1.121859707114E1,-5.453874584952E0));
#3645=CARTESIAN_POINT('',(4.95E0,1.123224353204E1,-5.447866347607E0));
#3646=CARTESIAN_POINT('',(4.95E0,1.124541499465E1,-5.440835652587E0));
#3647=CARTESIAN_POINT('',(4.95E0,1.125802563870E1,-5.432833386278E0));
#3648=CARTESIAN_POINT('',(4.95E0,1.127004838588E1,-5.423875463037E0));
#3649=CARTESIAN_POINT('',(4.95E0,1.128143326470E1,-5.413981964202E0));
#3650=CARTESIAN_POINT('',(4.95E0,1.129206549562E1,-5.403245199108E0));
#3651=CARTESIAN_POINT('',(4.95E0,1.130193022118E1,-5.391668564057E0));
#3652=CARTESIAN_POINT('',(4.95E0,1.131092433653E1,-5.379359977677E0));
#3653=CARTESIAN_POINT('',(4.95E0,1.131902896825E1,-5.366332090225E0));
#3654=CARTESIAN_POINT('',(4.95E0,1.132616235436E1,-5.352698644187E0));
#3655=CARTESIAN_POINT('',(4.95E0,1.133230072940E1,-5.338487127564E0));
#3656=CARTESIAN_POINT('',(4.95E0,1.133738013658E1,-5.323824953523E0));
#3657=CARTESIAN_POINT('',(4.95E0,1.134138475149E1,-5.308738994505E0));
#3658=CARTESIAN_POINT('',(4.95E0,1.134427852999E1,-5.293298668624E0));
#3659=CARTESIAN_POINT('',(4.95E0,1.134602331085E1,-5.277625885586E0));
#3660=CARTESIAN_POINT('',(4.95E0,1.134641E1,-5.267150252921E0));
#3661=CARTESIAN_POINT('',(4.95E0,1.134641E1,-5.261895003862E0));
#3663=CARTESIAN_POINT('',(4.95E0,1.134641E1,-2.938104996138E0));
#3664=CARTESIAN_POINT('',(4.95E0,1.134641E1,-2.932849906148E0));
#3665=CARTESIAN_POINT('',(4.95E0,1.134602333419E1,-2.922374588063E0));
#3666=CARTESIAN_POINT('',(4.95E0,1.134427865824E1,-2.906702271281E0));
#3667=CARTESIAN_POINT('',(4.95E0,1.134138505297E1,-2.891262390847E0));
#3668=CARTESIAN_POINT('',(4.95E0,1.133738067238E1,-2.876176840074E0));
#3669=CARTESIAN_POINT('',(4.95E0,1.133230156610E1,-2.861515057901E0));
#3670=CARTESIAN_POINT('',(4.95E0,1.132616354392E1,-2.847303877374E0));
#3671=CARTESIAN_POINT('',(4.95E0,1.131903056780E1,-2.833670731220E0));
#3672=CARTESIAN_POINT('',(4.95E0,1.131092638629E1,-2.820643079358E0));
#3673=CARTESIAN_POINT('',(4.95E0,1.130193277859E1,-2.808334693610E0));
#3674=CARTESIAN_POINT('',(4.95E0,1.129206858207E1,-2.796758176928E0));
#3675=CARTESIAN_POINT('',(4.95E0,1.128143691279E1,-2.786021467600E0));
#3676=CARTESIAN_POINT('',(4.95E0,1.127005251832E1,-2.776127873607E0));
#3677=CARTESIAN_POINT('',(4.95E0,1.125803070034E1,-2.767170161283E0));
#3678=CARTESIAN_POINT('',(4.95E0,1.124542111172E1,-2.759167817975E0));
#3679=CARTESIAN_POINT('',(4.95E0,1.123224409539E1,-2.752133770204E0));
#3680=CARTESIAN_POINT('',(4.95E0,1.121859549467E1,-2.746124776705E0));
#3681=CARTESIAN_POINT('',(4.95E0,1.120462138300E1,-2.741191879536E0));
#3682=CARTESIAN_POINT('',(4.95E0,1.119032454091E1,-2.737327206180E0));
#3683=CARTESIAN_POINT('',(4.95E0,1.117582280831E1,-2.734559084432E0));
#3684=CARTESIAN_POINT('',(4.95E0,1.116113970533E1,-2.732890686298E0));
#3685=CARTESIAN_POINT('',(4.95E0,1.115132905428E1,-2.732520566882E0));
#3686=CARTESIAN_POINT('',(4.95E0,1.114641E1,-2.732520566882E0));
#3688=DIRECTION('',(0.E0,0.E0,1.E0));
#3689=VECTOR('',#3688,2.323790007724E0);
#3690=CARTESIAN_POINT('',(4.95E0,1.134641E1,-5.261895003862E0));
#3691=LINE('',#3690,#3689);
#3692=DIRECTION('',(0.E0,0.E0,-1.E0));
#3693=VECTOR('',#3692,2.323790007724E0);
#3694=CARTESIAN_POINT('',(5.55E0,1.134641E1,-2.938104996138E0));
#3695=LINE('',#3694,#3693);
#3696=CARTESIAN_POINT('',(5.25E0,1.114641E1,-4.1E0));
#3697=DIRECTION('',(0.E0,-1.E0,0.E0));
#3698=DIRECTION('',(2.142857142857E-1,0.E0,-9.767710236555E-1));
#3699=AXIS2_PLACEMENT_3D('',#3696,#3697,#3698);
#3701=CARTESIAN_POINT('',(5.25E0,1.134641E1,-4.1E0));
#3702=DIRECTION('',(0.E0,1.E0,0.E0));
#3703=DIRECTION('',(2.5E-1,0.E0,9.682458365519E-1));
#3704=AXIS2_PLACEMENT_3D('',#3701,#3702,#3703);
#3706=CARTESIAN_POINT('',(5.55E0,1.114641E1,-2.732520566882E0));
#3707=CARTESIAN_POINT('',(5.55E0,1.115132919734E1,-2.732520566882E0));
#3708=CARTESIAN_POINT('',(5.55E0,1.116114013976E1,-2.732890708080E0));
#3709=CARTESIAN_POINT('',(5.55E0,1.117582367568E1,-2.734559204887E0));
#3710=CARTESIAN_POINT('',(5.55E0,1.119032589657E1,-2.737327502400E0));
#3711=CARTESIAN_POINT('',(5.55E0,1.120462321750E1,-2.741192445045E0));
#3712=CARTESIAN_POINT('',(5.55E0,1.121859707055E1,-2.746125414810E0));
#3713=CARTESIAN_POINT('',(5.55E0,1.123224353230E1,-2.752133652454E0));
#3714=CARTESIAN_POINT('',(5.55E0,1.124541499720E1,-2.759164348865E0));
#3715=CARTESIAN_POINT('',(5.55E0,1.125802564058E1,-2.767166615047E0));
#3716=CARTESIAN_POINT('',(5.55E0,1.127004838747E1,-2.776124538243E0));
#3717=CARTESIAN_POINT('',(5.55E0,1.128143326609E1,-2.786018037105E0));
#3718=CARTESIAN_POINT('',(5.55E0,1.129206549680E1,-2.796754802181E0));
#3719=CARTESIAN_POINT('',(5.55E0,1.130193022215E1,-2.808331437186E0));
#3720=CARTESIAN_POINT('',(5.55E0,1.131092433731E1,-2.820640023490E0));
#3721=CARTESIAN_POINT('',(5.55E0,1.131902896886E1,-2.833667910852E0));
#3722=CARTESIAN_POINT('',(5.55E0,1.132616235481E1,-2.847301356775E0));
#3723=CARTESIAN_POINT('',(5.55E0,1.133230072972E1,-2.861512873270E0));
#3724=CARTESIAN_POINT('',(5.55E0,1.133738013679E1,-2.876175047161E0));
#3725=CARTESIAN_POINT('',(5.55E0,1.134138475161E1,-2.891261006024E0));
#3726=CARTESIAN_POINT('',(5.55E0,1.134427853004E1,-2.906701331735E0));
#3727=CARTESIAN_POINT('',(5.55E0,1.134602331086E1,-2.922374114595E0));
#3728=CARTESIAN_POINT('',(5.55E0,1.134641E1,-2.932849747139E0));
#3729=CARTESIAN_POINT('',(5.55E0,1.134641E1,-2.938104996138E0));
#3731=CARTESIAN_POINT('',(5.55E0,1.134641E1,-5.261895003862E0));
#3732=CARTESIAN_POINT('',(5.55E0,1.134641E1,-5.267150093918E0));
#3733=CARTESIAN_POINT('',(5.55E0,1.134602333418E1,-5.277625412134E0));
#3734=CARTESIAN_POINT('',(5.55E0,1.134427865818E1,-5.293297729109E0));
#3735=CARTESIAN_POINT('',(5.55E0,1.134138505284E1,-5.308737609728E0));
#3736=CARTESIAN_POINT('',(5.55E0,1.133738067216E1,-5.323823160672E0));
#3737=CARTESIAN_POINT('',(5.55E0,1.133230156576E1,-5.338484943007E0));
#3738=CARTESIAN_POINT('',(5.55E0,1.132616354343E1,-5.352696123674E0));
#3739=CARTESIAN_POINT('',(5.55E0,1.131903056713E1,-5.366329269953E0));
#3740=CARTESIAN_POINT('',(5.55E0,1.131092638543E1,-5.379356921913E0));
#3741=CARTESIAN_POINT('',(5.55E0,1.130193277753E1,-5.391665307744E0));
#3742=CARTESIAN_POINT('',(5.55E0,1.129206858078E1,-5.403241824475E0));
#3743=CARTESIAN_POINT('',(5.55E0,1.128143691127E1,-5.413978533829E0));
#3744=CARTESIAN_POINT('',(5.55E0,1.127005251662E1,-5.423872127773E0));
#3745=CARTESIAN_POINT('',(5.55E0,1.125803069818E1,-5.432829840221E0));
#3746=CARTESIAN_POINT('',(5.55E0,1.124542110939E1,-5.440832183340E0));
#3747=CARTESIAN_POINT('',(5.55E0,1.123224409520E1,-5.447866229828E0));
#3748=CARTESIAN_POINT('',(5.55E0,1.121859549534E1,-5.453875223024E0));
#3749=CARTESIAN_POINT('',(5.55E0,1.120462138376E1,-5.458808120231E0));
#3750=CARTESIAN_POINT('',(5.55E0,1.119032454147E1,-5.462672793696E0));
#3751=CARTESIAN_POINT('',(5.55E0,1.117582280867E1,-5.465440915518E0));
#3752=CARTESIAN_POINT('',(5.55E0,1.116113970551E1,-5.467109313693E0));
#3753=CARTESIAN_POINT('',(5.55E0,1.115132905434E1,-5.467479433118E0));
#3754=CARTESIAN_POINT('',(5.55E0,1.114641E1,-5.467479433118E0));
#3756=DIRECTION('',(7.071067811865E-1,-1.349970851203E-14,7.071067811865E-1));
#3757=VECTOR('',#3756,1.052678633953E0);
#3758=CARTESIAN_POINT('',(3.922451049409E0,1.236974900505E1,-3.516807249887E0));
#3759=LINE('',#3758,#3757);
#3760=DIRECTION('',(7.071067811866E-1,0.E0,7.071067811865E-1));
#3761=VECTOR('',#3760,7.549834435269E-1);
#3762=CARTESIAN_POINT('',(3.993123550038E0,1.247113248654E1,-3.376977462640E0));
#3763=LINE('',#3762,#3761);
#3764=DIRECTION('',(7.071067811865E-1,1.012478138402E-14,-7.071067811865E-1));
#3765=VECTOR('',#3764,1.052678633953E0);
#3766=CARTESIAN_POINT('',(5.833192750113E0,1.236974900505E1,-2.772451049409E0));
#3767=LINE('',#3766,#3765);
#3768=DIRECTION('',(7.071067811866E-1,0.E0,-7.071067811865E-1));
#3769=VECTOR('',#3768,7.549834435270E-1);
#3770=CARTESIAN_POINT('',(5.973022537360E0,1.247113248654E1,-2.843123550038E0));
#3771=LINE('',#3770,#3769);
#3772=DIRECTION('',(-7.071067811865E-1,0.E0,7.071067811865E-1));
#3773=VECTOR('',#3772,1.052678633953E0);
#3774=CARTESIAN_POINT('',(4.666807249887E0,1.236974900505E1,-5.427548950591E0));
#3775=LINE('',#3774,#3773);
#3776=DIRECTION('',(-7.071067811865E-1,0.E0,7.071067811865E-1));
#3777=VECTOR('',#3776,7.549834435269E-1);
#3778=CARTESIAN_POINT('',(4.526977462640E0,1.247113248654E1,-5.356876449962E0));
#3779=LINE('',#3778,#3777);
#3780=DIRECTION('',(-7.071067811865E-1,-1.518717207603E-14,-7.071067811866E-1));
#3781=VECTOR('',#3780,1.052678633953E0);
#3782=CARTESIAN_POINT('',(6.577548950591E0,1.236974900505E1,-4.683192750113E0));
#3783=LINE('',#3782,#3781);
#3784=DIRECTION('',(-7.071067811865E-1,0.E0,-7.071067811865E-1));
#3785=VECTOR('',#3784,7.549834435269E-1);
#3786=CARTESIAN_POINT('',(6.506876449962E0,1.247113248654E1,-4.823022537360E0));
#3787=LINE('',#3786,#3785);
#3788=CARTESIAN_POINT('',(8.166807249887E0,1.236974900505E1,-5.427548950591E0));
#3789=CARTESIAN_POINT('',(8.167340585440E0,1.237116387647E1,-5.427783245099E0));
#3790=CARTESIAN_POINT('',(8.168244289668E0,1.237398016545E1,-5.428179496825E0));
#3791=CARTESIAN_POINT('',(8.169133063076E0,1.237815510734E1,-5.428568313202E0));
#3792=CARTESIAN_POINT('',(8.169577065199E0,1.238226728652E1,-5.428762291009E0));
#3793=CARTESIAN_POINT('',(8.169600399997E0,1.238634377291E1,-5.428772481031E0));
#3794=CARTESIAN_POINT('',(8.169200745006E0,1.239046889330E1,-5.428597893785E0));
#3795=CARTESIAN_POINT('',(8.168359287179E0,1.239463714947E1,-5.428229845404E0));
#3796=CARTESIAN_POINT('',(8.167059705558E0,1.239883860800E1,-5.427660169702E0));
#3797=CARTESIAN_POINT('',(8.165279779114E0,1.240308444784E1,-5.426877506778E0));
#3798=CARTESIAN_POINT('',(8.162911736025E0,1.240750858152E1,-5.425831908958E0));
#3799=CARTESIAN_POINT('',(8.159843697033E0,1.241213913172E1,-5.424469792820E0));
#3800=CARTESIAN_POINT('',(8.155982425531E0,1.241695320372E1,-5.422743548541E0));
#3801=CARTESIAN_POINT('',(8.151196855820E0,1.242195204581E1,-5.420585430620E0));
#3802=CARTESIAN_POINT('',(8.145471059560E0,1.242701361020E1,-5.417975727816E0));
#3803=CARTESIAN_POINT('',(8.138872120275E0,1.243200731035E1,-5.414930739018E0));
#3804=CARTESIAN_POINT('',(8.131319017990E0,1.243694171546E1,-5.411396285033E0));
#3805=CARTESIAN_POINT('',(8.122738734844E0,1.244179939739E1,-5.407316815291E0));
#3806=CARTESIAN_POINT('',(8.113066155603E0,1.244655344634E1,-5.402635245446E0));
#3807=CARTESIAN_POINT('',(8.102249103951E0,1.245116496282E1,-5.397294233093E0));
#3808=CARTESIAN_POINT('',(8.090340886703E0,1.245556338489E1,-5.391284450613E0));
#3809=CARTESIAN_POINT('',(8.077123707051E0,1.245977930842E1,-5.384453236077E0));
#3810=CARTESIAN_POINT('',(8.062352798483E0,1.246381320604E1,-5.376614887253E0));
#3811=CARTESIAN_POINT('',(8.045838033705E0,1.246762974309E1,-5.367591952112E0));
#3812=CARTESIAN_POINT('',(8.033473358653E0,1.247000608489E1,-5.360613236675E0));
#3813=CARTESIAN_POINT('',(8.026977462640E0,1.247113248654E1,-5.356876449962E0));
#3815=CARTESIAN_POINT('',(8.026977462640E0,1.247113248654E1,-5.356876449962E0));
#3816=CARTESIAN_POINT('',(7.970494075123E0,1.248092682146E1,-5.324384185378E0));
#3817=CARTESIAN_POINT('',(7.863925860940E0,1.249529108825E1,-5.253001095361E0));
#3818=CARTESIAN_POINT('',(7.721811559525E0,1.250235445587E1,-5.128188440475E0));
#3819=CARTESIAN_POINT('',(7.596998904639E0,1.249529108825E1,-4.986074139060E0));
#3820=CARTESIAN_POINT('',(7.525615814622E0,1.248092682146E1,-4.879505924877E0));
#3821=CARTESIAN_POINT('',(7.493123550038E0,1.247113248654E1,-4.823022537360E0));
#3823=CARTESIAN_POINT('',(7.493123550038E0,1.247113248654E1,-4.823022537360E0));
#3824=CARTESIAN_POINT('',(7.489696844054E0,1.247009955435E1,-4.817065674565E0));
#3825=CARTESIAN_POINT('',(7.483212099499E0,1.246791607245E1,-4.805596815235E0));
#3826=CARTESIAN_POINT('',(7.474559451739E0,1.246434400324E1,-4.789818571513E0));
#3827=CARTESIAN_POINT('',(7.466828879110E0,1.246048653773E1,-4.775317596898E0));
#3828=CARTESIAN_POINT('',(7.459923391576E0,1.245636304446E1,-4.762019910158E0));
#3829=CARTESIAN_POINT('',(7.453750428963E0,1.245198595800E1,-4.749841242711E0));
#3830=CARTESIAN_POINT('',(7.448227921010E0,1.244735555296E1,-4.738698602837E0));
#3831=CARTESIAN_POINT('',(7.443340341569E0,1.244252136875E1,-4.728631665137E0));
#3832=CARTESIAN_POINT('',(7.439047388224E0,1.243751847992E1,-4.719622820844E0));
#3833=CARTESIAN_POINT('',(7.435338269533E0,1.243241951781E1,-4.711707674458E0));
#3834=CARTESIAN_POINT('',(7.432212330306E0,1.242734733535E1,-4.704939010680E0));
#3835=CARTESIAN_POINT('',(7.429605725236E0,1.242234760423E1,-4.699224353942E0));
#3836=CARTESIAN_POINT('',(7.427465120757E0,1.241747064390E1,-4.694481964228E0));
#3837=CARTESIAN_POINT('',(7.425732360598E0,1.241274690513E1,-4.690609867598E0));
#3838=CARTESIAN_POINT('',(7.424342150659E0,1.240815753651E1,-4.687481380117E0));
#3839=CARTESIAN_POINT('',(7.423237984125E0,1.240363733849E1,-4.684982426341E0));
#3840=CARTESIAN_POINT('',(7.422404979382E0,1.239925264966E1,-4.683088743431E0));
#3841=CARTESIAN_POINT('',(7.421804979528E0,1.239495480256E1,-4.681720270732E0));
#3842=CARTESIAN_POINT('',(7.421417879554E0,1.239071862849E1,-4.680835349920E0));
#3843=CARTESIAN_POINT('',(7.421231243466E0,1.238654765057E1,-4.680408129332E0));
#3844=CARTESIAN_POINT('',(7.421233153477E0,1.238243843364E1,-4.680412503099E0));
#3845=CARTESIAN_POINT('',(7.421421634337E0,1.237829131670E1,-4.680843939589E0));
#3846=CARTESIAN_POINT('',(7.421809489556E0,1.237406590427E1,-4.681730569408E0));
#3847=CARTESIAN_POINT('',(7.422211630319E0,1.237119482310E1,-4.682647749234E0));
#3848=CARTESIAN_POINT('',(7.422451049409E0,1.236974900505E1,-4.683192750113E0));
#3850=CARTESIAN_POINT('',(7.422451049409E0,1.236974900505E1,-4.683192750113E0));
#3851=CARTESIAN_POINT('',(7.441383624975E0,1.225541785666E1,-4.726289857921E0));
#3852=CARTESIAN_POINT('',(7.482714768908E0,1.205955329280E1,-4.809018080733E0));
#3853=CARTESIAN_POINT('',(7.554158598417E0,1.185515187475E1,-4.923663301344E0));
#3854=CARTESIAN_POINT('',(7.634459426149E0,1.173456178548E1,-5.029451523731E0));
#3855=CARTESIAN_POINT('',(7.723290775315E0,1.169469366525E1,-5.126709224685E0));
#3856=CARTESIAN_POINT('',(7.820548476269E0,1.173456178548E1,-5.215540573851E0));
#3857=CARTESIAN_POINT('',(7.926336698656E0,1.185515187475E1,-5.295841401583E0));
#3858=CARTESIAN_POINT('',(8.040981919267E0,1.205955329280E1,-5.367285231092E0));
#3859=CARTESIAN_POINT('',(8.123710142079E0,1.225541785666E1,-5.408616375025E0));
#3860=CARTESIAN_POINT('',(8.166807249887E0,1.236974900505E1,-5.427548950591E0));
#3862=CARTESIAN_POINT('',(1.007754895059E1,1.236974900505E1,-4.683192750113E0));
#3863=CARTESIAN_POINT('',(1.007778862159E1,1.237119634436E1,-4.682647175796E0));
#3864=CARTESIAN_POINT('',(1.007819110178E1,1.237407041048E1,-4.681729219712E0));
#3865=CARTESIAN_POINT('',(1.007857902449E1,1.237830001356E1,-4.680842432457E0));
#3866=CARTESIAN_POINT('',(1.007876719850E1,1.238245116673E1,-4.680411697093E0));
#3867=CARTESIAN_POINT('',(1.007876844663E1,1.238656456942E1,-4.680408839043E0));
#3868=CARTESIAN_POINT('',(1.007858073119E1,1.239074010714E1,-4.680838528971E0));
#3869=CARTESIAN_POINT('',(1.007819206005E1,1.239498107368E1,-4.681727032968E0));
#3870=CARTESIAN_POINT('',(1.007758999411E1,1.239928372590E1,-4.683100193999E0));
#3871=CARTESIAN_POINT('',(1.007675411557E1,1.240367413827E1,-4.685000354423E0));
#3872=CARTESIAN_POINT('',(1.007564715657E1,1.240819665892E1,-4.687505517796E0));
#3873=CARTESIAN_POINT('',(1.007425471896E1,1.241278555393E1,-4.690638850156E0));
#3874=CARTESIAN_POINT('',(1.007251885399E1,1.241751056508E1,-4.694517634919E0));
#3875=CARTESIAN_POINT('',(1.007037482842E1,1.242238820803E1,-4.699267227901E0));
#3876=CARTESIAN_POINT('',(1.006776474917E1,1.242738769916E1,-4.704988966132E0));
#3877=CARTESIAN_POINT('',(1.006463531188E1,1.243245894841E1,-4.711764486920E0));
#3878=CARTESIAN_POINT('',(1.006092155762E1,1.243755784752E1,-4.719688575917E0));
#3879=CARTESIAN_POINT('',(1.005662172832E1,1.244256234517E1,-4.728710611996E0));
#3880=CARTESIAN_POINT('',(1.005172279103E1,1.244740075473E1,-4.738799210519E0));
#3881=CARTESIAN_POINT('',(1.004618973012E1,1.245203212028E1,-4.749960690090E0));
#3882=CARTESIAN_POINT('',(1.004001396955E1,1.245640349392E1,-4.762141914719E0));
#3883=CARTESIAN_POINT('',(1.003311444990E1,1.246051697389E1,-4.775425084225E0));
#3884=CARTESIAN_POINT('',(1.002539727111E1,1.246436305435E1,-4.789898272769E0));
#3885=CARTESIAN_POINT('',(1.001676414263E1,1.246792434260E1,-4.805639065811E0));
#3886=CARTESIAN_POINT('',(1.001029470080E1,1.247010210303E1,-4.817080372690E0));
#3887=CARTESIAN_POINT('',(1.000687644996E1,1.247113248654E1,-4.823022537360E0));
#3889=CARTESIAN_POINT('',(1.000687644996E1,1.247113248654E1,-4.823022537360E0));
#3890=CARTESIAN_POINT('',(9.974384185378E0,1.248092682146E1,-4.879505924877E0));
#3891=CARTESIAN_POINT('',(9.903001095361E0,1.249529108825E1,-4.986074139060E0));
#3892=CARTESIAN_POINT('',(9.778188440475E0,1.250235445587E1,-5.128188440475E0));
#3893=CARTESIAN_POINT('',(9.636074139060E0,1.249529108825E1,-5.253001095361E0));
#3894=CARTESIAN_POINT('',(9.529505924877E0,1.248092682146E1,-5.324384185378E0));
#3895=CARTESIAN_POINT('',(9.473022537360E0,1.247113248654E1,-5.356876449962E0));
#3897=CARTESIAN_POINT('',(9.473022537360E0,1.247113248654E1,-5.356876449962E0));
#3898=CARTESIAN_POINT('',(9.466527526080E0,1.247000623830E1,-5.360612727729E0));
#3899=CARTESIAN_POINT('',(9.454164517035E0,1.246763024794E1,-5.367590520910E0));
#3900=CARTESIAN_POINT('',(9.437652001770E0,1.246381437888E1,-5.376612291050E0));
#3901=CARTESIAN_POINT('',(9.422882853299E0,1.245978121561E1,-5.384449792934E0));
#3902=CARTESIAN_POINT('',(9.409666749431E0,1.245556598418E1,-5.391280546991E0));
#3903=CARTESIAN_POINT('',(9.397758821816E0,1.245116809732E1,-5.397290276376E0));
#3904=CARTESIAN_POINT('',(9.386941219340E0,1.244655682585E1,-5.402631642407E0));
#3905=CARTESIAN_POINT('',(9.377267529184E0,1.244180271580E1,-5.407313813453E0));
#3906=CARTESIAN_POINT('',(9.368685908023E0,1.243694473287E1,-5.411393964509E0));
#3907=CARTESIAN_POINT('',(9.361131509058E0,1.243200988548E1,-5.414929054801E0));
#3908=CARTESIAN_POINT('',(9.354531590225E0,1.242701579179E1,-5.417974513848E0));
#3909=CARTESIAN_POINT('',(9.348805198753E0,1.242195402588E1,-5.420584499776E0));
#3910=CARTESIAN_POINT('',(9.344019180809E0,1.241695504133E1,-5.422742827705E0));
#3911=CARTESIAN_POINT('',(9.340157521114E0,1.241214080893E1,-5.424469250424E0));
#3912=CARTESIAN_POINT('',(9.337089127346E0,1.240751004099E1,-5.425831526915E0));
#3913=CARTESIAN_POINT('',(9.334720795001E0,1.240308567069E1,-5.426877253933E0));
#3914=CARTESIAN_POINT('',(9.332940654801E0,1.239883961675E1,-5.427660011558E0));
#3915=CARTESIAN_POINT('',(9.331640922305E0,1.239463799172E1,-5.428229753710E0));
#3916=CARTESIAN_POINT('',(9.330799352657E0,1.239046958211E1,-5.428597851108E0));
#3917=CARTESIAN_POINT('',(9.330399620414E0,1.238634432087E1,-5.428772472119E0));
#3918=CARTESIAN_POINT('',(9.330422906644E0,1.238226770844E1,-5.428762303306E0));
#3919=CARTESIAN_POINT('',(9.330866884835E0,1.237815540416E1,-5.428568335973E0));
#3920=CARTESIAN_POINT('',(9.331755662335E0,1.237398032563E1,-5.428179517854E0));
#3921=CARTESIAN_POINT('',(9.332659393842E0,1.237116393143E1,-5.427783254200E0));
#3922=CARTESIAN_POINT('',(9.333192750113E0,1.236974900505E1,-5.427548950591E0));
#3924=CARTESIAN_POINT('',(9.333192750113E0,1.236974900505E1,-5.427548950591E0));
#3925=CARTESIAN_POINT('',(9.376289857920E0,1.225541785666E1,-5.408616375025E0));
#3926=CARTESIAN_POINT('',(9.459018080733E0,1.205955329280E1,-5.367285231092E0));
#3927=CARTESIAN_POINT('',(9.573663301344E0,1.185515187475E1,-5.295841401583E0));
#3928=CARTESIAN_POINT('',(9.679451523731E0,1.173456178548E1,-5.215540573851E0));
#3929=CARTESIAN_POINT('',(9.776709224685E0,1.169469366525E1,-5.126709224685E0));
#3930=CARTESIAN_POINT('',(9.865540573851E0,1.173456178548E1,-5.029451523731E0));
#3931=CARTESIAN_POINT('',(9.945841401583E0,1.185515187475E1,-4.923663301344E0));
#3932=CARTESIAN_POINT('',(1.001728523109E1,1.205955329280E1,-4.809018080733E0));
#3933=CARTESIAN_POINT('',(1.005861637503E1,1.225541785666E1,-4.726289857921E0));
#3934=CARTESIAN_POINT('',(1.007754895059E1,1.236974900505E1,-4.683192750113E0));
#3936=DIRECTION('',(0.E0,-1.E0,0.E0));
#3937=VECTOR('',#3936,1.85359E0);
#3938=CARTESIAN_POINT('',(7.3E0,1.26E1,-4.1E0));
#3939=LINE('',#3938,#3937);
#3940=DIRECTION('',(0.E0,1.E0,0.E0));
#3941=VECTOR('',#3940,1.85359E0);
#3942=CARTESIAN_POINT('',(1.02E1,1.074641E1,-4.1E0));
#3943=LINE('',#3942,#3941);
#3944=CARTESIAN_POINT('',(7.422451049409E0,1.236974900505E1,-3.516807249887E0));
#3945=CARTESIAN_POINT('',(7.422211378408E0,1.237119634436E1,-3.517352824204E0));
#3946=CARTESIAN_POINT('',(7.421808898217E0,1.237407041048E1,-3.518270780288E0));
#3947=CARTESIAN_POINT('',(7.421420975509E0,1.237830001356E1,-3.519157567543E0));
#3948=CARTESIAN_POINT('',(7.421232801497E0,1.238245116673E1,-3.519588302907E0));
#3949=CARTESIAN_POINT('',(7.421231553371E0,1.238656456942E1,-3.519591160957E0));
#3950=CARTESIAN_POINT('',(7.421419268811E0,1.239074010714E1,-3.519161471029E0));
#3951=CARTESIAN_POINT('',(7.421807939947E0,1.239498107368E1,-3.518272967032E0));
#3952=CARTESIAN_POINT('',(7.422410005887E0,1.239928372590E1,-3.516899806001E0));
#3953=CARTESIAN_POINT('',(7.423245884435E0,1.240367413827E1,-3.514999645577E0));
#3954=CARTESIAN_POINT('',(7.424352843430E0,1.240819665892E1,-3.512494482204E0));
#3955=CARTESIAN_POINT('',(7.425745281038E0,1.241278555393E1,-3.509361149844E0));
#3956=CARTESIAN_POINT('',(7.427481146011E0,1.241751056508E1,-3.505482365081E0));
#3957=CARTESIAN_POINT('',(7.429625171575E0,1.242238820803E1,-3.500732772099E0));
#3958=CARTESIAN_POINT('',(7.432235250833E0,1.242738769916E1,-3.495011033868E0));
#3959=CARTESIAN_POINT('',(7.435364688119E0,1.243245894841E1,-3.488235513080E0));
#3960=CARTESIAN_POINT('',(7.439078442382E0,1.243755784752E1,-3.480311424083E0));
#3961=CARTESIAN_POINT('',(7.443378271677E0,1.244256234517E1,-3.471289388004E0));
#3962=CARTESIAN_POINT('',(7.448277208966E0,1.244740075473E1,-3.461200789481E0));
#3963=CARTESIAN_POINT('',(7.453810269876E0,1.245203212028E1,-3.450039309910E0));
#3964=CARTESIAN_POINT('',(7.459986030450E0,1.245640349392E1,-3.437858085281E0));
#3965=CARTESIAN_POINT('',(7.466885550101E0,1.246051697389E1,-3.424574915775E0));
#3966=CARTESIAN_POINT('',(7.474602728891E0,1.246436305435E1,-3.410101727231E0));
#3967=CARTESIAN_POINT('',(7.483235857371E0,1.246792434260E1,-3.394360934189E0));
#3968=CARTESIAN_POINT('',(7.489705299201E0,1.247010210303E1,-3.382919627310E0));
#3969=CARTESIAN_POINT('',(7.493123550038E0,1.247113248654E1,-3.376977462640E0));
#3971=CARTESIAN_POINT('',(7.493123550038E0,1.247113248654E1,-3.376977462640E0));
#3972=CARTESIAN_POINT('',(7.525615814622E0,1.248092682146E1,-3.320494075123E0));
#3973=CARTESIAN_POINT('',(7.596998904639E0,1.249529108825E1,-3.213925860940E0));
#3974=CARTESIAN_POINT('',(7.721811559525E0,1.250235445587E1,-3.071811559525E0));
#3975=CARTESIAN_POINT('',(7.863925860940E0,1.249529108825E1,-2.946998904639E0));
#3976=CARTESIAN_POINT('',(7.970494075123E0,1.248092682146E1,-2.875615814622E0));
#3977=CARTESIAN_POINT('',(8.026977462640E0,1.247113248654E1,-2.843123550038E0));
#3979=CARTESIAN_POINT('',(8.026977462640E0,1.247113248654E1,-2.843123550038E0));
#3980=CARTESIAN_POINT('',(8.033472473920E0,1.247000623830E1,-2.839387272271E0));
#3981=CARTESIAN_POINT('',(8.045835482965E0,1.246763024794E1,-2.832409479090E0));
#3982=CARTESIAN_POINT('',(8.062347998230E0,1.246381437888E1,-2.823387708950E0));
#3983=CARTESIAN_POINT('',(8.077117146701E0,1.245978121561E1,-2.815550207066E0));
#3984=CARTESIAN_POINT('',(8.090333250569E0,1.245556598418E1,-2.808719453009E0));
#3985=CARTESIAN_POINT('',(8.102241178184E0,1.245116809732E1,-2.802709723624E0));
#3986=CARTESIAN_POINT('',(8.113058780660E0,1.244655682585E1,-2.797368357593E0));
#3987=CARTESIAN_POINT('',(8.122732470816E0,1.244180271580E1,-2.792686186547E0));
#3988=CARTESIAN_POINT('',(8.131314091977E0,1.243694473287E1,-2.788606035491E0));
#3989=CARTESIAN_POINT('',(8.138868490942E0,1.243200988548E1,-2.785070945199E0));
#3990=CARTESIAN_POINT('',(8.145468409775E0,1.242701579179E1,-2.782025486152E0));
#3991=CARTESIAN_POINT('',(8.151194801247E0,1.242195402588E1,-2.779415500224E0));
#3992=CARTESIAN_POINT('',(8.155980819191E0,1.241695504133E1,-2.777257172295E0));
#3993=CARTESIAN_POINT('',(8.159842478886E0,1.241214080893E1,-2.775530749576E0));
#3994=CARTESIAN_POINT('',(8.162910872654E0,1.240751004099E1,-2.774168473085E0));
#3995=CARTESIAN_POINT('',(8.165279204999E0,1.240308567069E1,-2.773122746067E0));
#3996=CARTESIAN_POINT('',(8.167059345199E0,1.239883961675E1,-2.772339988442E0));
#3997=CARTESIAN_POINT('',(8.168359077695E0,1.239463799172E1,-2.771770246290E0));
#3998=CARTESIAN_POINT('',(8.169200647343E0,1.239046958211E1,-2.771402148892E0));
#3999=CARTESIAN_POINT('',(8.169600379586E0,1.238634432087E1,-2.771227527881E0));
#4000=CARTESIAN_POINT('',(8.169577093356E0,1.238226770844E1,-2.771237696694E0));
#4001=CARTESIAN_POINT('',(8.169133115165E0,1.237815540416E1,-2.771431664027E0));
#4002=CARTESIAN_POINT('',(8.168244337665E0,1.237398032563E1,-2.771820482146E0));
#4003=CARTESIAN_POINT('',(8.167340606158E0,1.237116393143E1,-2.772216745800E0));
#4004=CARTESIAN_POINT('',(8.166807249887E0,1.236974900505E1,-2.772451049409E0));
#4006=CARTESIAN_POINT('',(8.166807249887E0,1.236974900505E1,-2.772451049409E0));
#4007=CARTESIAN_POINT('',(8.123710142080E0,1.225541785666E1,-2.791383624975E0));
#4008=CARTESIAN_POINT('',(8.040981919267E0,1.205955329280E1,-2.832714768908E0));
#4009=CARTESIAN_POINT('',(7.926336698656E0,1.185515187475E1,-2.904158598417E0));
#4010=CARTESIAN_POINT('',(7.820548476269E0,1.173456178548E1,-2.984459426149E0));
#4011=CARTESIAN_POINT('',(7.723290775315E0,1.169469366525E1,-3.073290775315E0));
#4012=CARTESIAN_POINT('',(7.634459426149E0,1.173456178548E1,-3.170548476269E0));
#4013=CARTESIAN_POINT('',(7.554158598417E0,1.185515187475E1,-3.276336698656E0));
#4014=CARTESIAN_POINT('',(7.482714768908E0,1.205955329280E1,-3.390981919267E0));
#4015=CARTESIAN_POINT('',(7.441383624975E0,1.225541785666E1,-3.473710142080E0));
#4016=CARTESIAN_POINT('',(7.422451049409E0,1.236974900505E1,-3.516807249887E0));
#4018=CARTESIAN_POINT('',(9.333192750113E0,1.236974900505E1,-2.772451049409E0));
#4019=CARTESIAN_POINT('',(9.332659414560E0,1.237116387647E1,-2.772216754901E0));
#4020=CARTESIAN_POINT('',(9.331755710332E0,1.237398016545E1,-2.771820503175E0));
#4021=CARTESIAN_POINT('',(9.330866936924E0,1.237815510734E1,-2.771431686798E0));
#4022=CARTESIAN_POINT('',(9.330422934801E0,1.238226728652E1,-2.771237708991E0));
#4023=CARTESIAN_POINT('',(9.330399600003E0,1.238634377291E1,-2.771227518969E0));
#4024=CARTESIAN_POINT('',(9.330799254994E0,1.239046889330E1,-2.771402106215E0));
#4025=CARTESIAN_POINT('',(9.331640712821E0,1.239463714947E1,-2.771770154596E0));
#4026=CARTESIAN_POINT('',(9.332940294442E0,1.239883860800E1,-2.772339830298E0));
#4027=CARTESIAN_POINT('',(9.334720220886E0,1.240308444784E1,-2.773122493222E0));
#4028=CARTESIAN_POINT('',(9.337088263975E0,1.240750858152E1,-2.774168091042E0));
#4029=CARTESIAN_POINT('',(9.340156302967E0,1.241213913172E1,-2.775530207180E0));
#4030=CARTESIAN_POINT('',(9.344017574469E0,1.241695320372E1,-2.777256451459E0));
#4031=CARTESIAN_POINT('',(9.348803144180E0,1.242195204581E1,-2.779414569380E0));
#4032=CARTESIAN_POINT('',(9.354528940440E0,1.242701361020E1,-2.782024272184E0));
#4033=CARTESIAN_POINT('',(9.361127879725E0,1.243200731035E1,-2.785069260982E0));
#4034=CARTESIAN_POINT('',(9.368680982010E0,1.243694171546E1,-2.788603714967E0));
#4035=CARTESIAN_POINT('',(9.377261265156E0,1.244179939739E1,-2.792683184709E0));
#4036=CARTESIAN_POINT('',(9.386933844397E0,1.244655344634E1,-2.797364754554E0));
#4037=CARTESIAN_POINT('',(9.397750896049E0,1.245116496282E1,-2.802705766907E0));
#4038=CARTESIAN_POINT('',(9.409659113297E0,1.245556338489E1,-2.808715549387E0));
#4039=CARTESIAN_POINT('',(9.422876292949E0,1.245977930842E1,-2.815546763923E0));
#4040=CARTESIAN_POINT('',(9.437647201517E0,1.246381320604E1,-2.823385112747E0));
#4041=CARTESIAN_POINT('',(9.454161966295E0,1.246762974309E1,-2.832408047888E0));
#4042=CARTESIAN_POINT('',(9.466526641347E0,1.247000608489E1,-2.839386763325E0));
#4043=CARTESIAN_POINT('',(9.473022537360E0,1.247113248654E1,-2.843123550038E0));
#4045=CARTESIAN_POINT('',(9.473022537360E0,1.247113248654E1,-2.843123550038E0));
#4046=CARTESIAN_POINT('',(9.529505924877E0,1.248092682146E1,-2.875615814622E0));
#4047=CARTESIAN_POINT('',(9.636074139060E0,1.249529108825E1,-2.946998904639E0));
#4048=CARTESIAN_POINT('',(9.778188440475E0,1.250235445587E1,-3.071811559525E0));
#4049=CARTESIAN_POINT('',(9.903001095361E0,1.249529108825E1,-3.213925860940E0));
#4050=CARTESIAN_POINT('',(9.974384185378E0,1.248092682146E1,-3.320494075123E0));
#4051=CARTESIAN_POINT('',(1.000687644996E1,1.247113248654E1,-3.376977462640E0));
#4053=CARTESIAN_POINT('',(1.000687644996E1,1.247113248654E1,-3.376977462640E0));
#4054=CARTESIAN_POINT('',(1.001030315595E1,1.247009955435E1,-3.382934325435E0));
#4055=CARTESIAN_POINT('',(1.001678790050E1,1.246791607245E1,-3.394403184765E0));
#4056=CARTESIAN_POINT('',(1.002544054826E1,1.246434400324E1,-3.410181428487E0));
#4057=CARTESIAN_POINT('',(1.003317112089E1,1.246048653773E1,-3.424682403102E0));
#4058=CARTESIAN_POINT('',(1.004007660842E1,1.245636304446E1,-3.437980089842E0));
#4059=CARTESIAN_POINT('',(1.004624957104E1,1.245198595800E1,-3.450158757289E0));
#4060=CARTESIAN_POINT('',(1.005177207899E1,1.244735555296E1,-3.461301397163E0));
#4061=CARTESIAN_POINT('',(1.005665965843E1,1.244252136875E1,-3.471368334863E0));
#4062=CARTESIAN_POINT('',(1.006095261178E1,1.243751847992E1,-3.480377179156E0));
#4063=CARTESIAN_POINT('',(1.006466173047E1,1.243241951781E1,-3.488292325542E0));
#4064=CARTESIAN_POINT('',(1.006778766969E1,1.242734733535E1,-3.495060989320E0));
#4065=CARTESIAN_POINT('',(1.007039427476E1,1.242234760423E1,-3.500775646058E0));
#4066=CARTESIAN_POINT('',(1.007253487924E1,1.241747064390E1,-3.505518035772E0));
#4067=CARTESIAN_POINT('',(1.007426763940E1,1.241274690513E1,-3.509390132402E0));
#4068=CARTESIAN_POINT('',(1.007565784934E1,1.240815753651E1,-3.512518619883E0));
#4069=CARTESIAN_POINT('',(1.007676201587E1,1.240363733849E1,-3.515017573659E0));
#4070=CARTESIAN_POINT('',(1.007759502062E1,1.239925264966E1,-3.516911256569E0));
#4071=CARTESIAN_POINT('',(1.007819502047E1,1.239495480256E1,-3.518279729268E0));
#4072=CARTESIAN_POINT('',(1.007858212045E1,1.239071862849E1,-3.519164650080E0));
#4073=CARTESIAN_POINT('',(1.007876875653E1,1.238654765057E1,-3.519591870668E0));
#4074=CARTESIAN_POINT('',(1.007876684652E1,1.238243843364E1,-3.519587496901E0));
#4075=CARTESIAN_POINT('',(1.007857836566E1,1.237829131670E1,-3.519156060411E0));
#4076=CARTESIAN_POINT('',(1.007819051044E1,1.237406590427E1,-3.518269430592E0));
#4077=CARTESIAN_POINT('',(1.007778836968E1,1.237119482310E1,-3.517352250766E0));
#4078=CARTESIAN_POINT('',(1.007754895059E1,1.236974900505E1,-3.516807249887E0));
#4080=CARTESIAN_POINT('',(1.007754895059E1,1.236974900505E1,-3.516807249887E0));
#4081=CARTESIAN_POINT('',(1.005861637503E1,1.225541785666E1,-3.473710142079E0));
#4082=CARTESIAN_POINT('',(1.001728523109E1,1.205955329280E1,-3.390981919267E0));
#4083=CARTESIAN_POINT('',(9.945841401583E0,1.185515187475E1,-3.276336698656E0));
#4084=CARTESIAN_POINT('',(9.865540573851E0,1.173456178548E1,-3.170548476269E0));
#4085=CARTESIAN_POINT('',(9.776709224685E0,1.169469366525E1,-3.073290775315E0));
#4086=CARTESIAN_POINT('',(9.679451523731E0,1.173456178548E1,-2.984459426149E0));
#4087=CARTESIAN_POINT('',(9.573663301344E0,1.185515187475E1,-2.904158598417E0));
#4088=CARTESIAN_POINT('',(9.459018080733E0,1.205955329280E1,-2.832714768908E0));
#4089=CARTESIAN_POINT('',(9.376289857921E0,1.225541785666E1,-2.791383624975E0));
#4090=CARTESIAN_POINT('',(9.333192750113E0,1.236974900505E1,-2.772451049409E0));
#4092=DIRECTION('',(0.E0,0.E0,1.E0));
#4093=VECTOR('',#4092,2.734958866235E0);
#4094=CARTESIAN_POINT('',(8.45E0,1.074641E1,-5.467479433118E0));
#4095=LINE('',#4094,#4093);
#4096=CARTESIAN_POINT('',(8.75E0,1.074641E1,-4.1E0));
#4097=DIRECTION('',(0.E0,1.E0,0.E0));
#4098=DIRECTION('',(1.E0,0.E0,0.E0));
#4099=AXIS2_PLACEMENT_3D('',#4096,#4097,#4098);
#4101=CARTESIAN_POINT('',(8.75E0,1.074641E1,-4.1E0));
#4102=DIRECTION('',(0.E0,1.E0,0.E0));
#4103=DIRECTION('',(-1.E0,0.E0,0.E0));
#4104=AXIS2_PLACEMENT_3D('',#4101,#4102,#4103);
#4106=DIRECTION('',(0.E0,0.E0,-1.E0));
#4107=VECTOR('',#4106,2.734958866235E0);
#4108=CARTESIAN_POINT('',(9.05E0,1.074641E1,-2.732520566882E0));
#4109=LINE('',#4108,#4107);
#4110=DIRECTION('',(0.E0,1.E0,0.E0));
#4111=VECTOR('',#4110,4.E-1);
#4112=CARTESIAN_POINT('',(8.45E0,1.074641E1,-2.732520566882E0));
#4113=LINE('',#4112,#4111);
#4114=CARTESIAN_POINT('',(8.75E0,1.074641E1,-4.1E0));
#4115=DIRECTION('',(0.E0,-1.E0,0.E0));
#4116=DIRECTION('',(-2.142857142857E-1,0.E0,9.767710236555E-1));
#4117=AXIS2_PLACEMENT_3D('',#4114,#4115,#4116);
#4119=DIRECTION('',(0.E0,1.E0,0.E0));
#4120=VECTOR('',#4119,4.E-1);
#4121=CARTESIAN_POINT('',(8.45E0,1.074641E1,-5.467479433118E0));
#4122=LINE('',#4121,#4120);
#4123=DIRECTION('',(0.E0,1.E0,0.E0));
#4124=VECTOR('',#4123,4.E-1);
#4125=CARTESIAN_POINT('',(9.05E0,1.074641E1,-5.467479433118E0));
#4126=LINE('',#4125,#4124);
#4127=CARTESIAN_POINT('',(8.75E0,1.074641E1,-4.1E0));
#4128=DIRECTION('',(0.E0,-1.E0,0.E0));
#4129=DIRECTION('',(2.142857142857E-1,0.E0,-9.767710236555E-1));
#4130=AXIS2_PLACEMENT_3D('',#4127,#4128,#4129);
#4132=DIRECTION('',(0.E0,1.E0,0.E0));
#4133=VECTOR('',#4132,4.E-1);
#4134=CARTESIAN_POINT('',(9.05E0,1.074641E1,-2.732520566882E0));
#4135=LINE('',#4134,#4133);
#4136=CARTESIAN_POINT('',(8.75E0,1.114641E1,-4.1E0));
#4137=DIRECTION('',(0.E0,-1.E0,0.E0));
#4138=DIRECTION('',(-2.142857142857E-1,0.E0,9.767710236555E-1));
#4139=AXIS2_PLACEMENT_3D('',#4136,#4137,#4138);
#4141=CARTESIAN_POINT('',(8.75E0,1.134641E1,-4.1E0));
#4142=DIRECTION('',(0.E0,1.E0,0.E0));
#4143=DIRECTION('',(-2.5E-1,0.E0,-9.682458365519E-1));
#4144=AXIS2_PLACEMENT_3D('',#4141,#4142,#4143);
#4146=CARTESIAN_POINT('',(8.45E0,1.114641E1,-5.467479433118E0));
#4147=CARTESIAN_POINT('',(8.45E0,1.115132919740E1,-5.467479433118E0));
#4148=CARTESIAN_POINT('',(8.45E0,1.116114013992E1,-5.467109291912E0));
#4149=CARTESIAN_POINT('',(8.45E0,1.117582367601E1,-5.465440795067E0));
#4150=CARTESIAN_POINT('',(8.45E0,1.119032589709E1,-5.462672497487E0));
#4151=CARTESIAN_POINT('',(8.45E0,1.120462321820E1,-5.458807554737E0));
#4152=CARTESIAN_POINT('',(8.45E0,1.121859707114E1,-5.453874584952E0));
#4153=CARTESIAN_POINT('',(8.45E0,1.123224353204E1,-5.447866347607E0));
#4154=CARTESIAN_POINT('',(8.45E0,1.124541499465E1,-5.440835652587E0));
#4155=CARTESIAN_POINT('',(8.45E0,1.125802563870E1,-5.432833386278E0));
#4156=CARTESIAN_POINT('',(8.45E0,1.127004838588E1,-5.423875463037E0));
#4157=CARTESIAN_POINT('',(8.45E0,1.128143326470E1,-5.413981964202E0));
#4158=CARTESIAN_POINT('',(8.45E0,1.129206549562E1,-5.403245199108E0));
#4159=CARTESIAN_POINT('',(8.45E0,1.130193022118E1,-5.391668564057E0));
#4160=CARTESIAN_POINT('',(8.45E0,1.131092433653E1,-5.379359977677E0));
#4161=CARTESIAN_POINT('',(8.45E0,1.131902896825E1,-5.366332090225E0));
#4162=CARTESIAN_POINT('',(8.45E0,1.132616235436E1,-5.352698644187E0));
#4163=CARTESIAN_POINT('',(8.45E0,1.133230072940E1,-5.338487127564E0));
#4164=CARTESIAN_POINT('',(8.45E0,1.133738013658E1,-5.323824953523E0));
#4165=CARTESIAN_POINT('',(8.45E0,1.134138475149E1,-5.308738994505E0));
#4166=CARTESIAN_POINT('',(8.45E0,1.134427852999E1,-5.293298668624E0));
#4167=CARTESIAN_POINT('',(8.45E0,1.134602331085E1,-5.277625885586E0));
#4168=CARTESIAN_POINT('',(8.45E0,1.134641E1,-5.267150252921E0));
#4169=CARTESIAN_POINT('',(8.45E0,1.134641E1,-5.261895003862E0));
#4171=CARTESIAN_POINT('',(8.45E0,1.134641E1,-2.938104996138E0));
#4172=CARTESIAN_POINT('',(8.45E0,1.134641E1,-2.932849906148E0));
#4173=CARTESIAN_POINT('',(8.45E0,1.134602333419E1,-2.922374588063E0));
#4174=CARTESIAN_POINT('',(8.45E0,1.134427865824E1,-2.906702271281E0));
#4175=CARTESIAN_POINT('',(8.45E0,1.134138505297E1,-2.891262390847E0));
#4176=CARTESIAN_POINT('',(8.45E0,1.133738067238E1,-2.876176840074E0));
#4177=CARTESIAN_POINT('',(8.45E0,1.133230156610E1,-2.861515057901E0));
#4178=CARTESIAN_POINT('',(8.45E0,1.132616354392E1,-2.847303877374E0));
#4179=CARTESIAN_POINT('',(8.45E0,1.131903056780E1,-2.833670731220E0));
#4180=CARTESIAN_POINT('',(8.45E0,1.131092638629E1,-2.820643079358E0));
#4181=CARTESIAN_POINT('',(8.45E0,1.130193277859E1,-2.808334693610E0));
#4182=CARTESIAN_POINT('',(8.45E0,1.129206858207E1,-2.796758176928E0));
#4183=CARTESIAN_POINT('',(8.45E0,1.128143691279E1,-2.786021467600E0));
#4184=CARTESIAN_POINT('',(8.45E0,1.127005251832E1,-2.776127873607E0));
#4185=CARTESIAN_POINT('',(8.45E0,1.125803070034E1,-2.767170161283E0));
#4186=CARTESIAN_POINT('',(8.45E0,1.124542111172E1,-2.759167817975E0));
#4187=CARTESIAN_POINT('',(8.45E0,1.123224409539E1,-2.752133770204E0));
#4188=CARTESIAN_POINT('',(8.45E0,1.121859549467E1,-2.746124776705E0));
#4189=CARTESIAN_POINT('',(8.45E0,1.120462138300E1,-2.741191879536E0));
#4190=CARTESIAN_POINT('',(8.45E0,1.119032454091E1,-2.737327206180E0));
#4191=CARTESIAN_POINT('',(8.45E0,1.117582280831E1,-2.734559084432E0));
#4192=CARTESIAN_POINT('',(8.45E0,1.116113970533E1,-2.732890686298E0));
#4193=CARTESIAN_POINT('',(8.45E0,1.115132905428E1,-2.732520566882E0));
#4194=CARTESIAN_POINT('',(8.45E0,1.114641E1,-2.732520566882E0));
#4196=DIRECTION('',(0.E0,0.E0,1.E0));
#4197=VECTOR('',#4196,2.323790007724E0);
#4198=CARTESIAN_POINT('',(8.45E0,1.134641E1,-5.261895003862E0));
#4199=LINE('',#4198,#4197);
#4200=DIRECTION('',(0.E0,0.E0,-1.E0));
#4201=VECTOR('',#4200,2.323790007724E0);
#4202=CARTESIAN_POINT('',(9.05E0,1.134641E1,-2.938104996138E0));
#4203=LINE('',#4202,#4201);
#4204=CARTESIAN_POINT('',(8.75E0,1.114641E1,-4.1E0));
#4205=DIRECTION('',(0.E0,-1.E0,0.E0));
#4206=DIRECTION('',(2.142857142857E-1,0.E0,-9.767710236555E-1));
#4207=AXIS2_PLACEMENT_3D('',#4204,#4205,#4206);
#4209=CARTESIAN_POINT('',(8.75E0,1.134641E1,-4.1E0));
#4210=DIRECTION('',(0.E0,1.E0,0.E0));
#4211=DIRECTION('',(2.5E-1,0.E0,9.682458365519E-1));
#4212=AXIS2_PLACEMENT_3D('',#4209,#4210,#4211);
#4214=CARTESIAN_POINT('',(9.05E0,1.114641E1,-2.732520566882E0));
#4215=CARTESIAN_POINT('',(9.05E0,1.115132919734E1,-2.732520566882E0));
#4216=CARTESIAN_POINT('',(9.05E0,1.116114013976E1,-2.732890708080E0));
#4217=CARTESIAN_POINT('',(9.05E0,1.117582367568E1,-2.734559204887E0));
#4218=CARTESIAN_POINT('',(9.05E0,1.119032589657E1,-2.737327502400E0));
#4219=CARTESIAN_POINT('',(9.05E0,1.120462321750E1,-2.741192445045E0));
#4220=CARTESIAN_POINT('',(9.05E0,1.121859707055E1,-2.746125414810E0));
#4221=CARTESIAN_POINT('',(9.05E0,1.123224353230E1,-2.752133652454E0));
#4222=CARTESIAN_POINT('',(9.05E0,1.124541499720E1,-2.759164348865E0));
#4223=CARTESIAN_POINT('',(9.05E0,1.125802564058E1,-2.767166615047E0));
#4224=CARTESIAN_POINT('',(9.05E0,1.127004838747E1,-2.776124538243E0));
#4225=CARTESIAN_POINT('',(9.05E0,1.128143326609E1,-2.786018037105E0));
#4226=CARTESIAN_POINT('',(9.05E0,1.129206549680E1,-2.796754802181E0));
#4227=CARTESIAN_POINT('',(9.05E0,1.130193022215E1,-2.808331437186E0));
#4228=CARTESIAN_POINT('',(9.05E0,1.131092433731E1,-2.820640023490E0));
#4229=CARTESIAN_POINT('',(9.05E0,1.131902896886E1,-2.833667910852E0));
#4230=CARTESIAN_POINT('',(9.05E0,1.132616235481E1,-2.847301356775E0));
#4231=CARTESIAN_POINT('',(9.05E0,1.133230072972E1,-2.861512873270E0));
#4232=CARTESIAN_POINT('',(9.05E0,1.133738013679E1,-2.876175047161E0));
#4233=CARTESIAN_POINT('',(9.05E0,1.134138475161E1,-2.891261006024E0));
#4234=CARTESIAN_POINT('',(9.05E0,1.134427853004E1,-2.906701331735E0));
#4235=CARTESIAN_POINT('',(9.05E0,1.134602331086E1,-2.922374114595E0));
#4236=CARTESIAN_POINT('',(9.05E0,1.134641E1,-2.932849747139E0));
#4237=CARTESIAN_POINT('',(9.05E0,1.134641E1,-2.938104996138E0));
#4239=CARTESIAN_POINT('',(9.05E0,1.134641E1,-5.261895003862E0));
#4240=CARTESIAN_POINT('',(9.05E0,1.134641E1,-5.267150093918E0));
#4241=CARTESIAN_POINT('',(9.05E0,1.134602333418E1,-5.277625412134E0));
#4242=CARTESIAN_POINT('',(9.05E0,1.134427865818E1,-5.293297729109E0));
#4243=CARTESIAN_POINT('',(9.05E0,1.134138505284E1,-5.308737609728E0));
#4244=CARTESIAN_POINT('',(9.05E0,1.133738067216E1,-5.323823160672E0));
#4245=CARTESIAN_POINT('',(9.05E0,1.133230156576E1,-5.338484943007E0));
#4246=CARTESIAN_POINT('',(9.05E0,1.132616354343E1,-5.352696123674E0));
#4247=CARTESIAN_POINT('',(9.05E0,1.131903056713E1,-5.366329269953E0));
#4248=CARTESIAN_POINT('',(9.05E0,1.131092638543E1,-5.379356921913E0));
#4249=CARTESIAN_POINT('',(9.05E0,1.130193277753E1,-5.391665307744E0));
#4250=CARTESIAN_POINT('',(9.05E0,1.129206858078E1,-5.403241824475E0));
#4251=CARTESIAN_POINT('',(9.05E0,1.128143691127E1,-5.413978533829E0));
#4252=CARTESIAN_POINT('',(9.05E0,1.127005251662E1,-5.423872127773E0));
#4253=CARTESIAN_POINT('',(9.05E0,1.125803069818E1,-5.432829840221E0));
#4254=CARTESIAN_POINT('',(9.05E0,1.124542110939E1,-5.440832183340E0));
#4255=CARTESIAN_POINT('',(9.05E0,1.123224409520E1,-5.447866229828E0));
#4256=CARTESIAN_POINT('',(9.05E0,1.121859549534E1,-5.453875223024E0));
#4257=CARTESIAN_POINT('',(9.05E0,1.120462138376E1,-5.458808120231E0));
#4258=CARTESIAN_POINT('',(9.05E0,1.119032454147E1,-5.462672793696E0));
#4259=CARTESIAN_POINT('',(9.05E0,1.117582280867E1,-5.465440915518E0));
#4260=CARTESIAN_POINT('',(9.05E0,1.116113970551E1,-5.467109313693E0));
#4261=CARTESIAN_POINT('',(9.05E0,1.115132905434E1,-5.467479433118E0));
#4262=CARTESIAN_POINT('',(9.05E0,1.114641E1,-5.467479433118E0));
#4264=DIRECTION('',(7.071067811865E-1,0.E0,7.071067811865E-1));
#4265=VECTOR('',#4264,1.052678633953E0);
#4266=CARTESIAN_POINT('',(7.422451049409E0,1.236974900505E1,-3.516807249887E0));
#4267=LINE('',#4266,#4265);
#4268=DIRECTION('',(7.071067811866E-1,-1.176421055740E-14,7.071067811865E-1));
#4269=VECTOR('',#4268,7.549834435269E-1);
#4270=CARTESIAN_POINT('',(7.493123550038E0,1.247113248654E1,-3.376977462640E0));
#4271=LINE('',#4270,#4269);
#4272=DIRECTION('',(7.071067811866E-1,-4.049912553609E-14,-7.071067811865E-1));
#4273=VECTOR('',#4272,1.052678633953E0);
#4274=CARTESIAN_POINT('',(9.333192750113E0,1.236974900505E1,-2.772451049409E0));
#4275=LINE('',#4274,#4273);
#4276=DIRECTION('',(7.071067811866E-1,0.E0,-7.071067811865E-1));
#4277=VECTOR('',#4276,7.549834435269E-1);
#4278=CARTESIAN_POINT('',(9.473022537360E0,1.247113248654E1,-2.843123550038E0));
#4279=LINE('',#4278,#4277);
#4280=DIRECTION('',(-7.071067811865E-1,0.E0,7.071067811865E-1));
#4281=VECTOR('',#4280,1.052678633953E0);
#4282=CARTESIAN_POINT('',(8.166807249887E0,1.236974900505E1,-5.427548950591E0));
#4283=LINE('',#4282,#4281);
#4284=DIRECTION('',(-7.071067811866E-1,0.E0,7.071067811865E-1));
#4285=VECTOR('',#4284,7.549834435269E-1);
#4286=CARTESIAN_POINT('',(8.026977462640E0,1.247113248654E1,-5.356876449962E0));
#4287=LINE('',#4286,#4285);
#4288=DIRECTION('',(-7.071067811865E-1,-1.687463564004E-14,-7.071067811865E-1));
#4289=VECTOR('',#4288,1.052678633953E0);
#4290=CARTESIAN_POINT('',(1.007754895059E1,1.236974900505E1,-4.683192750113E0));
#4291=LINE('',#4290,#4289);
#4292=DIRECTION('',(-7.071067811865E-1,0.E0,-7.071067811865E-1));
#4293=VECTOR('',#4292,7.549834435269E-1);
#4294=CARTESIAN_POINT('',(1.000687644996E1,1.247113248654E1,-4.823022537360E0));
#4295=LINE('',#4294,#4293);
#4296=CARTESIAN_POINT('',(-7.315295624440E0,6.162010633810E0,
-9.978032225675E-1));
#4297=CARTESIAN_POINT('',(-7.322643697240E0,6.229111874198E0,
-9.517152653534E-1));
#4298=CARTESIAN_POINT('',(-7.330343144791E0,6.296185708075E0,
-9.056461320852E-1));
#4299=CARTESIAN_POINT('',(-7.338394368639E0,6.363232104121E0,
-8.595958442745E-1));
#4301=CARTESIAN_POINT('',(-7.608359334102E0,5.666919739696E0,
-1.337852494577E0));
#4302=CARTESIAN_POINT('',(-7.573765924914E0,5.703881335511E0,
-1.312465714294E0));
#4303=CARTESIAN_POINT('',(-7.511179143394E0,5.780592100596E0,
-1.259777530906E0));
#4304=CARTESIAN_POINT('',(-7.406671561330E0,5.942742057789E0,
-1.148406112939E0));
#4305=CARTESIAN_POINT('',(-7.347674436131E0,6.072541313471E0,
-1.059254518905E0));
#4306=CARTESIAN_POINT('',(-7.315295624440E0,6.162010633810E0,
-9.978032225675E-1));
#4308=DIRECTION('',(1.E0,0.E0,0.E0));
#4309=VECTOR('',#4308,1.996634894412E0);
#4310=CARTESIAN_POINT('',(-9.604994228513E0,5.666919739696E0,
-1.337852494577E0));
#4311=LINE('',#4310,#4309);
#4312=CARTESIAN_POINT('',(-9.908699912620E0,6.363232104121E0,
-8.595958442745E-1));
#4313=CARTESIAN_POINT('',(-9.880368687960E0,6.240240256782E0,
-9.440718236314E-1));
#4314=CARTESIAN_POINT('',(-9.823277618268E0,6.060297002111E0,
-1.067664427497E0));
#4315=CARTESIAN_POINT('',(-9.712594072727E0,5.831135004019E0,
-1.225062536713E0));
#4316=CARTESIAN_POINT('',(-9.643693496078E0,5.720776097838E0,
-1.300861680170E0));
#4317=CARTESIAN_POINT('',(-9.604994228513E0,5.666919739696E0,
-1.337852494577E0));
#4319=CARTESIAN_POINT('',(-3.815295624440E0,6.162010633810E0,
-9.978032225675E-1));
#4320=CARTESIAN_POINT('',(-3.822643697240E0,6.229111874198E0,
-9.517152653534E-1));
#4321=CARTESIAN_POINT('',(-3.830343144791E0,6.296185708075E0,
-9.056461320852E-1));
#4322=CARTESIAN_POINT('',(-3.838394368639E0,6.363232104121E0,
-8.595958442745E-1));
#4324=CARTESIAN_POINT('',(-4.108359334102E0,5.666919739696E0,
-1.337852494577E0));
#4325=CARTESIAN_POINT('',(-4.073765924914E0,5.703881335511E0,
-1.312465714294E0));
#4326=CARTESIAN_POINT('',(-4.011179143394E0,5.780592100596E0,
-1.259777530906E0));
#4327=CARTESIAN_POINT('',(-3.906671561330E0,5.942742057789E0,
-1.148406112939E0));
#4328=CARTESIAN_POINT('',(-3.847674436131E0,6.072541313471E0,
-1.059254518905E0));
#4329=CARTESIAN_POINT('',(-3.815295624440E0,6.162010633810E0,
-9.978032225675E-1));
#4331=DIRECTION('',(1.E0,0.E0,0.E0));
#4332=VECTOR('',#4331,2.283281331797E0);
#4333=CARTESIAN_POINT('',(-6.391640665898E0,5.666919739696E0,
-1.337852494577E0));
#4334=LINE('',#4333,#4332);
#4335=CARTESIAN_POINT('',(-6.684704375560E0,6.162010633810E0,
-9.978032225675E-1));
#4336=CARTESIAN_POINT('',(-6.652325563869E0,6.072541313471E0,
-1.059254518905E0));
#4337=CARTESIAN_POINT('',(-6.593328438670E0,5.942742057789E0,
-1.148406112939E0));
#4338=CARTESIAN_POINT('',(-6.488820856606E0,5.780592100596E0,
-1.259777530906E0));
#4339=CARTESIAN_POINT('',(-6.426234075086E0,5.703881335511E0,
-1.312465714294E0));
#4340=CARTESIAN_POINT('',(-6.391640665898E0,5.666919739696E0,
-1.337852494577E0));
#4342=CARTESIAN_POINT('',(-6.661605631361E0,6.363232104121E0,
-8.595958442745E-1));
#4343=CARTESIAN_POINT('',(-6.669656855209E0,6.296185708075E0,
-9.056461320852E-1));
#4344=CARTESIAN_POINT('',(-6.677356302760E0,6.229111874198E0,
-9.517152653534E-1));
#4345=CARTESIAN_POINT('',(-6.684704375560E0,6.162010633810E0,
-9.978032225675E-1));
#4347=CARTESIAN_POINT('',(-3.152956244395E-1,6.162010633810E0,
-9.978032225675E-1));
#4348=CARTESIAN_POINT('',(-3.226436972398E-1,6.229111874198E0,
-9.517152653534E-1));
#4349=CARTESIAN_POINT('',(-3.303431447911E-1,6.296185708075E0,
-9.056461320852E-1));
#4350=CARTESIAN_POINT('',(-3.383943686394E-1,6.363232104121E0,
-8.595958442745E-1));
#4352=CARTESIAN_POINT('',(-6.083593341017E-1,5.666919739696E0,
-1.337852494577E0));
#4353=CARTESIAN_POINT('',(-5.737659249141E-1,5.703881335511E0,
-1.312465714294E0));
#4354=CARTESIAN_POINT('',(-5.111791433938E-1,5.780592100596E0,
-1.259777530906E0));
#4355=CARTESIAN_POINT('',(-4.066715613304E-1,5.942742057789E0,
-1.148406112939E0));
#4356=CARTESIAN_POINT('',(-3.476744361310E-1,6.072541313471E0,
-1.059254518905E0));
#4357=CARTESIAN_POINT('',(-3.152956244395E-1,6.162010633810E0,
-9.978032225675E-1));
#4359=DIRECTION('',(1.E0,0.E0,0.E0));
#4360=VECTOR('',#4359,2.283281331797E0);
#4361=CARTESIAN_POINT('',(-2.891640665898E0,5.666919739696E0,
-1.337852494577E0));
#4362=LINE('',#4361,#4360);
#4363=CARTESIAN_POINT('',(-3.184704375560E0,6.162010633810E0,
-9.978032225675E-1));
#4364=CARTESIAN_POINT('',(-3.152325563869E0,6.072541313471E0,
-1.059254518905E0));
#4365=CARTESIAN_POINT('',(-3.093328438670E0,5.942742057789E0,
-1.148406112939E0));
#4366=CARTESIAN_POINT('',(-2.988820856606E0,5.780592100596E0,
-1.259777530906E0));
#4367=CARTESIAN_POINT('',(-2.926234075086E0,5.703881335510E0,
-1.312465714294E0));
#4368=CARTESIAN_POINT('',(-2.891640665898E0,5.666919739696E0,
-1.337852494577E0));
#4370=CARTESIAN_POINT('',(-3.161605631361E0,6.363232104121E0,
-8.595958442745E-1));
#4371=CARTESIAN_POINT('',(-3.169656855209E0,6.296185708075E0,
-9.056461320852E-1));
#4372=CARTESIAN_POINT('',(-3.177356302760E0,6.229111874198E0,
-9.517152653534E-1));
#4373=CARTESIAN_POINT('',(-3.184704375560E0,6.162010633810E0,
-9.978032225675E-1));
#4375=CARTESIAN_POINT('',(3.184704375560E0,6.162010633810E0,
-9.978032225675E-1));
#4376=CARTESIAN_POINT('',(3.177356302760E0,6.229111874198E0,
-9.517152653534E-1));
#4377=CARTESIAN_POINT('',(3.169656855209E0,6.296185708075E0,
-9.056461320852E-1));
#4378=CARTESIAN_POINT('',(3.161605631361E0,6.363232104121E0,
-8.595958442745E-1));
#4380=CARTESIAN_POINT('',(2.891640665898E0,5.666919739696E0,-1.337852494577E0));
#4381=CARTESIAN_POINT('',(2.926234075086E0,5.703881335511E0,-1.312465714294E0));
#4382=CARTESIAN_POINT('',(2.988820856606E0,5.780592100596E0,-1.259777530906E0));
#4383=CARTESIAN_POINT('',(3.093328438670E0,5.942742057789E0,-1.148406112939E0));
#4384=CARTESIAN_POINT('',(3.152325563869E0,6.072541313471E0,-1.059254518905E0));
#4385=CARTESIAN_POINT('',(3.184704375560E0,6.162010633810E0,
-9.978032225675E-1));
#4387=DIRECTION('',(1.E0,0.E0,0.E0));
#4388=VECTOR('',#4387,2.283281331797E0);
#4389=CARTESIAN_POINT('',(6.083593341017E-1,5.666919739696E0,
-1.337852494577E0));
#4390=LINE('',#4389,#4388);
#4391=CARTESIAN_POINT('',(3.152956244395E-1,6.162010633810E0,
-9.978032225675E-1));
#4392=CARTESIAN_POINT('',(3.476744361310E-1,6.072541313471E0,
-1.059254518905E0));
#4393=CARTESIAN_POINT('',(4.066715613304E-1,5.942742057789E0,
-1.148406112939E0));
#4394=CARTESIAN_POINT('',(5.111791433938E-1,5.780592100596E0,
-1.259777530906E0));
#4395=CARTESIAN_POINT('',(5.737659249141E-1,5.703881335511E0,
-1.312465714294E0));
#4396=CARTESIAN_POINT('',(6.083593341017E-1,5.666919739696E0,
-1.337852494577E0));
#4398=CARTESIAN_POINT('',(3.383943686394E-1,6.363232104121E0,
-8.595958442745E-1));
#4399=CARTESIAN_POINT('',(3.303431447911E-1,6.296185708075E0,
-9.056461320852E-1));
#4400=CARTESIAN_POINT('',(3.226436972398E-1,6.229111874198E0,
-9.517152653534E-1));
#4401=CARTESIAN_POINT('',(3.152956244395E-1,6.162010633810E0,
-9.978032225675E-1));
#4403=CARTESIAN_POINT('',(7.338394368639E0,6.363232104121E0,
-8.595958442745E-1));
#4404=CARTESIAN_POINT('',(7.330343144791E0,6.296185708075E0,
-9.056461320852E-1));
#4405=CARTESIAN_POINT('',(7.322643697240E0,6.229111874198E0,
-9.517152653534E-1));
#4406=CARTESIAN_POINT('',(7.315295624440E0,6.162010633810E0,
-9.978032225675E-1));
#4408=CARTESIAN_POINT('',(9.604994228513E0,5.666919739696E0,-1.337852494577E0));
#4409=CARTESIAN_POINT('',(9.643693496078E0,5.720776097838E0,-1.300861680170E0));
#4410=CARTESIAN_POINT('',(9.712594072727E0,5.831135004019E0,-1.225062536713E0));
#4411=CARTESIAN_POINT('',(9.823277618268E0,6.060297002111E0,-1.067664427497E0));
#4412=CARTESIAN_POINT('',(9.880368687960E0,6.240240256782E0,
-9.440718236314E-1));
#4413=CARTESIAN_POINT('',(9.908699912620E0,6.363232104121E0,
-8.595958442745E-1));
#4415=DIRECTION('',(1.E0,0.E0,0.E0));
#4416=VECTOR('',#4415,1.996634894412E0);
#4417=CARTESIAN_POINT('',(7.608359334102E0,5.666919739696E0,-1.337852494577E0));
#4418=LINE('',#4417,#4416);
#4419=CARTESIAN_POINT('',(7.315295624440E0,6.162010633810E0,
-9.978032225675E-1));
#4420=CARTESIAN_POINT('',(7.347674436131E0,6.072541313471E0,-1.059254518905E0));
#4421=CARTESIAN_POINT('',(7.406671561330E0,5.942742057789E0,-1.148406112939E0));
#4422=CARTESIAN_POINT('',(7.511179143394E0,5.780592100596E0,-1.259777530906E0));
#4423=CARTESIAN_POINT('',(7.573765924914E0,5.703881335510E0,-1.312465714294E0));
#4424=CARTESIAN_POINT('',(7.608359334102E0,5.666919739696E0,-1.337852494577E0));
#4426=CARTESIAN_POINT('',(6.684704375560E0,6.162010633810E0,
-9.978032225675E-1));
#4427=CARTESIAN_POINT('',(6.677356302760E0,6.229111874198E0,
-9.517152653534E-1));
#4428=CARTESIAN_POINT('',(6.669656855209E0,6.296185708075E0,
-9.056461320852E-1));
#4429=CARTESIAN_POINT('',(6.661605631361E0,6.363232104121E0,
-8.595958442745E-1));
#4431=CARTESIAN_POINT('',(6.391640665898E0,5.666919739696E0,-1.337852494577E0));
#4432=CARTESIAN_POINT('',(6.426234075086E0,5.703881335511E0,-1.312465714294E0));
#4433=CARTESIAN_POINT('',(6.488820856606E0,5.780592100596E0,-1.259777530906E0));
#4434=CARTESIAN_POINT('',(6.593328438670E0,5.942742057789E0,-1.148406112939E0));
#4435=CARTESIAN_POINT('',(6.652325563869E0,6.072541313471E0,-1.059254518905E0));
#4436=CARTESIAN_POINT('',(6.684704375560E0,6.162010633810E0,
-9.978032225675E-1));
#4438=DIRECTION('',(1.E0,0.E0,0.E0));
#4439=VECTOR('',#4438,2.283281331797E0);
#4440=CARTESIAN_POINT('',(4.108359334102E0,5.666919739696E0,-1.337852494577E0));
#4441=LINE('',#4440,#4439);
#4442=CARTESIAN_POINT('',(3.815295624440E0,6.162010633810E0,
-9.978032225675E-1));
#4443=CARTESIAN_POINT('',(3.847674436131E0,6.072541313471E0,-1.059254518905E0));
#4444=CARTESIAN_POINT('',(3.906671561330E0,5.942742057789E0,-1.148406112939E0));
#4445=CARTESIAN_POINT('',(4.011179143394E0,5.780592100596E0,-1.259777530906E0));
#4446=CARTESIAN_POINT('',(4.073765924914E0,5.703881335510E0,-1.312465714294E0));
#4447=CARTESIAN_POINT('',(4.108359334102E0,5.666919739696E0,-1.337852494577E0));
#4449=CARTESIAN_POINT('',(3.838394368639E0,6.363232104121E0,
-8.595958442745E-1));
#4450=CARTESIAN_POINT('',(3.830343144791E0,6.296185708075E0,
-9.056461320852E-1));
#4451=CARTESIAN_POINT('',(3.822643697240E0,6.229111874198E0,
-9.517152653534E-1));
#4452=CARTESIAN_POINT('',(3.815295624440E0,6.162010633810E0,
-9.978032225675E-1));
#4454=CARTESIAN_POINT('',(-7.315295624440E0,6.162010633810E0,
-9.978032225675E-1));
#4455=CARTESIAN_POINT('',(-7.302769670040E0,6.047625937290E0,
-9.740303879415E-1));
#4456=CARTESIAN_POINT('',(-7.279642378188E0,5.817633981262E0,
-9.254929143753E-1));
#4457=CARTESIAN_POINT('',(-7.250880127407E0,5.468775616088E0,
-8.500040921099E-1));
#4458=CARTESIAN_POINT('',(-7.228273008623E0,5.116785162536E0,
-7.723358485616E-1));
#4459=CARTESIAN_POINT('',(-7.211988650594E0,4.762246402035E0,
-6.929740117211E-1));
#4460=CARTESIAN_POINT('',(-7.202174516873E0,4.405944168416E0,
-6.124601410836E-1));
#4461=CARTESIAN_POINT('',(-7.2E0,4.168678560541E0,-5.585940460757E-1));
#4462=CARTESIAN_POINT('',(-7.2E0,4.05E0,-5.316507068989E-1));
#4464=CARTESIAN_POINT('',(-7.2E0,4.05E0,-5.316507068989E-1));
#4465=CARTESIAN_POINT('',(-7.2E0,3.931321805838E0,-5.585939628976E-1));
#4466=CARTESIAN_POINT('',(-7.202174496990E0,3.694056604082E0,
-6.124599663505E-1));
#4467=CARTESIAN_POINT('',(-7.211988677686E0,3.337752660457E0,
-6.929742235255E-1));
#4468=CARTESIAN_POINT('',(-7.228273064275E0,2.983213889737E0,
-7.723360589099E-1));
#4469=CARTESIAN_POINT('',(-7.250880157319E0,2.631224032667E0,
-8.500041678948E-1));
#4470=CARTESIAN_POINT('',(-7.279642356847E0,2.282366270901E0,
-9.254928599215E-1));
#4471=CARTESIAN_POINT('',(-7.302769654628E0,2.052374203448E0,
-9.740303586915E-1));
#4472=CARTESIAN_POINT('',(-7.315295624440E0,1.937989366190E0,
-9.978032225675E-1));
#4474=CARTESIAN_POINT('',(-7.338394368639E0,1.736767895879E0,
-8.595958442745E-1));
#4475=CARTESIAN_POINT('',(-7.330343144791E0,1.803814291925E0,
-9.056461320852E-1));
#4476=CARTESIAN_POINT('',(-7.322643697240E0,1.870888125802E0,
-9.517152653534E-1));
#4477=CARTESIAN_POINT('',(-7.315295624440E0,1.937989366190E0,
-9.978032225675E-1));
#4479=DIRECTION('',(1.E0,0.E0,0.E0));
#4480=VECTOR('',#4479,2.570305543981E0);
#4481=CARTESIAN_POINT('',(-9.908699912620E0,1.736767895879E0,
-8.595958442745E-1));
#4482=LINE('',#4481,#4480);
#4483=CARTESIAN_POINT('',(-9.908699912620E0,1.736767895879E0,
-8.595958442745E-1));
#4484=CARTESIAN_POINT('',(-9.880368687960E0,1.859759743218E0,
-9.440718236314E-1));
#4485=CARTESIAN_POINT('',(-9.823277618268E0,2.039702997889E0,
-1.067664427497E0));
#4486=CARTESIAN_POINT('',(-9.712594072727E0,2.268864995981E0,
-1.225062536713E0));
#4487=CARTESIAN_POINT('',(-9.643693496078E0,2.379223902162E0,
-1.300861680170E0));
#4488=CARTESIAN_POINT('',(-9.604994228513E0,2.433080260304E0,
-1.337852494577E0));
#4490=CARTESIAN_POINT('',(-7.608359334102E0,2.433080260304E0,
-1.337852494577E0));
#4491=CARTESIAN_POINT('',(-7.573765924914E0,2.396118664489E0,
-1.312465714294E0));
#4492=CARTESIAN_POINT('',(-7.511179143394E0,2.319407899404E0,
-1.259777530906E0));
#4493=CARTESIAN_POINT('',(-7.406671561330E0,2.157257942211E0,
-1.148406112939E0));
#4494=CARTESIAN_POINT('',(-7.347674436131E0,2.027458686529E0,
-1.059254518905E0));
#4495=CARTESIAN_POINT('',(-7.315295624440E0,1.937989366190E0,
-9.978032225675E-1));
#4497=CARTESIAN_POINT('',(-3.838394368639E0,1.736767895879E0,
-8.595958442745E-1));
#4498=CARTESIAN_POINT('',(-3.830343144791E0,1.803814291925E0,
-9.056461320852E-1));
#4499=CARTESIAN_POINT('',(-3.822643697240E0,1.870888125802E0,
-9.517152653534E-1));
#4500=CARTESIAN_POINT('',(-3.815295624440E0,1.937989366190E0,
-9.978032225675E-1));
#4502=DIRECTION('',(1.E0,0.E0,0.E0));
#4503=VECTOR('',#4502,2.823211262721E0);
#4504=CARTESIAN_POINT('',(-6.661605631361E0,1.736767895879E0,
-8.595958442745E-1));
#4505=LINE('',#4504,#4503);
#4506=CARTESIAN_POINT('',(-6.684704375560E0,1.937989366190E0,
-9.978032225675E-1));
#4507=CARTESIAN_POINT('',(-6.677356302760E0,1.870888125802E0,
-9.517152653534E-1));
#4508=CARTESIAN_POINT('',(-6.669656855209E0,1.803814291925E0,
-9.056461320852E-1));
#4509=CARTESIAN_POINT('',(-6.661605631361E0,1.736767895879E0,
-8.595958442745E-1));
#4511=CARTESIAN_POINT('',(-6.684704375560E0,1.937989366190E0,
-9.978032225675E-1));
#4512=CARTESIAN_POINT('',(-6.652325563869E0,2.027458686529E0,
-1.059254518905E0));
#4513=CARTESIAN_POINT('',(-6.593328438670E0,2.157257942211E0,
-1.148406112939E0));
#4514=CARTESIAN_POINT('',(-6.488820856606E0,2.319407899404E0,
-1.259777530906E0));
#4515=CARTESIAN_POINT('',(-6.426234075086E0,2.396118664489E0,
-1.312465714294E0));
#4516=CARTESIAN_POINT('',(-6.391640665898E0,2.433080260304E0,
-1.337852494577E0));
#4518=CARTESIAN_POINT('',(-4.108359334102E0,2.433080260304E0,
-1.337852494577E0));
#4519=CARTESIAN_POINT('',(-4.073765924914E0,2.396118664490E0,
-1.312465714294E0));
#4520=CARTESIAN_POINT('',(-4.011179143394E0,2.319407899404E0,
-1.259777530906E0));
#4521=CARTESIAN_POINT('',(-3.906671561330E0,2.157257942211E0,
-1.148406112939E0));
#4522=CARTESIAN_POINT('',(-3.847674436131E0,2.027458686529E0,
-1.059254518905E0));
#4523=CARTESIAN_POINT('',(-3.815295624440E0,1.937989366190E0,
-9.978032225675E-1));
#4525=CARTESIAN_POINT('',(-3.383943686394E-1,1.736767895879E0,
-8.595958442745E-1));
#4526=CARTESIAN_POINT('',(-3.303431447911E-1,1.803814291925E0,
-9.056461320852E-1));
#4527=CARTESIAN_POINT('',(-3.226436972398E-1,1.870888125802E0,
-9.517152653534E-1));
#4528=CARTESIAN_POINT('',(-3.152956244395E-1,1.937989366190E0,
-9.978032225675E-1));
#4530=DIRECTION('',(1.E0,0.E0,0.E0));
#4531=VECTOR('',#4530,2.823211262721E0);
#4532=CARTESIAN_POINT('',(-3.161605631361E0,1.736767895879E0,
-8.595958442745E-1));
#4533=LINE('',#4532,#4531);
#4534=CARTESIAN_POINT('',(-3.184704375560E0,1.937989366190E0,
-9.978032225675E-1));
#4535=CARTESIAN_POINT('',(-3.177356302760E0,1.870888125802E0,
-9.517152653534E-1));
#4536=CARTESIAN_POINT('',(-3.169656855209E0,1.803814291925E0,
-9.056461320852E-1));
#4537=CARTESIAN_POINT('',(-3.161605631361E0,1.736767895879E0,
-8.595958442745E-1));
#4539=CARTESIAN_POINT('',(-3.184704375560E0,1.937989366190E0,
-9.978032225675E-1));
#4540=CARTESIAN_POINT('',(-3.152325563869E0,2.027458686529E0,
-1.059254518905E0));
#4541=CARTESIAN_POINT('',(-3.093328438670E0,2.157257942211E0,
-1.148406112939E0));
#4542=CARTESIAN_POINT('',(-2.988820856606E0,2.319407899404E0,
-1.259777530906E0));
#4543=CARTESIAN_POINT('',(-2.926234075086E0,2.396118664490E0,
-1.312465714294E0));
#4544=CARTESIAN_POINT('',(-2.891640665898E0,2.433080260304E0,
-1.337852494577E0));
#4546=CARTESIAN_POINT('',(-6.083593341017E-1,2.433080260304E0,
-1.337852494577E0));
#4547=CARTESIAN_POINT('',(-5.737659249141E-1,2.396118664490E0,
-1.312465714294E0));
#4548=CARTESIAN_POINT('',(-5.111791433938E-1,2.319407899404E0,
-1.259777530906E0));
#4549=CARTESIAN_POINT('',(-4.066715613304E-1,2.157257942211E0,
-1.148406112939E0));
#4550=CARTESIAN_POINT('',(-3.476744361310E-1,2.027458686529E0,
-1.059254518905E0));
#4551=CARTESIAN_POINT('',(-3.152956244395E-1,1.937989366190E0,
-9.978032225675E-1));
#4553=CARTESIAN_POINT('',(3.161605631361E0,1.736767895879E0,
-8.595958442745E-1));
#4554=CARTESIAN_POINT('',(3.169656855209E0,1.803814291925E0,
-9.056461320852E-1));
#4555=CARTESIAN_POINT('',(3.177356302760E0,1.870888125802E0,
-9.517152653534E-1));
#4556=CARTESIAN_POINT('',(3.184704375560E0,1.937989366190E0,
-9.978032225675E-1));
#4558=DIRECTION('',(1.E0,0.E0,0.E0));
#4559=VECTOR('',#4558,2.823211262721E0);
#4560=CARTESIAN_POINT('',(3.383943686394E-1,1.736767895879E0,
-8.595958442745E-1));
#4561=LINE('',#4560,#4559);
#4562=CARTESIAN_POINT('',(3.152956244395E-1,1.937989366190E0,
-9.978032225675E-1));
#4563=CARTESIAN_POINT('',(3.226436972398E-1,1.870888125802E0,
-9.517152653534E-1));
#4564=CARTESIAN_POINT('',(3.303431447911E-1,1.803814291925E0,
-9.056461320852E-1));
#4565=CARTESIAN_POINT('',(3.383943686394E-1,1.736767895879E0,
-8.595958442745E-1));
#4567=CARTESIAN_POINT('',(3.152956244395E-1,1.937989366190E0,
-9.978032225675E-1));
#4568=CARTESIAN_POINT('',(3.476744361310E-1,2.027458686529E0,
-1.059254518905E0));
#4569=CARTESIAN_POINT('',(4.066715613304E-1,2.157257942211E0,
-1.148406112939E0));
#4570=CARTESIAN_POINT('',(5.111791433938E-1,2.319407899404E0,
-1.259777530906E0));
#4571=CARTESIAN_POINT('',(5.737659249141E-1,2.396118664490E0,
-1.312465714294E0));
#4572=CARTESIAN_POINT('',(6.083593341017E-1,2.433080260304E0,
-1.337852494577E0));
#4574=CARTESIAN_POINT('',(2.891640665898E0,2.433080260304E0,-1.337852494577E0));
#4575=CARTESIAN_POINT('',(2.926234075086E0,2.396118664490E0,-1.312465714294E0));
#4576=CARTESIAN_POINT('',(2.988820856606E0,2.319407899404E0,-1.259777530906E0));
#4577=CARTESIAN_POINT('',(3.093328438670E0,2.157257942211E0,-1.148406112939E0));
#4578=CARTESIAN_POINT('',(3.152325563869E0,2.027458686529E0,-1.059254518905E0));
#4579=CARTESIAN_POINT('',(3.184704375560E0,1.937989366190E0,
-9.978032225675E-1));
#4581=CARTESIAN_POINT('',(7.315295624440E0,1.937989366190E0,
-9.978032225675E-1));
#4582=CARTESIAN_POINT('',(7.322643697240E0,1.870888125802E0,
-9.517152653534E-1));
#4583=CARTESIAN_POINT('',(7.330343144791E0,1.803814291925E0,
-9.056461320852E-1));
#4584=CARTESIAN_POINT('',(7.338394368639E0,1.736767895879E0,
-8.595958442745E-1));
#4586=CARTESIAN_POINT('',(7.315295624440E0,1.937989366190E0,
-9.978032225675E-1));
#4587=CARTESIAN_POINT('',(7.347674436131E0,2.027458686529E0,-1.059254518905E0));
#4588=CARTESIAN_POINT('',(7.406671561330E0,2.157257942211E0,-1.148406112939E0));
#4589=CARTESIAN_POINT('',(7.511179143394E0,2.319407899404E0,-1.259777530906E0));
#4590=CARTESIAN_POINT('',(7.573765924914E0,2.396118664490E0,-1.312465714294E0));
#4591=CARTESIAN_POINT('',(7.608359334102E0,2.433080260304E0,-1.337852494577E0));
#4593=CARTESIAN_POINT('',(9.604994228513E0,2.433080260304E0,-1.337852494577E0));
#4594=CARTESIAN_POINT('',(9.643693496078E0,2.379223902162E0,-1.300861680170E0));
#4595=CARTESIAN_POINT('',(9.712594072727E0,2.268864995981E0,-1.225062536713E0));
#4596=CARTESIAN_POINT('',(9.823277618268E0,2.039702997889E0,-1.067664427497E0));
#4597=CARTESIAN_POINT('',(9.880368687960E0,1.859759743218E0,
-9.440718236314E-1));
#4598=CARTESIAN_POINT('',(9.908699912620E0,1.736767895879E0,
-8.595958442745E-1));
#4600=DIRECTION('',(1.E0,0.E0,0.E0));
#4601=VECTOR('',#4600,2.570305543981E0);
#4602=CARTESIAN_POINT('',(7.338394368639E0,1.736767895879E0,
-8.595958442745E-1));
#4603=LINE('',#4602,#4601);
#4604=CARTESIAN_POINT('',(6.661605631361E0,1.736767895879E0,
-8.595958442745E-1));
#4605=CARTESIAN_POINT('',(6.669656855209E0,1.803814291925E0,
-9.056461320852E-1));
#4606=CARTESIAN_POINT('',(6.677356302760E0,1.870888125802E0,
-9.517152653534E-1));
#4607=CARTESIAN_POINT('',(6.684704375560E0,1.937989366190E0,
-9.978032225675E-1));
#4609=DIRECTION('',(1.E0,0.E0,0.E0));
#4610=VECTOR('',#4609,2.823211262721E0);
#4611=CARTESIAN_POINT('',(3.838394368639E0,1.736767895879E0,
-8.595958442745E-1));
#4612=LINE('',#4611,#4610);
#4613=CARTESIAN_POINT('',(3.815295624440E0,1.937989366190E0,
-9.978032225675E-1));
#4614=CARTESIAN_POINT('',(3.822643697240E0,1.870888125802E0,
-9.517152653534E-1));
#4615=CARTESIAN_POINT('',(3.830343144791E0,1.803814291925E0,
-9.056461320852E-1));
#4616=CARTESIAN_POINT('',(3.838394368639E0,1.736767895879E0,
-8.595958442745E-1));
#4618=CARTESIAN_POINT('',(3.815295624440E0,1.937989366190E0,
-9.978032225675E-1));
#4619=CARTESIAN_POINT('',(3.847674436131E0,2.027458686529E0,-1.059254518905E0));
#4620=CARTESIAN_POINT('',(3.906671561330E0,2.157257942211E0,-1.148406112939E0));
#4621=CARTESIAN_POINT('',(4.011179143394E0,2.319407899404E0,-1.259777530906E0));
#4622=CARTESIAN_POINT('',(4.073765924914E0,2.396118664490E0,-1.312465714294E0));
#4623=CARTESIAN_POINT('',(4.108359334102E0,2.433080260304E0,-1.337852494577E0));
#4625=CARTESIAN_POINT('',(6.391640665898E0,2.433080260304E0,-1.337852494577E0));
#4626=CARTESIAN_POINT('',(6.426234075086E0,2.396118664490E0,-1.312465714294E0));
#4627=CARTESIAN_POINT('',(6.488820856606E0,2.319407899404E0,-1.259777530906E0));
#4628=CARTESIAN_POINT('',(6.593328438670E0,2.157257942211E0,-1.148406112939E0));
#4629=CARTESIAN_POINT('',(6.652325563869E0,2.027458686529E0,-1.059254518905E0));
#4630=CARTESIAN_POINT('',(6.684704375560E0,1.937989366190E0,
-9.978032225675E-1));
#4632=CARTESIAN_POINT('',(-7.338394368639E0,1.736767895879E0,
-8.595958442745E-1));
#4633=CARTESIAN_POINT('',(-7.338852322050E0,1.732954298549E0,
-8.569765050559E-1));
#4634=CARTESIAN_POINT('',(-7.339748963958E0,1.725506672338E0,
-8.514717887282E-1));
#4635=CARTESIAN_POINT('',(-7.341029956193E0,1.714917092258E0,
-8.424431147114E-1));
#4636=CARTESIAN_POINT('',(-7.342235335976E0,1.704997020911E0,
-8.327154610683E-1));
#4637=CARTESIAN_POINT('',(-7.343356054882E0,1.695811748876E0,
-8.223687365155E-1));
#4638=CARTESIAN_POINT('',(-7.344394220059E0,1.687335422812E0,
-8.113754859215E-1));
#4639=CARTESIAN_POINT('',(-7.345339635972E0,1.679643232741E0,
-7.998203279883E-1));
#4640=CARTESIAN_POINT('',(-7.346184056763E0,1.672794152593E0,
-7.878050705031E-1));
#4641=CARTESIAN_POINT('',(-7.346926053724E0,1.666792321922E0,
-7.753518470208E-1));
#4642=CARTESIAN_POINT('',(-7.347562912945E0,1.661653160714E0,
-7.624827489385E-1));
#4643=CARTESIAN_POINT('',(-7.348088233390E0,1.657422526786E0,
-7.493025192109E-1));
#4644=CARTESIAN_POINT('',(-7.348498477536E0,1.654123926238E0,
-7.359193026638E-1));
#4645=CARTESIAN_POINT('',(-7.348794504932E0,1.651746556710E0,
-7.222951477511E-1));
#4646=CARTESIAN_POINT('',(-7.348972700248E0,1.650316644959E0,
-7.085293414864E-1));
#4647=CARTESIAN_POINT('',(-7.349012176349E0,1.65E0,-6.993320518168E-1));
#4648=CARTESIAN_POINT('',(-7.349012176349E0,1.65E0,-6.947368421053E-1));
#4650=DIRECTION('',(-1.E0,0.E0,0.E0));
#4651=VECTOR('',#4650,2.571975647301E0);
#4652=CARTESIAN_POINT('',(-7.349012176349E0,1.65E0,-6.947368421053E-1));
#4653=LINE('',#4652,#4651);
#4654=CARTESIAN_POINT('',(-9.920987823651E0,1.65E0,-6.947368421053E-1));
#4655=CARTESIAN_POINT('',(-9.920987823651E0,1.65E0,-6.996540865901E-1));
#4656=CARTESIAN_POINT('',(-9.921033015042E0,1.650362482827E0,
-7.094951539521E-1));
#4657=CARTESIAN_POINT('',(-9.921237066623E0,1.651999948166E0,
-7.242170378530E-1));
#4658=CARTESIAN_POINT('',(-9.921575470837E0,1.654718079170E0,
-7.387545370198E-1));
#4659=CARTESIAN_POINT('',(-9.922044501262E0,1.658490613690E0,
-7.530205305505E-1));
#4660=CARTESIAN_POINT('',(-9.922644793315E0,1.663327755219E0,
-7.670340061149E-1));
#4661=CARTESIAN_POINT('',(-9.923370757706E0,1.669190951864E0,
-7.806493247406E-1));
#4662=CARTESIAN_POINT('',(-9.924213912801E0,1.676019093013E0,
-7.937498326967E-1));
#4663=CARTESIAN_POINT('',(-9.924854879245E0,1.681226122995E0,
-8.021605478536E-1));
#4664=CARTESIAN_POINT('',(-9.925193836811E0,1.683984896137E0,
-8.062670411067E-1));
#4666=CARTESIAN_POINT('',(-9.925193836811E0,1.683984896137E0,
-8.062670411067E-1));
#4667=CARTESIAN_POINT('',(-9.924197009013E0,1.686346426785E0,
-8.097822303494E-1));
#4668=CARTESIAN_POINT('',(-9.922214418896E0,1.691283926704E0,
-8.166491912522E-1));
#4669=CARTESIAN_POINT('',(-9.919298210641E0,1.699296260069E0,
-8.264238708797E-1));
#4670=CARTESIAN_POINT('',(-9.916459543604E0,1.707890370402E0,
-8.356544632079E-1));
#4671=CARTESIAN_POINT('',(-9.913721731737E0,1.717033548982E0,
-8.443117211639E-1));
#4672=CARTESIAN_POINT('',(-9.911114087273E0,1.726669096848E0,
-8.523488999137E-1));
#4673=CARTESIAN_POINT('',(-9.909484831714E0,1.733360395832E0,
-8.572554297688E-1));
#4674=CARTESIAN_POINT('',(-9.908699912620E0,1.736767895879E0,
-8.595958442745E-1));
#4676=CARTESIAN_POINT('',(-3.838394368639E0,1.736767895879E0,
-8.595958442745E-1));
#4677=CARTESIAN_POINT('',(-3.838852322050E0,1.732954298549E0,
-8.569765050559E-1));
#4678=CARTESIAN_POINT('',(-3.839748963958E0,1.725506672338E0,
-8.514717887282E-1));
#4679=CARTESIAN_POINT('',(-3.841029956193E0,1.714917092258E0,
-8.424431147114E-1));
#4680=CARTESIAN_POINT('',(-3.842235335976E0,1.704997020911E0,
-8.327154610683E-1));
#4681=CARTESIAN_POINT('',(-3.843356054882E0,1.695811748876E0,
-8.223687365155E-1));
#4682=CARTESIAN_POINT('',(-3.844394220059E0,1.687335422812E0,
-8.113754859215E-1));
#4683=CARTESIAN_POINT('',(-3.845339635972E0,1.679643232741E0,
-7.998203279883E-1));
#4684=CARTESIAN_POINT('',(-3.846184056763E0,1.672794152593E0,
-7.878050705031E-1));
#4685=CARTESIAN_POINT('',(-3.846926053724E0,1.666792321922E0,
-7.753518470208E-1));
#4686=CARTESIAN_POINT('',(-3.847562912945E0,1.661653160714E0,
-7.624827489385E-1));
#4687=CARTESIAN_POINT('',(-3.848088233390E0,1.657422526786E0,
-7.493025192109E-1));
#4688=CARTESIAN_POINT('',(-3.848498477536E0,1.654123926238E0,
-7.359193026638E-1));
#4689=CARTESIAN_POINT('',(-3.848794504932E0,1.651746556710E0,
-7.222951477511E-1));
#4690=CARTESIAN_POINT('',(-3.848972700248E0,1.650316644959E0,
-7.085293414864E-1));
#4691=CARTESIAN_POINT('',(-3.849012176349E0,1.65E0,-6.993320518168E-1));
#4692=CARTESIAN_POINT('',(-3.849012176349E0,1.65E0,-6.947368421053E-1));
#4694=DIRECTION('',(-1.E0,0.E0,0.E0));
#4695=VECTOR('',#4694,2.801975647301E0);
#4696=CARTESIAN_POINT('',(-3.849012176349E0,1.65E0,-6.947368421053E-1));
#4697=LINE('',#4696,#4695);
#4698=CARTESIAN_POINT('',(-6.650987823651E0,1.65E0,-6.947368421053E-1));
#4699=CARTESIAN_POINT('',(-6.650987823651E0,1.65E0,-6.993320518168E-1));
#4700=CARTESIAN_POINT('',(-6.651027299752E0,1.650316644959E0,
-7.085293414864E-1));
#4701=CARTESIAN_POINT('',(-6.651205495068E0,1.651746556710E0,
-7.222951477511E-1));
#4702=CARTESIAN_POINT('',(-6.651501522464E0,1.654123926238E0,
-7.359193026638E-1));
#4703=CARTESIAN_POINT('',(-6.651911766610E0,1.657422526786E0,
-7.493025192109E-1));
#4704=CARTESIAN_POINT('',(-6.652437087055E0,1.661653160714E0,
-7.624827489385E-1));
#4705=CARTESIAN_POINT('',(-6.653073946276E0,1.666792321922E0,
-7.753518470208E-1));
#4706=CARTESIAN_POINT('',(-6.653815943237E0,1.672794152593E0,
-7.878050705031E-1));
#4707=CARTESIAN_POINT('',(-6.654660364028E0,1.679643232741E0,
-7.998203279883E-1));
#4708=CARTESIAN_POINT('',(-6.655605779941E0,1.687335422812E0,
-8.113754859215E-1));
#4709=CARTESIAN_POINT('',(-6.656643945118E0,1.695811748876E0,
-8.223687365155E-1));
#4710=CARTESIAN_POINT('',(-6.657764664024E0,1.704997020911E0,
-8.327154610683E-1));
#4711=CARTESIAN_POINT('',(-6.658970043807E0,1.714917092258E0,
-8.424431147114E-1));
#4712=CARTESIAN_POINT('',(-6.660251036042E0,1.725506672338E0,
-8.514717887282E-1));
#4713=CARTESIAN_POINT('',(-6.661147677950E0,1.732954298549E0,
-8.569765050559E-1));
#4714=CARTESIAN_POINT('',(-6.661605631361E0,1.736767895879E0,
-8.595958442745E-1));
#4716=CARTESIAN_POINT('',(-3.383943686394E-1,1.736767895879E0,
-8.595958442745E-1));
#4717=CARTESIAN_POINT('',(-3.388523220504E-1,1.732954298549E0,
-8.569765050559E-1));
#4718=CARTESIAN_POINT('',(-3.397489639576E-1,1.725506672338E0,
-8.514717887282E-1));
#4719=CARTESIAN_POINT('',(-3.410299561932E-1,1.714917092258E0,
-8.424431147114E-1));
#4720=CARTESIAN_POINT('',(-3.422353359763E-1,1.704997020911E0,
-8.327154610683E-1));
#4721=CARTESIAN_POINT('',(-3.433560548816E-1,1.695811748876E0,
-8.223687365155E-1));
#4722=CARTESIAN_POINT('',(-3.443942200587E-1,1.687335422812E0,
-8.113754859215E-1));
#4723=CARTESIAN_POINT('',(-3.453396359721E-1,1.679643232741E0,
-7.998203279883E-1));
#4724=CARTESIAN_POINT('',(-3.461840567627E-1,1.672794152593E0,
-7.878050705031E-1));
#4725=CARTESIAN_POINT('',(-3.469260537245E-1,1.666792321922E0,
-7.753518470208E-1));
#4726=CARTESIAN_POINT('',(-3.475629129449E-1,1.661653160714E0,
-7.624827489385E-1));
#4727=CARTESIAN_POINT('',(-3.480882333905E-1,1.657422526786E0,
-7.493025192109E-1));
#4728=CARTESIAN_POINT('',(-3.484984775359E-1,1.654123926238E0,
-7.359193026638E-1));
#4729=CARTESIAN_POINT('',(-3.487945049323E-1,1.651746556710E0,
-7.222951477511E-1));
#4730=CARTESIAN_POINT('',(-3.489727002480E-1,1.650316644959E0,
-7.085293414864E-1));
#4731=CARTESIAN_POINT('',(-3.490121763494E-1,1.65E0,-6.993320518168E-1));
#4732=CARTESIAN_POINT('',(-3.490121763494E-1,1.65E0,-6.947368421053E-1));
#4734=DIRECTION('',(-1.E0,0.E0,0.E0));
#4735=VECTOR('',#4734,2.801975647301E0);
#4736=CARTESIAN_POINT('',(-3.490121763494E-1,1.65E0,-6.947368421053E-1));
#4737=LINE('',#4736,#4735);
#4738=CARTESIAN_POINT('',(-3.150987823651E0,1.65E0,-6.947368421053E-1));
#4739=CARTESIAN_POINT('',(-3.150987823651E0,1.65E0,-6.993320518168E-1));
#4740=CARTESIAN_POINT('',(-3.151027299752E0,1.650316644959E0,
-7.085293414864E-1));
#4741=CARTESIAN_POINT('',(-3.151205495068E0,1.651746556710E0,
-7.222951477511E-1));
#4742=CARTESIAN_POINT('',(-3.151501522464E0,1.654123926238E0,
-7.359193026638E-1));
#4743=CARTESIAN_POINT('',(-3.151911766610E0,1.657422526786E0,
-7.493025192109E-1));
#4744=CARTESIAN_POINT('',(-3.152437087055E0,1.661653160714E0,
-7.624827489385E-1));
#4745=CARTESIAN_POINT('',(-3.153073946276E0,1.666792321922E0,
-7.753518470208E-1));
#4746=CARTESIAN_POINT('',(-3.153815943237E0,1.672794152593E0,
-7.878050705031E-1));
#4747=CARTESIAN_POINT('',(-3.154660364028E0,1.679643232741E0,
-7.998203279883E-1));
#4748=CARTESIAN_POINT('',(-3.155605779941E0,1.687335422812E0,
-8.113754859215E-1));
#4749=CARTESIAN_POINT('',(-3.156643945118E0,1.695811748876E0,
-8.223687365155E-1));
#4750=CARTESIAN_POINT('',(-3.157764664024E0,1.704997020911E0,
-8.327154610683E-1));
#4751=CARTESIAN_POINT('',(-3.158970043807E0,1.714917092258E0,
-8.424431147114E-1));
#4752=CARTESIAN_POINT('',(-3.160251036042E0,1.725506672338E0,
-8.514717887282E-1));
#4753=CARTESIAN_POINT('',(-3.161147677950E0,1.732954298549E0,
-8.569765050559E-1));
#4754=CARTESIAN_POINT('',(-3.161605631361E0,1.736767895879E0,
-8.595958442745E-1));
#4756=CARTESIAN_POINT('',(3.161605631361E0,1.736767895879E0,
-8.595958442745E-1));
#4757=CARTESIAN_POINT('',(3.161147677950E0,1.732954298549E0,
-8.569765050559E-1));
#4758=CARTESIAN_POINT('',(3.160251036042E0,1.725506672338E0,
-8.514717887282E-1));
#4759=CARTESIAN_POINT('',(3.158970043807E0,1.714917092258E0,
-8.424431147114E-1));
#4760=CARTESIAN_POINT('',(3.157764664024E0,1.704997020911E0,
-8.327154610683E-1));
#4761=CARTESIAN_POINT('',(3.156643945118E0,1.695811748876E0,
-8.223687365155E-1));
#4762=CARTESIAN_POINT('',(3.155605779941E0,1.687335422812E0,
-8.113754859215E-1));
#4763=CARTESIAN_POINT('',(3.154660364028E0,1.679643232741E0,
-7.998203279883E-1));
#4764=CARTESIAN_POINT('',(3.153815943237E0,1.672794152593E0,
-7.878050705031E-1));
#4765=CARTESIAN_POINT('',(3.153073946276E0,1.666792321922E0,
-7.753518470208E-1));
#4766=CARTESIAN_POINT('',(3.152437087055E0,1.661653160714E0,
-7.624827489385E-1));
#4767=CARTESIAN_POINT('',(3.151911766610E0,1.657422526786E0,
-7.493025192109E-1));
#4768=CARTESIAN_POINT('',(3.151501522464E0,1.654123926238E0,
-7.359193026638E-1));
#4769=CARTESIAN_POINT('',(3.151205495068E0,1.651746556710E0,
-7.222951477511E-1));
#4770=CARTESIAN_POINT('',(3.151027299752E0,1.650316644959E0,
-7.085293414864E-1));
#4771=CARTESIAN_POINT('',(3.150987823651E0,1.65E0,-6.993320518168E-1));
#4772=CARTESIAN_POINT('',(3.150987823651E0,1.65E0,-6.947368421053E-1));
#4774=DIRECTION('',(-1.E0,0.E0,0.E0));
#4775=VECTOR('',#4774,2.801975647301E0);
#4776=CARTESIAN_POINT('',(3.150987823651E0,1.65E0,-6.947368421053E-1));
#4777=LINE('',#4776,#4775);
#4778=CARTESIAN_POINT('',(3.490121763494E-1,1.65E0,-6.947368421053E-1));
#4779=CARTESIAN_POINT('',(3.490121763494E-1,1.65E0,-6.993320518168E-1));
#4780=CARTESIAN_POINT('',(3.489727002480E-1,1.650316644959E0,
-7.085293414864E-1));
#4781=CARTESIAN_POINT('',(3.487945049323E-1,1.651746556710E0,
-7.222951477511E-1));
#4782=CARTESIAN_POINT('',(3.484984775359E-1,1.654123926238E0,
-7.359193026638E-1));
#4783=CARTESIAN_POINT('',(3.480882333905E-1,1.657422526786E0,
-7.493025192109E-1));
#4784=CARTESIAN_POINT('',(3.475629129449E-1,1.661653160714E0,
-7.624827489385E-1));
#4785=CARTESIAN_POINT('',(3.469260537245E-1,1.666792321922E0,
-7.753518470208E-1));
#4786=CARTESIAN_POINT('',(3.461840567627E-1,1.672794152593E0,
-7.878050705031E-1));
#4787=CARTESIAN_POINT('',(3.453396359721E-1,1.679643232741E0,
-7.998203279883E-1));
#4788=CARTESIAN_POINT('',(3.443942200587E-1,1.687335422812E0,
-8.113754859215E-1));
#4789=CARTESIAN_POINT('',(3.433560548816E-1,1.695811748876E0,
-8.223687365155E-1));
#4790=CARTESIAN_POINT('',(3.422353359763E-1,1.704997020911E0,
-8.327154610683E-1));
#4791=CARTESIAN_POINT('',(3.410299561932E-1,1.714917092258E0,
-8.424431147114E-1));
#4792=CARTESIAN_POINT('',(3.397489639576E-1,1.725506672338E0,
-8.514717887282E-1));
#4793=CARTESIAN_POINT('',(3.388523220504E-1,1.732954298549E0,
-8.569765050559E-1));
#4794=CARTESIAN_POINT('',(3.383943686394E-1,1.736767895879E0,
-8.595958442745E-1));
#4796=CARTESIAN_POINT('',(7.349012176349E0,1.65E0,-6.947368421053E-1));
#4797=CARTESIAN_POINT('',(7.349012176349E0,1.65E0,-6.993320518168E-1));
#4798=CARTESIAN_POINT('',(7.348972700248E0,1.650316644959E0,
-7.085293414864E-1));
#4799=CARTESIAN_POINT('',(7.348794504932E0,1.651746556710E0,
-7.222951477511E-1));
#4800=CARTESIAN_POINT('',(7.348498477536E0,1.654123926238E0,
-7.359193026638E-1));
#4801=CARTESIAN_POINT('',(7.348088233390E0,1.657422526786E0,
-7.493025192109E-1));
#4802=CARTESIAN_POINT('',(7.347562912945E0,1.661653160714E0,
-7.624827489385E-1));
#4803=CARTESIAN_POINT('',(7.346926053724E0,1.666792321922E0,
-7.753518470208E-1));
#4804=CARTESIAN_POINT('',(7.346184056763E0,1.672794152593E0,
-7.878050705031E-1));
#4805=CARTESIAN_POINT('',(7.345339635972E0,1.679643232741E0,
-7.998203279883E-1));
#4806=CARTESIAN_POINT('',(7.344394220059E0,1.687335422812E0,
-8.113754859215E-1));
#4807=CARTESIAN_POINT('',(7.343356054882E0,1.695811748876E0,
-8.223687365155E-1));
#4808=CARTESIAN_POINT('',(7.342235335976E0,1.704997020911E0,
-8.327154610683E-1));
#4809=CARTESIAN_POINT('',(7.341029956193E0,1.714917092258E0,
-8.424431147114E-1));
#4810=CARTESIAN_POINT('',(7.339748963958E0,1.725506672338E0,
-8.514717887282E-1));
#4811=CARTESIAN_POINT('',(7.338852322050E0,1.732954298549E0,
-8.569765050559E-1));
#4812=CARTESIAN_POINT('',(7.338394368639E0,1.736767895879E0,
-8.595958442745E-1));
#4814=CARTESIAN_POINT('',(9.908699912620E0,1.736767895879E0,
-8.595958442745E-1));
#4815=CARTESIAN_POINT('',(9.908959915284E0,1.735639169240E0,
-8.588205872936E-1));
#4816=CARTESIAN_POINT('',(9.909486453028E0,1.733395261661E0,
-8.572452553329E-1));
#4817=CARTESIAN_POINT('',(9.910025606812E0,1.731179531858E0,
-8.556206121606E-1));
#4818=CARTESIAN_POINT('',(9.910298222632E0,1.730078981700E0,
-8.547960479321E-1));
#4820=CARTESIAN_POINT('',(9.910298222632E0,1.730078981700E0,
-8.547960479321E-1));
#4821=CARTESIAN_POINT('',(9.910101854296E0,1.726266219738E0,
-8.519394156334E-1));
#4822=CARTESIAN_POINT('',(9.909718756614E0,1.718846701063E0,
-8.459552954340E-1));
#4823=CARTESIAN_POINT('',(9.909175842665E0,1.708380827801E0,
-8.362007392952E-1));
#4824=CARTESIAN_POINT('',(9.908669624532E0,1.698664498929E0,
-8.257533605221E-1));
#4825=CARTESIAN_POINT('',(9.908201268729E0,1.689710619675E0,
-8.146344154367E-1));
#4826=CARTESIAN_POINT('',(9.907773067472E0,1.681554178639E0,
-8.028765354704E-1));
#4827=CARTESIAN_POINT('',(9.907389578788E0,1.674273328373E0,
-7.905900650367E-1));
#4828=CARTESIAN_POINT('',(9.907052868936E0,1.667899008743E0,
-7.778456574770E-1));
#4829=CARTESIAN_POINT('',(9.906763219287E0,1.662429266475E0,
-7.646331811705E-1));
#4830=CARTESIAN_POINT('',(9.906523897523E0,1.657919414220E0,
-7.510648216652E-1));
#4831=CARTESIAN_POINT('',(9.906336856446E0,1.654400682807E0,
-7.372640832787E-1));
#4832=CARTESIAN_POINT('',(9.906201911643E0,1.651865234404E0,
-7.232109471857E-1));
#4833=CARTESIAN_POINT('',(9.906120563249E0,1.650338101128E0,
-7.089897710196E-1));
#4834=CARTESIAN_POINT('',(9.906102545389E0,1.65E0,-6.994858399029E-1));
#4835=CARTESIAN_POINT('',(9.906102545389E0,1.65E0,-6.947368421053E-1));
#4837=DIRECTION('',(-1.E0,0.E0,0.E0));
#4838=VECTOR('',#4837,2.557090369040E0);
#4839=CARTESIAN_POINT('',(9.906102545389E0,1.65E0,-6.947368421053E-1));
#4840=LINE('',#4839,#4838);
#4841=CARTESIAN_POINT('',(6.661605631361E0,1.736767895879E0,
-8.595958442745E-1));
#4842=CARTESIAN_POINT('',(6.661147677950E0,1.732954298549E0,
-8.569765050559E-1));
#4843=CARTESIAN_POINT('',(6.660251036042E0,1.725506672338E0,
-8.514717887282E-1));
#4844=CARTESIAN_POINT('',(6.658970043807E0,1.714917092258E0,
-8.424431147114E-1));
#4845=CARTESIAN_POINT('',(6.657764664024E0,1.704997020911E0,
-8.327154610683E-1));
#4846=CARTESIAN_POINT('',(6.656643945118E0,1.695811748876E0,
-8.223687365155E-1));
#4847=CARTESIAN_POINT('',(6.655605779941E0,1.687335422812E0,
-8.113754859215E-1));
#4848=CARTESIAN_POINT('',(6.654660364028E0,1.679643232741E0,
-7.998203279883E-1));
#4849=CARTESIAN_POINT('',(6.653815943237E0,1.672794152593E0,
-7.878050705031E-1));
#4850=CARTESIAN_POINT('',(6.653073946276E0,1.666792321922E0,
-7.753518470208E-1));
#4851=CARTESIAN_POINT('',(6.652437087055E0,1.661653160714E0,
-7.624827489385E-1));
#4852=CARTESIAN_POINT('',(6.651911766610E0,1.657422526786E0,
-7.493025192109E-1));
#4853=CARTESIAN_POINT('',(6.651501522464E0,1.654123926238E0,
-7.359193026638E-1));
#4854=CARTESIAN_POINT('',(6.651205495068E0,1.651746556710E0,
-7.222951477511E-1));
#4855=CARTESIAN_POINT('',(6.651027299752E0,1.650316644959E0,
-7.085293414864E-1));
#4856=CARTESIAN_POINT('',(6.650987823651E0,1.65E0,-6.993320518168E-1));
#4857=CARTESIAN_POINT('',(6.650987823651E0,1.65E0,-6.947368421053E-1));
#4859=DIRECTION('',(-1.E0,0.E0,0.E0));
#4860=VECTOR('',#4859,2.801975647301E0);
#4861=CARTESIAN_POINT('',(6.650987823651E0,1.65E0,-6.947368421053E-1));
#4862=LINE('',#4861,#4860);
#4863=CARTESIAN_POINT('',(3.849012176349E0,1.65E0,-6.947368421053E-1));
#4864=CARTESIAN_POINT('',(3.849012176349E0,1.65E0,-6.993320518168E-1));
#4865=CARTESIAN_POINT('',(3.848972700248E0,1.650316644959E0,
-7.085293414864E-1));
#4866=CARTESIAN_POINT('',(3.848794504932E0,1.651746556710E0,
-7.222951477511E-1));
#4867=CARTESIAN_POINT('',(3.848498477536E0,1.654123926238E0,
-7.359193026638E-1));
#4868=CARTESIAN_POINT('',(3.848088233390E0,1.657422526786E0,
-7.493025192109E-1));
#4869=CARTESIAN_POINT('',(3.847562912945E0,1.661653160714E0,
-7.624827489385E-1));
#4870=CARTESIAN_POINT('',(3.846926053724E0,1.666792321922E0,
-7.753518470208E-1));
#4871=CARTESIAN_POINT('',(3.846184056763E0,1.672794152593E0,
-7.878050705031E-1));
#4872=CARTESIAN_POINT('',(3.845339635972E0,1.679643232741E0,
-7.998203279883E-1));
#4873=CARTESIAN_POINT('',(3.844394220059E0,1.687335422812E0,
-8.113754859215E-1));
#4874=CARTESIAN_POINT('',(3.843356054882E0,1.695811748876E0,
-8.223687365155E-1));
#4875=CARTESIAN_POINT('',(3.842235335976E0,1.704997020911E0,
-8.327154610683E-1));
#4876=CARTESIAN_POINT('',(3.841029956193E0,1.714917092258E0,
-8.424431147114E-1));
#4877=CARTESIAN_POINT('',(3.839748963958E0,1.725506672338E0,
-8.514717887282E-1));
#4878=CARTESIAN_POINT('',(3.838852322050E0,1.732954298549E0,
-8.569765050559E-1));
#4879=CARTESIAN_POINT('',(3.838394368639E0,1.736767895879E0,
-8.595958442745E-1));
#4881=DIRECTION('',(0.E0,0.E0,1.E0));
#4882=VECTOR('',#4881,4.947368421053E-1);
#4883=CARTESIAN_POINT('',(-7.349012176349E0,1.65E0,-6.947368421053E-1));
#4884=LINE('',#4883,#4882);
#4885=DIRECTION('',(-1.E0,0.E0,0.E0));
#4886=VECTOR('',#4885,2.571975647301E0);
#4887=CARTESIAN_POINT('',(-7.349012176349E0,1.65E0,-2.E-1));
#4888=LINE('',#4887,#4886);
#4889=DIRECTION('',(0.E0,0.E0,1.E0));
#4890=VECTOR('',#4889,4.947368421053E-1);
#4891=CARTESIAN_POINT('',(-9.920987823651E0,1.65E0,-6.947368421053E-1));
#4892=LINE('',#4891,#4890);
#4893=DIRECTION('',(0.E0,0.E0,1.E0));
#4894=VECTOR('',#4893,4.947368421053E-1);
#4895=CARTESIAN_POINT('',(-3.849012176349E0,1.65E0,-6.947368421053E-1));
#4896=LINE('',#4895,#4894);
#4897=DIRECTION('',(-1.E0,0.E0,0.E0));
#4898=VECTOR('',#4897,2.801975647301E0);
#4899=CARTESIAN_POINT('',(-3.849012176349E0,1.65E0,-2.E-1));
#4900=LINE('',#4899,#4898);
#4901=DIRECTION('',(0.E0,0.E0,1.E0));
#4902=VECTOR('',#4901,4.947368421053E-1);
#4903=CARTESIAN_POINT('',(-6.650987823651E0,1.65E0,-6.947368421053E-1));
#4904=LINE('',#4903,#4902);
#4905=DIRECTION('',(0.E0,0.E0,1.E0));
#4906=VECTOR('',#4905,4.947368421053E-1);
#4907=CARTESIAN_POINT('',(-3.490121763494E-1,1.65E0,-6.947368421053E-1));
#4908=LINE('',#4907,#4906);
#4909=DIRECTION('',(-1.E0,0.E0,0.E0));
#4910=VECTOR('',#4909,2.801975647301E0);
#4911=CARTESIAN_POINT('',(-3.490121763494E-1,1.65E0,-2.E-1));
#4912=LINE('',#4911,#4910);
#4913=DIRECTION('',(0.E0,0.E0,1.E0));
#4914=VECTOR('',#4913,4.947368421053E-1);
#4915=CARTESIAN_POINT('',(-3.150987823651E0,1.65E0,-6.947368421053E-1));
#4916=LINE('',#4915,#4914);
#4917=DIRECTION('',(0.E0,0.E0,1.E0));
#4918=VECTOR('',#4917,4.947368421053E-1);
#4919=CARTESIAN_POINT('',(3.150987823651E0,1.65E0,-6.947368421053E-1));
#4920=LINE('',#4919,#4918);
#4921=DIRECTION('',(-1.E0,0.E0,0.E0));
#4922=VECTOR('',#4921,2.801975647301E0);
#4923=CARTESIAN_POINT('',(3.150987823651E0,1.65E0,-2.E-1));
#4924=LINE('',#4923,#4922);
#4925=DIRECTION('',(0.E0,0.E0,1.E0));
#4926=VECTOR('',#4925,4.947368421053E-1);
#4927=CARTESIAN_POINT('',(3.490121763494E-1,1.65E0,-6.947368421053E-1));
#4928=LINE('',#4927,#4926);
#4929=DIRECTION('',(0.E0,0.E0,1.E0));
#4930=VECTOR('',#4929,4.947368421053E-1);
#4931=CARTESIAN_POINT('',(7.349012176349E0,1.65E0,-6.947368421053E-1));
#4932=LINE('',#4931,#4930);
#4933=DIRECTION('',(0.E0,0.E0,1.E0));
#4934=VECTOR('',#4933,4.947368421053E-1);
#4935=CARTESIAN_POINT('',(9.906102545389E0,1.65E0,-6.947368421053E-1));
#4936=LINE('',#4935,#4934);
#4937=DIRECTION('',(-1.E0,0.E0,0.E0));
#4938=VECTOR('',#4937,2.557090369040E0);
#4939=CARTESIAN_POINT('',(9.906102545389E0,1.65E0,-2.E-1));
#4940=LINE('',#4939,#4938);
#4941=DIRECTION('',(0.E0,0.E0,1.E0));
#4942=VECTOR('',#4941,4.947368421053E-1);
#4943=CARTESIAN_POINT('',(6.650987823651E0,1.65E0,-6.947368421053E-1));
#4944=LINE('',#4943,#4942);
#4945=DIRECTION('',(-1.E0,0.E0,0.E0));
#4946=VECTOR('',#4945,2.801975647301E0);
#4947=CARTESIAN_POINT('',(6.650987823651E0,1.65E0,-2.E-1));
#4948=LINE('',#4947,#4946);
#4949=DIRECTION('',(0.E0,0.E0,1.E0));
#4950=VECTOR('',#4949,4.947368421053E-1);
#4951=CARTESIAN_POINT('',(3.849012176349E0,1.65E0,-6.947368421053E-1));
#4952=LINE('',#4951,#4950);
#4953=CARTESIAN_POINT('',(-7.349012176349E0,1.65E0,-2.E-1));
#4954=CARTESIAN_POINT('',(-7.349012176349E0,1.65E0,-1.952626913515E-1));
#4955=CARTESIAN_POINT('',(-7.349054126720E0,1.649663438126E0,
-1.857876905923E-1));
#4956=CARTESIAN_POINT('',(-7.349243012325E0,1.648148687549E0,
-1.716369980773E-1));
#4957=CARTESIAN_POINT('',(-7.349556540728E0,1.645636513883E0,
-1.576461519590E-1));
#4958=CARTESIAN_POINT('',(-7.349994862371E0,1.642128900182E0,
-1.438400121873E-1));
#4959=CARTESIAN_POINT('',(-7.350554478326E0,1.637658176064E0,
-1.303440491189E-1));
#4960=CARTESIAN_POINT('',(-7.351236108735E0,1.632224059729E0,
-1.171628442847E-1));
#4961=CARTESIAN_POINT('',(-7.352034008599E0,1.625878754578E0,
-1.044265133605E-1));
#4962=CARTESIAN_POINT('',(-7.352948885792E0,1.618623926294E0,
-9.214012931687E-2));
#4963=CARTESIAN_POINT('',(-7.353973811741E0,1.610522510043E0,
-8.041625081080E-2));
#4964=CARTESIAN_POINT('',(-7.355107835518E0,1.601590520044E0,
-6.927780442661E-2));
#4965=CARTESIAN_POINT('',(-7.356344819509E0,1.591885273454E0,
-5.880338262100E-2));
#4966=CARTESIAN_POINT('',(-7.357679833312E0,1.581454445663E0,
-4.904345296162E-2));
#4967=CARTESIAN_POINT('',(-7.359109427965E0,1.570334201064E0,
-4.003811985651E-2));
#4968=CARTESIAN_POINT('',(-7.360623644392E0,1.558610800985E0,
-3.185720727642E-2));
#4969=CARTESIAN_POINT('',(-7.362221736818E0,1.546298681670E0,
-2.451522909161E-2));
#4970=CARTESIAN_POINT('',(-7.363889547331E0,1.533514847793E0,
-1.808321472195E-2));
#4971=CARTESIAN_POINT('',(-7.365627519118E0,1.520263262119E0,
-1.256570314937E-2));
#4972=CARTESIAN_POINT('',(-7.367419320563E0,1.506674899168E0,
-8.019464803903E-3));
#4973=CARTESIAN_POINT('',(-7.369264410687E0,1.492759301380E0,
-4.448598627875E-3));
#4974=CARTESIAN_POINT('',(-7.371146698964E0,1.478642288135E0,
-1.888215547814E-3));
#4975=CARTESIAN_POINT('',(-7.373062351792E0,1.464355688077E0,
-3.434733529523E-4));
#4976=CARTESIAN_POINT('',(-7.374352823397E0,1.454785817641E0,0.E0));
#4977=CARTESIAN_POINT('',(-7.375E0,1.45E0,0.E0));
#4979=CARTESIAN_POINT('',(-9.895E0,1.45E0,0.E0));
#4980=CARTESIAN_POINT('',(-9.895678035137E0,1.455014013955E0,0.E0));
#4981=CARTESIAN_POINT('',(-9.897029838407E0,1.465040069741E0,
-3.771230362190E-4));
#4982=CARTESIAN_POINT('',(-9.899034416495E0,1.479995899391E0,
-2.071659865577E-3));
#4983=CARTESIAN_POINT('',(-9.901002605552E0,1.494767076268E0,
-4.881312725198E-3));
#4984=CARTESIAN_POINT('',(-9.902926925342E0,1.509293703340E0,
-8.794593488283E-3));
#4985=CARTESIAN_POINT('',(-9.904792680731E0,1.523459516311E0,
-1.377721818338E-2));
#4986=CARTESIAN_POINT('',(-9.906595546223E0,1.537225180561E0,
-1.981442009105E-2));
#4987=CARTESIAN_POINT('',(-9.908320303305E0,1.550466758276E0,
-2.684847285046E-2));
#4988=CARTESIAN_POINT('',(-9.909965107051E0,1.563161429659E0,
-3.486560775613E-2));
#4989=CARTESIAN_POINT('',(-9.911515108955E0,1.575185133371E0,
-4.378387243824E-2));
#4990=CARTESIAN_POINT('',(-9.912970146532E0,1.586526562501E0,
-5.359245873919E-2));
#4991=CARTESIAN_POINT('',(-9.914316702335E0,1.597070012194E0,
-6.418768799647E-2));
#4992=CARTESIAN_POINT('',(-9.915555434902E0,1.606810111174E0,
-7.556099964527E-2));
#4993=CARTESIAN_POINT('',(-9.916674900578E0,1.615646566815E0,
-8.759191058889E-2));
#4994=CARTESIAN_POINT('',(-9.917675853319E0,1.623575269282E0,
-1.002707147605E-1));
#4995=CARTESIAN_POINT('',(-9.918549482630E0,1.630517052805E0,
-1.134680443946E-1));
#4996=CARTESIAN_POINT('',(-9.919296147222E0,1.636466077529E0,
-1.271675045079E-1));
#4997=CARTESIAN_POINT('',(-9.919909853893E0,1.641366971214E0,
-1.412400627871E-1));
#4998=CARTESIAN_POINT('',(-9.920390431036E0,1.645211816806E0,
-1.556556046418E-1));
#4999=CARTESIAN_POINT('',(-9.920734546065E0,1.647968752822E0,
-1.702958985744E-1));
#5000=CARTESIAN_POINT('',(-9.920941765154E0,1.649630475512E0,
-1.851101304061E-1));
#5001=CARTESIAN_POINT('',(-9.920987823651E0,1.65E0,-1.950368617561E-1));
#5002=CARTESIAN_POINT('',(-9.920987823651E0,1.65E0,-2.E-1));
#5004=CARTESIAN_POINT('',(-3.849012176349E0,1.65E0,-2.E-1));
#5005=CARTESIAN_POINT('',(-3.849012176349E0,1.65E0,-1.952626913515E-1));
#5006=CARTESIAN_POINT('',(-3.849054126720E0,1.649663438126E0,
-1.857876905923E-1));
#5007=CARTESIAN_POINT('',(-3.849243012325E0,1.648148687549E0,
-1.716369980773E-1));
#5008=CARTESIAN_POINT('',(-3.849556540728E0,1.645636513883E0,
-1.576461519590E-1));
#5009=CARTESIAN_POINT('',(-3.849994862371E0,1.642128900182E0,
-1.438400121873E-1));
#5010=CARTESIAN_POINT('',(-3.850554478326E0,1.637658176064E0,
-1.303440491189E-1));
#5011=CARTESIAN_POINT('',(-3.851236108735E0,1.632224059729E0,
-1.171628442847E-1));
#5012=CARTESIAN_POINT('',(-3.852034008599E0,1.625878754578E0,
-1.044265133605E-1));
#5013=CARTESIAN_POINT('',(-3.852948885792E0,1.618623926294E0,
-9.214012931688E-2));
#5014=CARTESIAN_POINT('',(-3.853973811741E0,1.610522510043E0,
-8.041625081079E-2));
#5015=CARTESIAN_POINT('',(-3.855107835518E0,1.601590520044E0,
-6.927780442662E-2));
#5016=CARTESIAN_POINT('',(-3.856344819509E0,1.591885273454E0,
-5.880338262099E-2));
#5017=CARTESIAN_POINT('',(-3.857679833312E0,1.581454445663E0,
-4.904345296163E-2));
#5018=CARTESIAN_POINT('',(-3.859109427965E0,1.570334201064E0,
-4.003811985650E-2));
#5019=CARTESIAN_POINT('',(-3.860623644392E0,1.558610800985E0,
-3.185720727644E-2));
#5020=CARTESIAN_POINT('',(-3.862221736818E0,1.546298681670E0,
-2.451522909161E-2));
#5021=CARTESIAN_POINT('',(-3.863889547331E0,1.533514847793E0,
-1.808321472195E-2));
#5022=CARTESIAN_POINT('',(-3.865627519118E0,1.520263262119E0,
-1.256570314937E-2));
#5023=CARTESIAN_POINT('',(-3.867419320563E0,1.506674899168E0,
-8.019464803905E-3));
#5024=CARTESIAN_POINT('',(-3.869264410687E0,1.492759301380E0,
-4.448598627877E-3));
#5025=CARTESIAN_POINT('',(-3.871146698964E0,1.478642288135E0,
-1.888215547814E-3));
#5026=CARTESIAN_POINT('',(-3.873062351792E0,1.464355688077E0,
-3.434733529519E-4));
#5027=CARTESIAN_POINT('',(-3.874352823397E0,1.454785817641E0,0.E0));
#5028=CARTESIAN_POINT('',(-3.875E0,1.45E0,0.E0));
#5030=CARTESIAN_POINT('',(-6.625E0,1.45E0,0.E0));
#5031=CARTESIAN_POINT('',(-6.625647177022E0,1.454785820742E0,0.E0));
#5032=CARTESIAN_POINT('',(-6.626937649301E0,1.464355696186E0,
-3.434736885576E-4));
#5033=CARTESIAN_POINT('',(-6.628853303193E0,1.478642304266E0,
-1.888217908400E-3));
#5034=CARTESIAN_POINT('',(-6.630735590912E0,1.492759313394E0,
-4.448601086242E-3));
#5035=CARTESIAN_POINT('',(-6.632580683059E0,1.506674926545E0,
-8.019472632611E-3));
#5036=CARTESIAN_POINT('',(-6.634372483773E0,1.520263284127E0,
-1.256571174285E-2));
#5037=CARTESIAN_POINT('',(-6.636110454675E0,1.533514863118E0,
-1.808322153063E-2));
#5038=CARTESIAN_POINT('',(-6.637778266322E0,1.546298705812E0,
-2.451524258611E-2));
#5039=CARTESIAN_POINT('',(-6.639376356658E0,1.558610809094E0,
-3.185721234531E-2));
#5040=CARTESIAN_POINT('',(-6.640890575179E0,1.570334225465E0,
-4.003813839181E-2));
#5041=CARTESIAN_POINT('',(-6.642320167130E0,1.581454449111E0,
-4.904345587117E-2));
#5042=CARTESIAN_POINT('',(-6.643655183431E0,1.591885296468E0,
-5.880340574116E-2));
#5043=CARTESIAN_POINT('',(-6.644892164712E0,1.601590521859E0,
-6.927780682612E-2));
#5044=CARTESIAN_POINT('',(-6.646026190054E0,1.610522524206E0,
-8.041626962320E-2));
#5045=CARTESIAN_POINT('',(-6.647051114455E0,1.618623928262E0,
-9.214013278789E-2));
#5046=CARTESIAN_POINT('',(-6.647965992304E0,1.625878761744E0,
-1.044265263190E-1));
#5047=CARTESIAN_POINT('',(-6.648763891502E0,1.632224061617E0,
-1.171628488190E-1));
#5048=CARTESIAN_POINT('',(-6.649445522050E0,1.637658179058E0,
-1.303440569940E-1));
#5049=CARTESIAN_POINT('',(-6.650005137795E0,1.642128901505E0,
-1.438400170625E-1));
#5050=CARTESIAN_POINT('',(-6.650443459378E0,1.645636514730E0,
-1.576461558215E-1));
#5051=CARTESIAN_POINT('',(-6.650756987736E0,1.648148688036E0,
-1.716370017480E-1));
#5052=CARTESIAN_POINT('',(-6.650945873284E0,1.649663438163E0,
-1.857876918428E-1));
#5053=CARTESIAN_POINT('',(-6.650987823651E0,1.65E0,-1.952626917608E-1));
#5054=CARTESIAN_POINT('',(-6.650987823651E0,1.65E0,-2.E-1));
#5056=CARTESIAN_POINT('',(-3.490121763494E-1,1.65E0,-2.E-1));
#5057=CARTESIAN_POINT('',(-3.490121763494E-1,1.65E0,-1.952626913515E-1));
#5058=CARTESIAN_POINT('',(-3.490541267201E-1,1.649663438126E0,
-1.857876905923E-1));
#5059=CARTESIAN_POINT('',(-3.492430123252E-1,1.648148687549E0,
-1.716369980773E-1));
#5060=CARTESIAN_POINT('',(-3.495565407278E-1,1.645636513883E0,
-1.576461519590E-1));
#5061=CARTESIAN_POINT('',(-3.499948623707E-1,1.642128900182E0,
-1.438400121873E-1));
#5062=CARTESIAN_POINT('',(-3.505544783258E-1,1.637658176064E0,
-1.303440491189E-1));
#5063=CARTESIAN_POINT('',(-3.512361087349E-1,1.632224059729E0,
-1.171628442847E-1));
#5064=CARTESIAN_POINT('',(-3.520340085988E-1,1.625878754578E0,
-1.044265133605E-1));
#5065=CARTESIAN_POINT('',(-3.529488857923E-1,1.618623926294E0,
-9.214012931687E-2));
#5066=CARTESIAN_POINT('',(-3.539738117414E-1,1.610522510043E0,
-8.041625081080E-2));
#5067=CARTESIAN_POINT('',(-3.551078355175E-1,1.601590520044E0,
-6.927780442661E-2));
#5068=CARTESIAN_POINT('',(-3.563448195091E-1,1.591885273454E0,
-5.880338262099E-2));
#5069=CARTESIAN_POINT('',(-3.576798333116E-1,1.581454445663E0,
-4.904345296163E-2));
#5070=CARTESIAN_POINT('',(-3.591094279646E-1,1.570334201064E0,
-4.003811985650E-2));
#5071=CARTESIAN_POINT('',(-3.606236443921E-1,1.558610800985E0,
-3.185720727643E-2));
#5072=CARTESIAN_POINT('',(-3.622217368177E-1,1.546298681670E0,
-2.451522909161E-2));
#5073=CARTESIAN_POINT('',(-3.638895473314E-1,1.533514847793E0,
-1.808321472195E-2));
#5074=CARTESIAN_POINT('',(-3.656275191184E-1,1.520263262119E0,
-1.256570314937E-2));
#5075=CARTESIAN_POINT('',(-3.674193205635E-1,1.506674899168E0,
-8.019464803903E-3));
#5076=CARTESIAN_POINT('',(-3.692644106872E-1,1.492759301380E0,
-4.448598627877E-3));
#5077=CARTESIAN_POINT('',(-3.711466989637E-1,1.478642288135E0,
-1.888215547814E-3));
#5078=CARTESIAN_POINT('',(-3.730623517916E-1,1.464355688077E0,
-3.434733529524E-4));
#5079=CARTESIAN_POINT('',(-3.743528233969E-1,1.454785817641E0,0.E0));
#5080=CARTESIAN_POINT('',(-3.75E-1,1.45E0,0.E0));
#5082=CARTESIAN_POINT('',(-3.125E0,1.45E0,0.E0));
#5083=CARTESIAN_POINT('',(-3.125647177022E0,1.454785820742E0,0.E0));
#5084=CARTESIAN_POINT('',(-3.126937649301E0,1.464355696186E0,
-3.434736885570E-4));
#5085=CARTESIAN_POINT('',(-3.128853303193E0,1.478642304266E0,
-1.888217908401E-3));
#5086=CARTESIAN_POINT('',(-3.130735590912E0,1.492759313394E0,
-4.448601086242E-3));
#5087=CARTESIAN_POINT('',(-3.132580683059E0,1.506674926545E0,
-8.019472632610E-3));
#5088=CARTESIAN_POINT('',(-3.134372483773E0,1.520263284127E0,
-1.256571174285E-2));
#5089=CARTESIAN_POINT('',(-3.136110454675E0,1.533514863118E0,
-1.808322153063E-2));
#5090=CARTESIAN_POINT('',(-3.137778266322E0,1.546298705812E0,
-2.451524258612E-2));
#5091=CARTESIAN_POINT('',(-3.139376356658E0,1.558610809094E0,
-3.185721234531E-2));
#5092=CARTESIAN_POINT('',(-3.140890575179E0,1.570334225465E0,
-4.003813839181E-2));
#5093=CARTESIAN_POINT('',(-3.142320167130E0,1.581454449111E0,
-4.904345587116E-2));
#5094=CARTESIAN_POINT('',(-3.143655183431E0,1.591885296468E0,
-5.880340574117E-2));
#5095=CARTESIAN_POINT('',(-3.144892164712E0,1.601590521859E0,
-6.927780682612E-2));
#5096=CARTESIAN_POINT('',(-3.146026190054E0,1.610522524206E0,
-8.041626962320E-2));
#5097=CARTESIAN_POINT('',(-3.147051114455E0,1.618623928262E0,
-9.214013278790E-2));
#5098=CARTESIAN_POINT('',(-3.147965992304E0,1.625878761744E0,
-1.044265263190E-1));
#5099=CARTESIAN_POINT('',(-3.148763891502E0,1.632224061617E0,
-1.171628488190E-1));
#5100=CARTESIAN_POINT('',(-3.149445522050E0,1.637658179058E0,
-1.303440569940E-1));
#5101=CARTESIAN_POINT('',(-3.150005137795E0,1.642128901505E0,
-1.438400170625E-1));
#5102=CARTESIAN_POINT('',(-3.150443459378E0,1.645636514730E0,
-1.576461558215E-1));
#5103=CARTESIAN_POINT('',(-3.150756987736E0,1.648148688036E0,
-1.716370017480E-1));
#5104=CARTESIAN_POINT('',(-3.150945873284E0,1.649663438163E0,
-1.857876918428E-1));
#5105=CARTESIAN_POINT('',(-3.150987823651E0,1.65E0,-1.952626917608E-1));
#5106=CARTESIAN_POINT('',(-3.150987823651E0,1.65E0,-2.E-1));
#5108=CARTESIAN_POINT('',(3.150987823651E0,1.65E0,-2.E-1));
#5109=CARTESIAN_POINT('',(3.150987823651E0,1.65E0,-1.952626913515E-1));
#5110=CARTESIAN_POINT('',(3.150945873280E0,1.649663438126E0,
-1.857876905923E-1));
#5111=CARTESIAN_POINT('',(3.150756987675E0,1.648148687549E0,
-1.716369980773E-1));
#5112=CARTESIAN_POINT('',(3.150443459272E0,1.645636513883E0,
-1.576461519590E-1));
#5113=CARTESIAN_POINT('',(3.150005137629E0,1.642128900182E0,
-1.438400121873E-1));
#5114=CARTESIAN_POINT('',(3.149445521674E0,1.637658176064E0,
-1.303440491189E-1));
#5115=CARTESIAN_POINT('',(3.148763891265E0,1.632224059729E0,
-1.171628442847E-1));
#5116=CARTESIAN_POINT('',(3.147965991401E0,1.625878754578E0,
-1.044265133605E-1));
#5117=CARTESIAN_POINT('',(3.147051114208E0,1.618623926294E0,
-9.214012931688E-2));
#5118=CARTESIAN_POINT('',(3.146026188259E0,1.610522510043E0,
-8.041625081079E-2));
#5119=CARTESIAN_POINT('',(3.144892164482E0,1.601590520044E0,
-6.927780442661E-2));
#5120=CARTESIAN_POINT('',(3.143655180491E0,1.591885273454E0,
-5.880338262099E-2));
#5121=CARTESIAN_POINT('',(3.142320166688E0,1.581454445663E0,
-4.904345296162E-2));
#5122=CARTESIAN_POINT('',(3.140890572035E0,1.570334201064E0,
-4.003811985651E-2));
#5123=CARTESIAN_POINT('',(3.139376355608E0,1.558610800985E0,
-3.185720727643E-2));
#5124=CARTESIAN_POINT('',(3.137778263182E0,1.546298681670E0,
-2.451522909161E-2));
#5125=CARTESIAN_POINT('',(3.136110452669E0,1.533514847793E0,
-1.808321472195E-2));
#5126=CARTESIAN_POINT('',(3.134372480882E0,1.520263262119E0,
-1.256570314937E-2));
#5127=CARTESIAN_POINT('',(3.132580679437E0,1.506674899168E0,
-8.019464803903E-3));
#5128=CARTESIAN_POINT('',(3.130735589313E0,1.492759301380E0,
-4.448598627877E-3));
#5129=CARTESIAN_POINT('',(3.128853301036E0,1.478642288135E0,
-1.888215547814E-3));
#5130=CARTESIAN_POINT('',(3.126937648208E0,1.464355688077E0,
-3.434733529524E-4));
#5131=CARTESIAN_POINT('',(3.125647176603E0,1.454785817641E0,0.E0));
#5132=CARTESIAN_POINT('',(3.125E0,1.45E0,0.E0));
#5134=CARTESIAN_POINT('',(3.75E-1,1.45E0,0.E0));
#5135=CARTESIAN_POINT('',(3.743528229776E-1,1.454785820742E0,0.E0));
#5136=CARTESIAN_POINT('',(3.730623506986E-1,1.464355696186E0,
-3.434736885571E-4));
#5137=CARTESIAN_POINT('',(3.711466968071E-1,1.478642304266E0,
-1.888217908400E-3));
#5138=CARTESIAN_POINT('',(3.692644090882E-1,1.492759313394E0,
-4.448601086242E-3));
#5139=CARTESIAN_POINT('',(3.674193169413E-1,1.506674926545E0,
-8.019472632610E-3));
#5140=CARTESIAN_POINT('',(3.656275162272E-1,1.520263284127E0,
-1.256571174285E-2));
#5141=CARTESIAN_POINT('',(3.638895453253E-1,1.533514863118E0,
-1.808322153063E-2));
#5142=CARTESIAN_POINT('',(3.622217336776E-1,1.546298705812E0,
-2.451524258611E-2));
#5143=CARTESIAN_POINT('',(3.606236433416E-1,1.558610809094E0,
-3.185721234532E-2));
#5144=CARTESIAN_POINT('',(3.591094248209E-1,1.570334225465E0,
-4.003813839181E-2));
#5145=CARTESIAN_POINT('',(3.576798328697E-1,1.581454449111E0,
-4.904345587116E-2));
#5146=CARTESIAN_POINT('',(3.563448165693E-1,1.591885296468E0,
-5.880340574117E-2));
#5147=CARTESIAN_POINT('',(3.551078352881E-1,1.601590521859E0,
-6.927780682612E-2));
#5148=CARTESIAN_POINT('',(3.539738099457E-1,1.610522524206E0,
-8.041626962320E-2));
#5149=CARTESIAN_POINT('',(3.529488855447E-1,1.618623928262E0,
-9.214013278789E-2));
#5150=CARTESIAN_POINT('',(3.520340076960E-1,1.625878761744E0,
-1.044265263190E-1));
#5151=CARTESIAN_POINT('',(3.512361084982E-1,1.632224061617E0,
-1.171628488190E-1));
#5152=CARTESIAN_POINT('',(3.505544779505E-1,1.637658179058E0,
-1.303440569940E-1));
#5153=CARTESIAN_POINT('',(3.499948622054E-1,1.642128901505E0,
-1.438400170625E-1));
#5154=CARTESIAN_POINT('',(3.495565406221E-1,1.645636514730E0,
-1.576461558215E-1));
#5155=CARTESIAN_POINT('',(3.492430122644E-1,1.648148688036E0,
-1.716370017480E-1));
#5156=CARTESIAN_POINT('',(3.490541267155E-1,1.649663438163E0,
-1.857876918428E-1));
#5157=CARTESIAN_POINT('',(3.490121763494E-1,1.65E0,-1.952626917608E-1));
#5158=CARTESIAN_POINT('',(3.490121763494E-1,1.65E0,-2.E-1));
#5160=CARTESIAN_POINT('',(7.375E0,1.45E0,0.E0));
#5161=CARTESIAN_POINT('',(7.374352822978E0,1.454785820742E0,0.E0));
#5162=CARTESIAN_POINT('',(7.373062350699E0,1.464355696186E0,
-3.434736885572E-4));
#5163=CARTESIAN_POINT('',(7.371146696807E0,1.478642304266E0,
-1.888217908400E-3));
#5164=CARTESIAN_POINT('',(7.369264409088E0,1.492759313394E0,
-4.448601086243E-3));
#5165=CARTESIAN_POINT('',(7.367419316941E0,1.506674926545E0,
-8.019472632610E-3));
#5166=CARTESIAN_POINT('',(7.365627516227E0,1.520263284127E0,
-1.256571174285E-2));
#5167=CARTESIAN_POINT('',(7.363889545325E0,1.533514863118E0,
-1.808322153063E-2));
#5168=CARTESIAN_POINT('',(7.362221733678E0,1.546298705812E0,
-2.451524258612E-2));
#5169=CARTESIAN_POINT('',(7.360623643342E0,1.558610809094E0,
-3.185721234531E-2));
#5170=CARTESIAN_POINT('',(7.359109424821E0,1.570334225465E0,
-4.003813839181E-2));
#5171=CARTESIAN_POINT('',(7.357679832870E0,1.581454449111E0,
-4.904345587116E-2));
#5172=CARTESIAN_POINT('',(7.356344816569E0,1.591885296468E0,
-5.880340574117E-2));
#5173=CARTESIAN_POINT('',(7.355107835288E0,1.601590521859E0,
-6.927780682612E-2));
#5174=CARTESIAN_POINT('',(7.353973809946E0,1.610522524206E0,
-8.041626962320E-2));
#5175=CARTESIAN_POINT('',(7.352948885545E0,1.618623928262E0,
-9.214013278790E-2));
#5176=CARTESIAN_POINT('',(7.352034007696E0,1.625878761744E0,
-1.044265263190E-1));
#5177=CARTESIAN_POINT('',(7.351236108498E0,1.632224061617E0,
-1.171628488190E-1));
#5178=CARTESIAN_POINT('',(7.350554477950E0,1.637658179058E0,
-1.303440569940E-1));
#5179=CARTESIAN_POINT('',(7.349994862205E0,1.642128901505E0,
-1.438400170625E-1));
#5180=CARTESIAN_POINT('',(7.349556540622E0,1.645636514730E0,
-1.576461558215E-1));
#5181=CARTESIAN_POINT('',(7.349243012264E0,1.648148688036E0,
-1.716370017480E-1));
#5182=CARTESIAN_POINT('',(7.349054126716E0,1.649663438163E0,
-1.857876918428E-1));
#5183=CARTESIAN_POINT('',(7.349012176349E0,1.65E0,-1.952626917608E-1));
#5184=CARTESIAN_POINT('',(7.349012176349E0,1.65E0,-2.E-1));
#5186=CARTESIAN_POINT('',(9.906102545389E0,1.65E0,-2.E-1));
#5187=CARTESIAN_POINT('',(9.906102545389E0,1.65E0,-1.950179254744E-1));
#5188=CARTESIAN_POINT('',(9.906082706632E0,1.649627646612E0,
-1.850537389678E-1));
#5189=CARTESIAN_POINT('',(9.905993468757E0,1.647953527077E0,
-1.701854555337E-1));
#5190=CARTESIAN_POINT('',(9.905845298722E0,1.645176411642E0,
-1.554942635020E-1));
#5191=CARTESIAN_POINT('',(9.905638458319E0,1.641305038471E0,
-1.410346749361E-1));
#5192=CARTESIAN_POINT('',(9.905374409596E0,1.636371971046E0,
-1.269240802094E-1));
#5193=CARTESIAN_POINT('',(9.905053362779E0,1.630387668112E0,
-1.131964901238E-1));
#5194=CARTESIAN_POINT('',(9.904677925072E0,1.623408316736E0,
-9.997913445442E-2));
#5195=CARTESIAN_POINT('',(9.904248112315E0,1.615442840134E0,
-8.729122485481E-2));
#5196=CARTESIAN_POINT('',(9.903767759700E0,1.606571595068E0,
-7.526036681528E-2));
#5197=CARTESIAN_POINT('',(9.903236698777E0,1.596801399134E0,
-6.389710509175E-2));
#5198=CARTESIAN_POINT('',(9.902659922031E0,1.586234234971E0,
-5.332041596360E-2));
#5199=CARTESIAN_POINT('',(9.902037232841E0,1.574876814781E0,
-4.353760753779E-2));
#5200=CARTESIAN_POINT('',(9.901374557712E0,1.562847314813E0,
-3.465133925527E-2));
#5201=CARTESIAN_POINT('',(9.900671947576E0,1.550156422031E0,
-2.666956234756E-2));
#5202=CARTESIAN_POINT('',(9.899935919414E0,1.536930992088E0,
-1.967327817404E-2));
#5203=CARTESIAN_POINT('',(9.899167128249E0,1.523191132494E0,
-1.367272421841E-2));
#5204=CARTESIAN_POINT('',(9.898372244484E0,1.509063473111E0,
-8.724662793331E-3));
#5205=CARTESIAN_POINT('',(9.897552908745E0,1.494583363552E0,
-4.840686356461E-3));
#5206=CARTESIAN_POINT('',(9.896715476761E0,1.479868196157E0,
-2.053902120647E-3));
#5207=CARTESIAN_POINT('',(9.895862925544E0,1.464973816243E0,
-3.737443751114E-4));
#5208=CARTESIAN_POINT('',(9.895288205489E0,1.454991404997E0,0.E0));
#5209=CARTESIAN_POINT('',(9.895E0,1.45E0,0.E0));
#5211=CARTESIAN_POINT('',(6.650987823651E0,1.65E0,-2.E-1));
#5212=CARTESIAN_POINT('',(6.650987823651E0,1.65E0,-1.952626913515E-1));
#5213=CARTESIAN_POINT('',(6.650945873280E0,1.649663438126E0,
-1.857876905923E-1));
#5214=CARTESIAN_POINT('',(6.650756987675E0,1.648148687549E0,
-1.716369980773E-1));
#5215=CARTESIAN_POINT('',(6.650443459272E0,1.645636513883E0,
-1.576461519590E-1));
#5216=CARTESIAN_POINT('',(6.650005137629E0,1.642128900182E0,
-1.438400121873E-1));
#5217=CARTESIAN_POINT('',(6.649445521674E0,1.637658176064E0,
-1.303440491189E-1));
#5218=CARTESIAN_POINT('',(6.648763891265E0,1.632224059729E0,
-1.171628442847E-1));
#5219=CARTESIAN_POINT('',(6.647965991401E0,1.625878754578E0,
-1.044265133605E-1));
#5220=CARTESIAN_POINT('',(6.647051114208E0,1.618623926294E0,
-9.214012931687E-2));
#5221=CARTESIAN_POINT('',(6.646026188259E0,1.610522510043E0,
-8.041625081080E-2));
#5222=CARTESIAN_POINT('',(6.644892164482E0,1.601590520044E0,
-6.927780442661E-2));
#5223=CARTESIAN_POINT('',(6.643655180491E0,1.591885273454E0,
-5.880338262099E-2));
#5224=CARTESIAN_POINT('',(6.642320166688E0,1.581454445663E0,
-4.904345296162E-2));
#5225=CARTESIAN_POINT('',(6.640890572035E0,1.570334201064E0,
-4.003811985651E-2));
#5226=CARTESIAN_POINT('',(6.639376355608E0,1.558610800985E0,
-3.185720727643E-2));
#5227=CARTESIAN_POINT('',(6.637778263182E0,1.546298681670E0,
-2.451522909161E-2));
#5228=CARTESIAN_POINT('',(6.636110452669E0,1.533514847793E0,
-1.808321472195E-2));
#5229=CARTESIAN_POINT('',(6.634372480882E0,1.520263262119E0,
-1.256570314937E-2));
#5230=CARTESIAN_POINT('',(6.632580679437E0,1.506674899168E0,
-8.019464803903E-3));
#5231=CARTESIAN_POINT('',(6.630735589313E0,1.492759301380E0,
-4.448598627877E-3));
#5232=CARTESIAN_POINT('',(6.628853301036E0,1.478642288135E0,
-1.888215547814E-3));
#5233=CARTESIAN_POINT('',(6.626937648208E0,1.464355688077E0,
-3.434733529525E-4));
#5234=CARTESIAN_POINT('',(6.625647176603E0,1.454785817641E0,0.E0));
#5235=CARTESIAN_POINT('',(6.625E0,1.45E0,0.E0));
#5237=CARTESIAN_POINT('',(3.875E0,1.45E0,0.E0));
#5238=CARTESIAN_POINT('',(3.874352822978E0,1.454785820742E0,0.E0));
#5239=CARTESIAN_POINT('',(3.873062350699E0,1.464355696186E0,
-3.434736885570E-4));
#5240=CARTESIAN_POINT('',(3.871146696807E0,1.478642304266E0,
-1.888217908401E-3));
#5241=CARTESIAN_POINT('',(3.869264409088E0,1.492759313394E0,
-4.448601086242E-3));
#5242=CARTESIAN_POINT('',(3.867419316941E0,1.506674926545E0,
-8.019472632611E-3));
#5243=CARTESIAN_POINT('',(3.865627516227E0,1.520263284127E0,
-1.256571174285E-2));
#5244=CARTESIAN_POINT('',(3.863889545325E0,1.533514863118E0,
-1.808322153063E-2));
#5245=CARTESIAN_POINT('',(3.862221733678E0,1.546298705812E0,
-2.451524258612E-2));
#5246=CARTESIAN_POINT('',(3.860623643342E0,1.558610809094E0,
-3.185721234531E-2));
#5247=CARTESIAN_POINT('',(3.859109424821E0,1.570334225465E0,
-4.003813839181E-2));
#5248=CARTESIAN_POINT('',(3.857679832870E0,1.581454449111E0,
-4.904345587116E-2));
#5249=CARTESIAN_POINT('',(3.856344816569E0,1.591885296468E0,
-5.880340574117E-2));
#5250=CARTESIAN_POINT('',(3.855107835288E0,1.601590521859E0,
-6.927780682612E-2));
#5251=CARTESIAN_POINT('',(3.853973809946E0,1.610522524206E0,
-8.041626962320E-2));
#5252=CARTESIAN_POINT('',(3.852948885545E0,1.618623928262E0,
-9.214013278790E-2));
#5253=CARTESIAN_POINT('',(3.852034007696E0,1.625878761744E0,
-1.044265263190E-1));
#5254=CARTESIAN_POINT('',(3.851236108498E0,1.632224061617E0,
-1.171628488190E-1));
#5255=CARTESIAN_POINT('',(3.850554477950E0,1.637658179058E0,
-1.303440569940E-1));
#5256=CARTESIAN_POINT('',(3.849994862205E0,1.642128901505E0,
-1.438400170625E-1));
#5257=CARTESIAN_POINT('',(3.849556540622E0,1.645636514730E0,
-1.576461558215E-1));
#5258=CARTESIAN_POINT('',(3.849243012264E0,1.648148688036E0,
-1.716370017480E-1));
#5259=CARTESIAN_POINT('',(3.849054126716E0,1.649663438163E0,
-1.857876918428E-1));
#5260=CARTESIAN_POINT('',(3.849012176349E0,1.65E0,-1.952626917608E-1));
#5261=CARTESIAN_POINT('',(3.849012176349E0,1.65E0,-2.E-1));
#5263=DIRECTION('',(0.E0,1.834965098604E-14,1.E0));
#5264=VECTOR('',#5263,4.840301433395E-1);
#5265=CARTESIAN_POINT('',(-9.97E0,6.017322328155E0,-4.840301433395E-1));
#5266=LINE('',#5265,#5264);
#5267=DIRECTION('',(0.E0,1.E0,-3.535540236459E-14));
#5268=VECTOR('',#5267,3.934644656310E0);
#5269=CARTESIAN_POINT('',(-9.97E0,2.082677671845E0,-4.840301433394E-1));
#5270=LINE('',#5269,#5268);
#5271=DIRECTION('',(0.E0,0.E0,1.E0));
#5272=VECTOR('',#5271,4.840301433394E-1);
#5273=CARTESIAN_POINT('',(-9.97E0,2.082677671845E0,-4.840301433394E-1));
#5274=LINE('',#5273,#5272);
#5275=CARTESIAN_POINT('',(-7.349012176349E0,6.45E0,-6.947368421053E-1));
#5276=CARTESIAN_POINT('',(-7.349012176349E0,6.45E0,-6.993318833460E-1));
#5277=CARTESIAN_POINT('',(-7.348972702719E0,6.449683374851E0,
-7.085289544323E-1));
#5278=CARTESIAN_POINT('',(-7.348794514373E0,6.448253519083E0,
-7.222946549147E-1));
#5279=CARTESIAN_POINT('',(-7.348498477704E0,6.445876075139E0,
-7.359193274858E-1));
#5280=CARTESIAN_POINT('',(-7.348088237739E0,6.442577508148E0,
-7.493023597963E-1));
#5281=CARTESIAN_POINT('',(-7.347562932482E0,6.438346996754E0,
-7.624823081851E-1));
#5282=CARTESIAN_POINT('',(-7.346926067169E0,6.433207786790E0,
-7.753516189908E-1));
#5283=CARTESIAN_POINT('',(-7.346184058783E0,6.427205863787E0,
-7.878050399323E-1));
#5284=CARTESIAN_POINT('',(-7.345339650403E0,6.420356884296E0,
-7.998201237224E-1));
#5285=CARTESIAN_POINT('',(-7.344394252915E0,6.412664844973E0,
-8.113751140519E-1));
#5286=CARTESIAN_POINT('',(-7.343356066929E0,6.404188350047E0,
-8.223686332649E-1));
#5287=CARTESIAN_POINT('',(-7.342235329603E0,6.395002926502E0,
-8.327155078816E-1));
#5288=CARTESIAN_POINT('',(-7.341029994381E0,6.385083222370E0,
-8.424428171810E-1));
#5289=CARTESIAN_POINT('',(-7.339748996636E0,6.374493598725E0,
-8.514715813263E-1));
#5290=CARTESIAN_POINT('',(-7.338852336892E0,6.367045825045E0,
-8.569764201665E-1));
#5291=CARTESIAN_POINT('',(-7.338394368639E0,6.363232104121E0,
-8.595958442745E-1));
#5293=DIRECTION('',(1.E0,0.E0,0.E0));
#5294=VECTOR('',#5293,2.570305543981E0);
#5295=CARTESIAN_POINT('',(-9.908699912620E0,6.363232104121E0,
-8.595958442745E-1));
#5296=LINE('',#5295,#5294);
#5297=CARTESIAN_POINT('',(-9.908699912620E0,6.363232104121E0,
-8.595958442745E-1));
#5298=CARTESIAN_POINT('',(-9.909484853861E0,6.366639700314E0,
-8.572553637315E-1));
#5299=CARTESIAN_POINT('',(-9.911114142185E0,6.373331121605E0,
-8.523487336027E-1));
#5300=CARTESIAN_POINT('',(-9.913721804299E0,6.382966702668E0,
-8.443114940949E-1));
#5301=CARTESIAN_POINT('',(-9.916459560442E0,6.392109676222E0,
-8.356544072343E-1));
#5302=CARTESIAN_POINT('',(-9.919298190354E0,6.400703682289E0,
-8.264239381103E-1));
#5303=CARTESIAN_POINT('',(-9.922214431867E0,6.408716109098E0,
-8.166491478500E-1));
#5304=CARTESIAN_POINT('',(-9.924197014173E0,6.413653585440E0,
-8.097822121526E-1));
#5305=CARTESIAN_POINT('',(-9.925193836811E0,6.416015103863E0,
-8.062670411067E-1));
#5307=CARTESIAN_POINT('',(-9.925193836811E0,6.416015103863E0,
-8.062670411067E-1));
#5308=CARTESIAN_POINT('',(-9.924854887906E0,6.418773806509E0,
-8.021606527887E-1));
#5309=CARTESIAN_POINT('',(-9.924213929734E0,6.423980769648E0,
-7.937500715068E-1));
#5310=CARTESIAN_POINT('',(-9.923370763729E0,6.430808999565E0,
-7.806494471522E-1));
#5311=CARTESIAN_POINT('',(-9.922644783159E0,6.436672326729E0,
-7.670338031695E-1));
#5312=CARTESIAN_POINT('',(-9.922044500854E0,6.441509389529E0,
-7.530204906551E-1));
#5313=CARTESIAN_POINT('',(-9.921575473982E0,6.445281895584E0,
-7.387546709661E-1));
#5314=CARTESIAN_POINT('',(-9.921237059936E0,6.448000105534E0,
-7.242167374850E-1));
#5315=CARTESIAN_POINT('',(-9.921033012252E0,6.449637539546E0,
-7.094947979025E-1));
#5316=CARTESIAN_POINT('',(-9.920987823651E0,6.45E0,-6.996539277100E-1));
#5317=CARTESIAN_POINT('',(-9.920987823651E0,6.45E0,-6.947368421053E-1));
#5319=CARTESIAN_POINT('',(-3.849012176349E0,6.45E0,-6.947368421053E-1));
#5320=CARTESIAN_POINT('',(-3.849012176349E0,6.45E0,-6.993318833460E-1));
#5321=CARTESIAN_POINT('',(-3.848972702719E0,6.449683374851E0,
-7.085289544323E-1));
#5322=CARTESIAN_POINT('',(-3.848794514373E0,6.448253519083E0,
-7.222946549147E-1));
#5323=CARTESIAN_POINT('',(-3.848498477704E0,6.445876075139E0,
-7.359193274858E-1));
#5324=CARTESIAN_POINT('',(-3.848088237739E0,6.442577508148E0,
-7.493023597963E-1));
#5325=CARTESIAN_POINT('',(-3.847562932482E0,6.438346996754E0,
-7.624823081851E-1));
#5326=CARTESIAN_POINT('',(-3.846926067169E0,6.433207786790E0,
-7.753516189908E-1));
#5327=CARTESIAN_POINT('',(-3.846184058783E0,6.427205863787E0,
-7.878050399323E-1));
#5328=CARTESIAN_POINT('',(-3.845339650403E0,6.420356884296E0,
-7.998201237224E-1));
#5329=CARTESIAN_POINT('',(-3.844394252915E0,6.412664844973E0,
-8.113751140519E-1));
#5330=CARTESIAN_POINT('',(-3.843356066929E0,6.404188350047E0,
-8.223686332649E-1));
#5331=CARTESIAN_POINT('',(-3.842235329603E0,6.395002926502E0,
-8.327155078816E-1));
#5332=CARTESIAN_POINT('',(-3.841029994381E0,6.385083222370E0,
-8.424428171810E-1));
#5333=CARTESIAN_POINT('',(-3.839748996636E0,6.374493598725E0,
-8.514715813263E-1));
#5334=CARTESIAN_POINT('',(-3.838852336892E0,6.367045825045E0,
-8.569764201665E-1));
#5335=CARTESIAN_POINT('',(-3.838394368639E0,6.363232104121E0,
-8.595958442745E-1));
#5337=DIRECTION('',(1.E0,0.E0,0.E0));
#5338=VECTOR('',#5337,2.823211262721E0);
#5339=CARTESIAN_POINT('',(-6.661605631361E0,6.363232104121E0,
-8.595958442745E-1));
#5340=LINE('',#5339,#5338);
#5341=CARTESIAN_POINT('',(-6.661605631361E0,6.363232104121E0,
-8.595958442745E-1));
#5342=CARTESIAN_POINT('',(-6.661147663108E0,6.367045825045E0,
-8.569764201665E-1));
#5343=CARTESIAN_POINT('',(-6.660251003364E0,6.374493598725E0,
-8.514715813263E-1));
#5344=CARTESIAN_POINT('',(-6.658970005619E0,6.385083222370E0,
-8.424428171809E-1));
#5345=CARTESIAN_POINT('',(-6.657764670397E0,6.395002926502E0,
-8.327155078816E-1));
#5346=CARTESIAN_POINT('',(-6.656643933071E0,6.404188350047E0,
-8.223686332649E-1));
#5347=CARTESIAN_POINT('',(-6.655605747085E0,6.412664844973E0,
-8.113751140519E-1));
#5348=CARTESIAN_POINT('',(-6.654660349597E0,6.420356884296E0,
-7.998201237224E-1));
#5349=CARTESIAN_POINT('',(-6.653815941217E0,6.427205863787E0,
-7.878050399323E-1));
#5350=CARTESIAN_POINT('',(-6.653073932831E0,6.433207786790E0,
-7.753516189908E-1));
#5351=CARTESIAN_POINT('',(-6.652437067517E0,6.438346996754E0,
-7.624823081851E-1));
#5352=CARTESIAN_POINT('',(-6.651911762261E0,6.442577508148E0,
-7.493023597963E-1));
#5353=CARTESIAN_POINT('',(-6.651501522296E0,6.445876075139E0,
-7.359193274858E-1));
#5354=CARTESIAN_POINT('',(-6.651205485627E0,6.448253519083E0,
-7.222946549146E-1));
#5355=CARTESIAN_POINT('',(-6.651027297281E0,6.449683374851E0,
-7.085289544323E-1));
#5356=CARTESIAN_POINT('',(-6.650987823651E0,6.45E0,-6.993318833460E-1));
#5357=CARTESIAN_POINT('',(-6.650987823651E0,6.45E0,-6.947368421053E-1));
#5359=CARTESIAN_POINT('',(-3.490121763494E-1,6.45E0,-6.947368421053E-1));
#5360=CARTESIAN_POINT('',(-3.490121763494E-1,6.45E0,-6.993318833460E-1));
#5361=CARTESIAN_POINT('',(-3.489727027186E-1,6.449683374851E0,
-7.085289544323E-1));
#5362=CARTESIAN_POINT('',(-3.487945143727E-1,6.448253519083E0,
-7.222946549147E-1));
#5363=CARTESIAN_POINT('',(-3.484984777044E-1,6.445876075139E0,
-7.359193274858E-1));
#5364=CARTESIAN_POINT('',(-3.480882377393E-1,6.442577508148E0,
-7.493023597963E-1));
#5365=CARTESIAN_POINT('',(-3.475629324825E-1,6.438346996754E0,
-7.624823081851E-1));
#5366=CARTESIAN_POINT('',(-3.469260671687E-1,6.433207786790E0,
-7.753516189907E-1));
#5367=CARTESIAN_POINT('',(-3.461840587830E-1,6.427205863787E0,
-7.878050399323E-1));
#5368=CARTESIAN_POINT('',(-3.453396504029E-1,6.420356884296E0,
-7.998201237224E-1));
#5369=CARTESIAN_POINT('',(-3.443942529150E-1,6.412664844973E0,
-8.113751140519E-1));
#5370=CARTESIAN_POINT('',(-3.433560669291E-1,6.404188350047E0,
-8.223686332649E-1));
#5371=CARTESIAN_POINT('',(-3.422353296026E-1,6.395002926502E0,
-8.327155078816E-1));
#5372=CARTESIAN_POINT('',(-3.410299943806E-1,6.385083222370E0,
-8.424428171810E-1));
#5373=CARTESIAN_POINT('',(-3.397489966355E-1,6.374493598725E0,
-8.514715813263E-1));
#5374=CARTESIAN_POINT('',(-3.388523368921E-1,6.367045825045E0,
-8.569764201665E-1));
#5375=CARTESIAN_POINT('',(-3.383943686394E-1,6.363232104121E0,
-8.595958442745E-1));
#5377=DIRECTION('',(1.E0,1.258394554354E-14,1.002783160501E-14));
#5378=VECTOR('',#5377,2.823211262721E0);
#5379=CARTESIAN_POINT('',(-3.161605631361E0,6.363232104121E0,
-8.595958442745E-1));
#5380=LINE('',#5379,#5378);
#5381=CARTESIAN_POINT('',(-3.161605631361E0,6.363232104121E0,
-8.595958442745E-1));
#5382=CARTESIAN_POINT('',(-3.161147663108E0,6.367045825045E0,
-8.569764201665E-1));
#5383=CARTESIAN_POINT('',(-3.160251003364E0,6.374493598725E0,
-8.514715813263E-1));
#5384=CARTESIAN_POINT('',(-3.158970005619E0,6.385083222370E0,
-8.424428171809E-1));
#5385=CARTESIAN_POINT('',(-3.157764670397E0,6.395002926502E0,
-8.327155078816E-1));
#5386=CARTESIAN_POINT('',(-3.156643933071E0,6.404188350047E0,
-8.223686332649E-1));
#5387=CARTESIAN_POINT('',(-3.155605747085E0,6.412664844973E0,
-8.113751140519E-1));
#5388=CARTESIAN_POINT('',(-3.154660349597E0,6.420356884296E0,
-7.998201237224E-1));
#5389=CARTESIAN_POINT('',(-3.153815941217E0,6.427205863787E0,
-7.878050399323E-1));
#5390=CARTESIAN_POINT('',(-3.153073932831E0,6.433207786790E0,
-7.753516189907E-1));
#5391=CARTESIAN_POINT('',(-3.152437067517E0,6.438346996754E0,
-7.624823081851E-1));
#5392=CARTESIAN_POINT('',(-3.151911762261E0,6.442577508148E0,
-7.493023597963E-1));
#5393=CARTESIAN_POINT('',(-3.151501522296E0,6.445876075139E0,
-7.359193274858E-1));
#5394=CARTESIAN_POINT('',(-3.151205485627E0,6.448253519083E0,
-7.222946549146E-1));
#5395=CARTESIAN_POINT('',(-3.151027297281E0,6.449683374851E0,
-7.085289544323E-1));
#5396=CARTESIAN_POINT('',(-3.150987823651E0,6.45E0,-6.993318833460E-1));
#5397=CARTESIAN_POINT('',(-3.150987823651E0,6.45E0,-6.947368421053E-1));
#5399=CARTESIAN_POINT('',(3.150987823651E0,6.45E0,-6.947368421053E-1));
#5400=CARTESIAN_POINT('',(3.150987823651E0,6.45E0,-6.993318833460E-1));
#5401=CARTESIAN_POINT('',(3.151027297281E0,6.449683374851E0,
-7.085289544323E-1));
#5402=CARTESIAN_POINT('',(3.151205485627E0,6.448253519083E0,
-7.222946549147E-1));
#5403=CARTESIAN_POINT('',(3.151501522296E0,6.445876075139E0,
-7.359193274858E-1));
#5404=CARTESIAN_POINT('',(3.151911762261E0,6.442577508148E0,
-7.493023597963E-1));
#5405=CARTESIAN_POINT('',(3.152437067517E0,6.438346996754E0,
-7.624823081851E-1));
#5406=CARTESIAN_POINT('',(3.153073932831E0,6.433207786790E0,
-7.753516189908E-1));
#5407=CARTESIAN_POINT('',(3.153815941217E0,6.427205863787E0,
-7.878050399323E-1));
#5408=CARTESIAN_POINT('',(3.154660349597E0,6.420356884296E0,
-7.998201237224E-1));
#5409=CARTESIAN_POINT('',(3.155605747085E0,6.412664844973E0,
-8.113751140519E-1));
#5410=CARTESIAN_POINT('',(3.156643933071E0,6.404188350047E0,
-8.223686332649E-1));
#5411=CARTESIAN_POINT('',(3.157764670397E0,6.395002926502E0,
-8.327155078816E-1));
#5412=CARTESIAN_POINT('',(3.158970005619E0,6.385083222370E0,
-8.424428171810E-1));
#5413=CARTESIAN_POINT('',(3.160251003364E0,6.374493598725E0,
-8.514715813263E-1));
#5414=CARTESIAN_POINT('',(3.161147663108E0,6.367045825045E0,
-8.569764201665E-1));
#5415=CARTESIAN_POINT('',(3.161605631361E0,6.363232104121E0,
-8.595958442745E-1));
#5417=DIRECTION('',(1.E0,1.258394554354E-14,0.E0));
#5418=VECTOR('',#5417,2.823211262721E0);
#5419=CARTESIAN_POINT('',(3.383943686394E-1,6.363232104121E0,
-8.595958442745E-1));
#5420=LINE('',#5419,#5418);
#5421=CARTESIAN_POINT('',(3.383943686394E-1,6.363232104121E0,
-8.595958442745E-1));
#5422=CARTESIAN_POINT('',(3.388523368921E-1,6.367045825045E0,
-8.569764201665E-1));
#5423=CARTESIAN_POINT('',(3.397489966355E-1,6.374493598725E0,
-8.514715813263E-1));
#5424=CARTESIAN_POINT('',(3.410299943806E-1,6.385083222370E0,
-8.424428171809E-1));
#5425=CARTESIAN_POINT('',(3.422353296026E-1,6.395002926502E0,
-8.327155078816E-1));
#5426=CARTESIAN_POINT('',(3.433560669291E-1,6.404188350047E0,
-8.223686332649E-1));
#5427=CARTESIAN_POINT('',(3.443942529150E-1,6.412664844973E0,
-8.113751140519E-1));
#5428=CARTESIAN_POINT('',(3.453396504029E-1,6.420356884296E0,
-7.998201237224E-1));
#5429=CARTESIAN_POINT('',(3.461840587830E-1,6.427205863787E0,
-7.878050399323E-1));
#5430=CARTESIAN_POINT('',(3.469260671687E-1,6.433207786790E0,
-7.753516189907E-1));
#5431=CARTESIAN_POINT('',(3.475629324825E-1,6.438346996754E0,
-7.624823081851E-1));
#5432=CARTESIAN_POINT('',(3.480882377393E-1,6.442577508148E0,
-7.493023597963E-1));
#5433=CARTESIAN_POINT('',(3.484984777045E-1,6.445876075139E0,
-7.359193274858E-1));
#5434=CARTESIAN_POINT('',(3.487945143727E-1,6.448253519083E0,
-7.222946549146E-1));
#5435=CARTESIAN_POINT('',(3.489727027186E-1,6.449683374851E0,
-7.085289544323E-1));
#5436=CARTESIAN_POINT('',(3.490121763494E-1,6.45E0,-6.993318833460E-1));
#5437=CARTESIAN_POINT('',(3.490121763494E-1,6.45E0,-6.947368421053E-1));
#5439=CARTESIAN_POINT('',(7.338394368639E0,6.363232104121E0,
-8.595958442745E-1));
#5440=CARTESIAN_POINT('',(7.338852336892E0,6.367045825045E0,
-8.569764201665E-1));
#5441=CARTESIAN_POINT('',(7.339748996636E0,6.374493598725E0,
-8.514715813263E-1));
#5442=CARTESIAN_POINT('',(7.341029994381E0,6.385083222370E0,
-8.424428171809E-1));
#5443=CARTESIAN_POINT('',(7.342235329603E0,6.395002926502E0,
-8.327155078816E-1));
#5444=CARTESIAN_POINT('',(7.343356066929E0,6.404188350047E0,
-8.223686332649E-1));
#5445=CARTESIAN_POINT('',(7.344394252915E0,6.412664844973E0,
-8.113751140519E-1));
#5446=CARTESIAN_POINT('',(7.345339650403E0,6.420356884296E0,
-7.998201237224E-1));
#5447=CARTESIAN_POINT('',(7.346184058783E0,6.427205863787E0,
-7.878050399323E-1));
#5448=CARTESIAN_POINT('',(7.346926067169E0,6.433207786790E0,
-7.753516189907E-1));
#5449=CARTESIAN_POINT('',(7.347562932483E0,6.438346996754E0,
-7.624823081851E-1));
#5450=CARTESIAN_POINT('',(7.348088237739E0,6.442577508148E0,
-7.493023597963E-1));
#5451=CARTESIAN_POINT('',(7.348498477704E0,6.445876075139E0,
-7.359193274858E-1));
#5452=CARTESIAN_POINT('',(7.348794514373E0,6.448253519083E0,
-7.222946549146E-1));
#5453=CARTESIAN_POINT('',(7.348972702719E0,6.449683374851E0,
-7.085289544323E-1));
#5454=CARTESIAN_POINT('',(7.349012176349E0,6.45E0,-6.993318833460E-1));
#5455=CARTESIAN_POINT('',(7.349012176349E0,6.45E0,-6.947368421053E-1));
#5457=CARTESIAN_POINT('',(9.906102545389E0,6.45E0,-6.947368421053E-1));
#5458=CARTESIAN_POINT('',(9.906102545389E0,6.45E0,-6.994856951096E-1));
#5459=CARTESIAN_POINT('',(9.906120562134E0,6.449661919810E0,
-7.089894305964E-1));
#5460=CARTESIAN_POINT('',(9.906201908932E0,6.448134816514E0,
-7.232106167595E-1));
#5461=CARTESIAN_POINT('',(9.906336855069E0,6.445599343128E0,
-7.372640017687E-1));
#5462=CARTESIAN_POINT('',(9.906523898922E0,6.442080559415E0,
-7.510648879658E-1));
#5463=CARTESIAN_POINT('',(9.906763211009E0,6.437570889561E0,
-7.646327366244E-1));
#5464=CARTESIAN_POINT('',(9.907052862033E0,6.432101122022E0,
-7.778454142835E-1));
#5465=CARTESIAN_POINT('',(9.907389588688E0,6.425726483927E0,
-7.905904055320E-1));
#5466=CARTESIAN_POINT('',(9.907773057299E0,6.418446014331E0,
-8.028761995630E-1));
#5467=CARTESIAN_POINT('',(9.908201253665E0,6.410289668314E0,
-8.146340600852E-1));
#5468=CARTESIAN_POINT('',(9.908669638692E0,6.401335230042E0,
-8.257536820704E-1));
#5469=CARTESIAN_POINT('',(9.909175838510E0,6.391619251449E0,
-8.362006365226E-1));
#5470=CARTESIAN_POINT('',(9.909718740530E0,6.381153609714E0,
-8.459550278617E-1));
#5471=CARTESIAN_POINT('',(9.910101846408E0,6.373733933435E0,
-8.519393008719E-1));
#5472=CARTESIAN_POINT('',(9.910298222632E0,6.369921018300E0,
-8.547960479320E-1));
#5474=CARTESIAN_POINT('',(9.910298222632E0,6.369921018300E0,
-8.547960479320E-1));
#5475=CARTESIAN_POINT('',(9.910025608338E0,6.368820474302E0,
-8.556206075454E-1));
#5476=CARTESIAN_POINT('',(9.909486456020E0,6.366604750857E0,
-8.572452463504E-1));
#5477=CARTESIAN_POINT('',(9.908959916748E0,6.364360837115E0,
-8.588205829290E-1));
#5478=CARTESIAN_POINT('',(9.908699912620E0,6.363232104121E0,
-8.595958442745E-1));
#5480=DIRECTION('',(1.E0,1.485880623669E-14,1.101452206499E-14));
#5481=VECTOR('',#5480,2.570305543981E0);
#5482=CARTESIAN_POINT('',(7.338394368639E0,6.363232104121E0,
-8.595958442745E-1));
#5483=LINE('',#5482,#5481);
#5484=CARTESIAN_POINT('',(6.650987823651E0,6.45E0,-6.947368421053E-1));
#5485=CARTESIAN_POINT('',(6.650987823651E0,6.45E0,-6.993318833460E-1));
#5486=CARTESIAN_POINT('',(6.651027297281E0,6.449683374851E0,
-7.085289544323E-1));
#5487=CARTESIAN_POINT('',(6.651205485627E0,6.448253519083E0,
-7.222946549147E-1));
#5488=CARTESIAN_POINT('',(6.651501522296E0,6.445876075139E0,
-7.359193274858E-1));
#5489=CARTESIAN_POINT('',(6.651911762261E0,6.442577508148E0,
-7.493023597963E-1));
#5490=CARTESIAN_POINT('',(6.652437067518E0,6.438346996754E0,
-7.624823081851E-1));
#5491=CARTESIAN_POINT('',(6.653073932831E0,6.433207786790E0,
-7.753516189908E-1));
#5492=CARTESIAN_POINT('',(6.653815941217E0,6.427205863787E0,
-7.878050399323E-1));
#5493=CARTESIAN_POINT('',(6.654660349597E0,6.420356884296E0,
-7.998201237224E-1));
#5494=CARTESIAN_POINT('',(6.655605747085E0,6.412664844973E0,
-8.113751140519E-1));
#5495=CARTESIAN_POINT('',(6.656643933071E0,6.404188350047E0,
-8.223686332649E-1));
#5496=CARTESIAN_POINT('',(6.657764670397E0,6.395002926502E0,
-8.327155078816E-1));
#5497=CARTESIAN_POINT('',(6.658970005619E0,6.385083222370E0,
-8.424428171810E-1));
#5498=CARTESIAN_POINT('',(6.660251003364E0,6.374493598725E0,
-8.514715813263E-1));
#5499=CARTESIAN_POINT('',(6.661147663108E0,6.367045825045E0,
-8.569764201665E-1));
#5500=CARTESIAN_POINT('',(6.661605631361E0,6.363232104121E0,
-8.595958442745E-1));
#5502=DIRECTION('',(1.E0,0.E0,0.E0));
#5503=VECTOR('',#5502,2.823211262721E0);
#5504=CARTESIAN_POINT('',(3.838394368639E0,6.363232104121E0,
-8.595958442745E-1));
#5505=LINE('',#5504,#5503);
#5506=CARTESIAN_POINT('',(3.838394368639E0,6.363232104121E0,
-8.595958442745E-1));
#5507=CARTESIAN_POINT('',(3.838852336892E0,6.367045825045E0,
-8.569764201665E-1));
#5508=CARTESIAN_POINT('',(3.839748996636E0,6.374493598725E0,
-8.514715813263E-1));
#5509=CARTESIAN_POINT('',(3.841029994381E0,6.385083222370E0,
-8.424428171809E-1));
#5510=CARTESIAN_POINT('',(3.842235329603E0,6.395002926502E0,
-8.327155078816E-1));
#5511=CARTESIAN_POINT('',(3.843356066929E0,6.404188350047E0,
-8.223686332649E-1));
#5512=CARTESIAN_POINT('',(3.844394252915E0,6.412664844973E0,
-8.113751140519E-1));
#5513=CARTESIAN_POINT('',(3.845339650403E0,6.420356884296E0,
-7.998201237224E-1));
#5514=CARTESIAN_POINT('',(3.846184058783E0,6.427205863787E0,
-7.878050399323E-1));
#5515=CARTESIAN_POINT('',(3.846926067169E0,6.433207786790E0,
-7.753516189907E-1));
#5516=CARTESIAN_POINT('',(3.847562932483E0,6.438346996754E0,
-7.624823081851E-1));
#5517=CARTESIAN_POINT('',(3.848088237739E0,6.442577508148E0,
-7.493023597963E-1));
#5518=CARTESIAN_POINT('',(3.848498477704E0,6.445876075139E0,
-7.359193274858E-1));
#5519=CARTESIAN_POINT('',(3.848794514373E0,6.448253519083E0,
-7.222946549146E-1));
#5520=CARTESIAN_POINT('',(3.848972702719E0,6.449683374851E0,
-7.085289544323E-1));
#5521=CARTESIAN_POINT('',(3.849012176349E0,6.45E0,-6.993318833460E-1));
#5522=CARTESIAN_POINT('',(3.849012176349E0,6.45E0,-6.947368421053E-1));
#5524=DIRECTION('',(0.E0,1.E0,0.E0));
#5525=VECTOR('',#5524,3.142030931562E0);
#5526=CARTESIAN_POINT('',(-9.566015465781E0,2.478984534219E0,
-1.373477522258E0));
#5527=LINE('',#5526,#5525);
#5528=CARTESIAN_POINT('',(-9.925193836811E0,1.683984896137E0,
-8.062670411067E-1));
#5529=CARTESIAN_POINT('',(-9.927500999169E0,1.702762873620E0,
-7.981311200219E-1));
#5530=CARTESIAN_POINT('',(-9.931828020785E0,1.738434147031E0,
-7.822043878225E-1));
#5531=CARTESIAN_POINT('',(-9.937485042328E0,1.786114801175E0,
-7.595719162233E-1));
#5532=CARTESIAN_POINT('',(-9.942432400218E0,1.828660868169E0,
-7.380309277865E-1));
#5533=CARTESIAN_POINT('',(-9.946749672869E0,1.866473386427E0,
-7.175287897812E-1));
#5534=CARTESIAN_POINT('',(-9.950511712818E0,1.899970057718E0,
-6.979979014266E-1));
#5535=CARTESIAN_POINT('',(-9.953792688717E0,1.929618868117E0,
-6.793199085553E-1));
#5536=CARTESIAN_POINT('',(-9.956655501228E0,1.955834905578E0,
-6.613733929912E-1));
#5537=CARTESIAN_POINT('',(-9.959135135201E0,1.978812975355E0,
-6.441666304900E-1));
#5538=CARTESIAN_POINT('',(-9.961261478674E0,1.998723974291E0,
-6.277427273184E-1));
#5539=CARTESIAN_POINT('',(-9.963071013455E0,2.015822930086E0,
-6.120882496895E-1));
#5540=CARTESIAN_POINT('',(-9.964596651556E0,2.030352586104E0,
-5.971914014481E-1));
#5541=CARTESIAN_POINT('',(-9.965859591936E0,2.042460495330E0,
-5.831542350595E-1));
#5542=CARTESIAN_POINT('',(-9.966891730921E0,2.052410261533E0,
-5.699813639755E-1));
#5543=CARTESIAN_POINT('',(-9.967728899724E0,2.060517107996E0,
-5.575706755463E-1));
#5544=CARTESIAN_POINT('',(-9.968396464469E0,2.067005331529E0,
-5.459029470619E-1));
#5545=CARTESIAN_POINT('',(-9.968922703736E0,2.072134904788E0,
-5.348520607751E-1));
#5546=CARTESIAN_POINT('',(-9.969332784121E0,2.076141431459E0,
-5.241862011668E-1));
#5547=CARTESIAN_POINT('',(-9.969638365302E0,2.079132303074E0,
-5.138419882279E-1));
#5548=CARTESIAN_POINT('',(-9.969848824543E0,2.081194807498E0,
-5.037833847278E-1));
#5549=CARTESIAN_POINT('',(-9.969972799984E0,2.082410779221E0,
-4.938687913479E-1));
#5550=CARTESIAN_POINT('',(-9.97E0,2.082677671845E0,-4.872997365781E-1));
#5551=CARTESIAN_POINT('',(-9.97E0,2.082677671845E0,-4.840301433394E-1));
#5553=CARTESIAN_POINT('',(-9.97E0,6.017322328155E0,-4.840301433395E-1));
#5554=CARTESIAN_POINT('',(-9.97E0,6.017322328155E0,-4.872754836634E-1));
#5555=CARTESIAN_POINT('',(-9.969973283202E0,6.017584479713E0,
-4.938152713046E-1));
#5556=CARTESIAN_POINT('',(-9.969848988817E0,6.018803584937E0,
-5.037841431514E-1));
#5557=CARTESIAN_POINT('',(-9.969637536809E0,6.020875811444E0,
-5.138738530679E-1));
#5558=CARTESIAN_POINT('',(-9.969332591325E0,6.023860449647E0,
-5.241901096488E-1));
#5559=CARTESIAN_POINT('',(-9.968922068303E0,6.027871310087E0,
-5.348701700229E-1));
#5560=CARTESIAN_POINT('',(-9.968392202212E0,6.033036198234E0,
-5.459888123867E-1));
#5561=CARTESIAN_POINT('',(-9.967719875357E0,6.039570478121E0,
-5.577170741464E-1));
#5562=CARTESIAN_POINT('',(-9.966881298464E0,6.047690509649E0,
-5.701219718076E-1));
#5563=CARTESIAN_POINT('',(-9.965856571018E0,6.057568262078E0,
-5.831807992392E-1));
#5564=CARTESIAN_POINT('',(-9.964619814623E0,6.069425395489E0,
-5.969368665740E-1));
#5565=CARTESIAN_POINT('',(-9.963128806959E0,6.083628042052E0,
-6.115483524009E-1));
#5566=CARTESIAN_POINT('',(-9.961343510319E0,6.100503842382E0,
-6.270694715966E-1));
#5567=CARTESIAN_POINT('',(-9.959227117889E0,6.120330133984E0,
-6.434955463024E-1));
#5568=CARTESIAN_POINT('',(-9.956737997961E0,6.143405783799E0,
-6.608351242790E-1));
#5569=CARTESIAN_POINT('',(-9.953854620228E0,6.169818626318E0,
-6.789551230260E-1));
#5570=CARTESIAN_POINT('',(-9.950557166435E0,6.199622842129E0,
-6.977536859141E-1));
#5571=CARTESIAN_POINT('',(-9.946786414152E0,6.233202514296E0,
-7.173478351248E-1));
#5572=CARTESIAN_POINT('',(-9.942464609313E0,6.271059882182E0,
-7.378854671659E-1));
#5573=CARTESIAN_POINT('',(-9.937512877293E0,6.313648583053E0,
-7.594567261676E-1));
#5574=CARTESIAN_POINT('',(-9.931847994273E0,6.361400191390E0,
-7.821293228436E-1));
#5575=CARTESIAN_POINT('',(-9.927508701100E0,6.397174440416E0,
-7.981039601187E-1));
#5576=CARTESIAN_POINT('',(-9.925193836811E0,6.416015103863E0,
-8.062670411067E-1));
#5578=CARTESIAN_POINT('',(-7.616666666667E0,5.658333333333E0,
-1.343883568966E0));
#5579=CARTESIAN_POINT('',(-7.624721403750E0,5.650278596250E0,
-1.349668359082E0));
#5580=CARTESIAN_POINT('',(-7.640355854832E0,5.634644145168E0,
-1.361622383710E0));
#5581=CARTESIAN_POINT('',(-7.662401132753E0,5.612598867247E0,
-1.380625080007E0));
#5582=CARTESIAN_POINT('',(-7.682910060610E0,5.592089939390E0,
-1.400477748356E0));
#5583=CARTESIAN_POINT('',(-7.701816820199E0,5.573183179801E0,
-1.420968611699E0));
#5584=CARTESIAN_POINT('',(-7.719127782851E0,5.555872217149E0,
-1.441935476392E0));
#5585=CARTESIAN_POINT('',(-7.734906498290E0,5.540093501710E0,
-1.463284359678E0));
#5586=CARTESIAN_POINT('',(-7.749204603090E0,5.525795396910E0,
-1.484915280690E0));
#5587=CARTESIAN_POINT('',(-7.762104957361E0,5.512895042639E0,
-1.506793657634E0));
#5588=CARTESIAN_POINT('',(-7.773626236838E0,5.501373763162E0,
-1.528785375696E0));
#5589=CARTESIAN_POINT('',(-7.783859179263E0,5.491140820737E0,
-1.550896384498E0));
#5590=CARTESIAN_POINT('',(-7.792837338214E0,5.482162661786E0,
-1.573039289636E0));
#5591=CARTESIAN_POINT('',(-7.800629819017E0,5.474370180983E0,
-1.595216195874E0));
#5592=CARTESIAN_POINT('',(-7.807284034510E0,5.467715965490E0,
-1.617418733835E0));
#5593=CARTESIAN_POINT('',(-7.812813706656E0,5.462186293344E0,
-1.639506650922E0));
#5594=CARTESIAN_POINT('',(-7.817302594336E0,5.457697405664E0,
-1.661643071495E0));
#5595=CARTESIAN_POINT('',(-7.820761917968E0,5.454238082032E0,
-1.683775020402E0));
#5596=CARTESIAN_POINT('',(-7.823211976494E0,5.451788023506E0,
-1.705855804151E0));
#5597=CARTESIAN_POINT('',(-7.824677053578E0,5.450322946422E0,
-1.727959286001E0));
#5598=CARTESIAN_POINT('',(-7.825E0,5.45E0,-1.742662308634E0));
#5599=CARTESIAN_POINT('',(-7.825E0,5.45E0,-1.75E0));
#5601=DIRECTION('',(-1.E0,0.E0,0.E0));
#5602=VECTOR('',#5601,1.57E0);
#5603=CARTESIAN_POINT('',(-7.825E0,5.45E0,-1.75E0));
#5604=LINE('',#5603,#5602);
#5605=CARTESIAN_POINT('',(-9.395E0,5.45E0,-1.75E0));
#5606=CARTESIAN_POINT('',(-9.395E0,5.45E0,-1.742502163402E0));
#5607=CARTESIAN_POINT('',(-9.395337271808E0,5.450337271808E0,
-1.727479782333E0));
#5608=CARTESIAN_POINT('',(-9.396865670754E0,5.451865670754E0,
-1.704910372521E0));
#5609=CARTESIAN_POINT('',(-9.399421925914E0,5.454421925914E0,
-1.682357175653E0));
#5610=CARTESIAN_POINT('',(-9.403035125271E0,5.458035125271E0,
-1.659742370496E0));
#5611=CARTESIAN_POINT('',(-9.407711941980E0,5.462711941980E0,
-1.637177035415E0));
#5612=CARTESIAN_POINT('',(-9.413499073595E0,5.468499073595E0,
-1.614568076042E0));
#5613=CARTESIAN_POINT('',(-9.420477653119E0,5.475477653119E0,
-1.591820900241E0));
#5614=CARTESIAN_POINT('',(-9.428679188837E0,5.483679188837E0,
-1.569048819209E0));
#5615=CARTESIAN_POINT('',(-9.438130482387E0,5.493130482387E0,
-1.546346529032E0));
#5616=CARTESIAN_POINT('',(-9.448858452028E0,5.503858452028E0,
-1.523793219225E0));
#5617=CARTESIAN_POINT('',(-9.460953347077E0,5.515953347077E0,
-1.501353434088E0));
#5618=CARTESIAN_POINT('',(-9.474501621880E0,5.529501621880E0,
-1.479051104872E0));
#5619=CARTESIAN_POINT('',(-9.489547576735E0,5.544547576735E0,
-1.456996015267E0));
#5620=CARTESIAN_POINT('',(-9.506143400797E0,5.561143400797E0,
-1.435285015239E0));
#5621=CARTESIAN_POINT('',(-9.524356679104E0,5.579356679104E0,
-1.414006803616E0));
#5622=CARTESIAN_POINT('',(-9.544221078115E0,5.599221078115E0,
-1.393299959371E0));
#5623=CARTESIAN_POINT('',(-9.558566237677E0,5.613566237677E0,
-1.379986246127E0));
#5624=CARTESIAN_POINT('',(-9.566015465781E0,5.621015465781E0,
-1.373477522258E0));
#5626=CARTESIAN_POINT('',(-9.566015465781E0,5.621015465781E0,
-1.373477522258E0));
#5627=CARTESIAN_POINT('',(-9.570866605362E0,5.625866605362E0,
-1.369238864569E0));
#5628=CARTESIAN_POINT('',(-9.580210190380E0,5.635748581279E0,
-1.360935184634E0));
#5629=CARTESIAN_POINT('',(-9.593195208054E0,5.651084249900E0,
-1.349032486118E0));
#5630=CARTESIAN_POINT('',(-9.601169269694E0,5.661596684119E0,
-1.341508593276E0));
#5631=CARTESIAN_POINT('',(-9.604994228513E0,5.666919739696E0,
-1.337852494577E0));
#5633=CARTESIAN_POINT('',(-7.608359334102E0,5.666919739696E0,
-1.337852494577E0));
#5634=CARTESIAN_POINT('',(-7.609260623072E0,5.665956750520E0,
-1.338513916090E0));
#5635=CARTESIAN_POINT('',(-7.611077589378E0,5.664036633017E0,
-1.339842667974E0));
#5636=CARTESIAN_POINT('',(-7.613846703594E0,5.661174174769E0,
-1.341853316305E0));
#5637=CARTESIAN_POINT('',(-7.615721790017E0,5.659278209983E0,
-1.343204972874E0));
#5638=CARTESIAN_POINT('',(-7.616666666667E0,5.658333333333E0,
-1.343883568966E0));
#5640=CARTESIAN_POINT('',(-4.108359334102E0,5.666919739696E0,
-1.337852494577E0));
#5641=CARTESIAN_POINT('',(-4.109260623072E0,5.665956750520E0,
-1.338513916090E0));
#5642=CARTESIAN_POINT('',(-4.111077589378E0,5.664036633017E0,
-1.339842667974E0));
#5643=CARTESIAN_POINT('',(-4.113846703594E0,5.661174174769E0,
-1.341853316305E0));
#5644=CARTESIAN_POINT('',(-4.115721790017E0,5.659278209983E0,
-1.343204972874E0));
#5645=CARTESIAN_POINT('',(-4.116666666667E0,5.658333333333E0,
-1.343883568966E0));
#5647=CARTESIAN_POINT('',(-4.116666666667E0,5.658333333333E0,
-1.343883568966E0));
#5648=CARTESIAN_POINT('',(-4.124721403750E0,5.650278596250E0,
-1.349668359082E0));
#5649=CARTESIAN_POINT('',(-4.140355854832E0,5.634644145168E0,
-1.361622383710E0));
#5650=CARTESIAN_POINT('',(-4.162401132753E0,5.612598867247E0,
-1.380625080007E0));
#5651=CARTESIAN_POINT('',(-4.182910060610E0,5.592089939390E0,
-1.400477748356E0));
#5652=CARTESIAN_POINT('',(-4.201816820199E0,5.573183179801E0,
-1.420968611699E0));
#5653=CARTESIAN_POINT('',(-4.219127782851E0,5.555872217149E0,
-1.441935476392E0));
#5654=CARTESIAN_POINT('',(-4.234906498290E0,5.540093501710E0,
-1.463284359678E0));
#5655=CARTESIAN_POINT('',(-4.249204603090E0,5.525795396910E0,
-1.484915280690E0));
#5656=CARTESIAN_POINT('',(-4.262104957361E0,5.512895042639E0,
-1.506793657634E0));
#5657=CARTESIAN_POINT('',(-4.273626236838E0,5.501373763162E0,
-1.528785375696E0));
#5658=CARTESIAN_POINT('',(-4.283859179263E0,5.491140820737E0,
-1.550896384498E0));
#5659=CARTESIAN_POINT('',(-4.292837338214E0,5.482162661786E0,
-1.573039289636E0));
#5660=CARTESIAN_POINT('',(-4.300629819017E0,5.474370180983E0,
-1.595216195874E0));
#5661=CARTESIAN_POINT('',(-4.307284034510E0,5.467715965490E0,
-1.617418733835E0));
#5662=CARTESIAN_POINT('',(-4.312813706656E0,5.462186293344E0,
-1.639506650922E0));
#5663=CARTESIAN_POINT('',(-4.317302594336E0,5.457697405664E0,
-1.661643071495E0));
#5664=CARTESIAN_POINT('',(-4.320761917968E0,5.454238082032E0,
-1.683775020402E0));
#5665=CARTESIAN_POINT('',(-4.323211976494E0,5.451788023506E0,
-1.705855804151E0));
#5666=CARTESIAN_POINT('',(-4.324677053578E0,5.450322946422E0,
-1.727959286001E0));
#5667=CARTESIAN_POINT('',(-4.325E0,5.45E0,-1.742662308634E0));
#5668=CARTESIAN_POINT('',(-4.325E0,5.45E0,-1.75E0));
#5670=DIRECTION('',(-1.E0,0.E0,0.E0));
#5671=VECTOR('',#5670,1.85E0);
#5672=CARTESIAN_POINT('',(-4.325E0,5.45E0,-1.75E0));
#5673=LINE('',#5672,#5671);
#5674=CARTESIAN_POINT('',(-6.175E0,5.45E0,-1.75E0));
#5675=CARTESIAN_POINT('',(-6.175E0,5.45E0,-1.742662379818E0));
#5676=CARTESIAN_POINT('',(-6.175322937172E0,5.450322937172E0,
-1.727959306442E0));
#5677=CARTESIAN_POINT('',(-6.176788091372E0,5.451788091372E0,
-1.705854821752E0));
#5678=CARTESIAN_POINT('',(-6.179238330273E0,5.454238330273E0,
-1.683773169999E0));
#5679=CARTESIAN_POINT('',(-6.182697705695E0,5.457697705695E0,
-1.661641272967E0));
#5680=CARTESIAN_POINT('',(-6.187187242802E0,5.462187242802E0,
-1.639502340317E0));
#5681=CARTESIAN_POINT('',(-6.192717158730E0,5.467717158730E0,
-1.617414422292E0));
#5682=CARTESIAN_POINT('',(-6.199371597806E0,5.474371597806E0,
-1.595211796883E0));
#5683=CARTESIAN_POINT('',(-6.207164599307E0,5.482164599307E0,
-1.573034172378E0));
#5684=CARTESIAN_POINT('',(-6.216142647882E0,5.491142647882E0,
-1.550892198960E0));
#5685=CARTESIAN_POINT('',(-6.226375826570E0,5.501375826570E0,
-1.528781182449E0));
#5686=CARTESIAN_POINT('',(-6.237897297967E0,5.512897297967E0,
-1.506789608389E0));
#5687=CARTESIAN_POINT('',(-6.250797718822E0,5.525797718822E0,
-1.484911586777E0));
#5688=CARTESIAN_POINT('',(-6.265095417277E0,5.540095417277E0,
-1.463281656080E0));
#5689=CARTESIAN_POINT('',(-6.280873447314E0,5.555873447314E0,
-1.441933959106E0));
#5690=CARTESIAN_POINT('',(-6.298183362493E0,5.573183362493E0,
-1.420968408663E0));
#5691=CARTESIAN_POINT('',(-6.317091070010E0,5.592091070010E0,
-1.400476538897E0));
#5692=CARTESIAN_POINT('',(-6.337601520111E0,5.612601520111E0,
-1.380622589621E0));
#5693=CARTESIAN_POINT('',(-6.359648353656E0,5.634648353656E0,
-1.361618990435E0));
#5694=CARTESIAN_POINT('',(-6.375280424852E0,5.650280424852E0,
-1.349667045808E0));
#5695=CARTESIAN_POINT('',(-6.383333333333E0,5.658333333333E0,
-1.343883568966E0));
#5697=CARTESIAN_POINT('',(-6.383333333333E0,5.658333333333E0,
-1.343883568966E0));
#5698=CARTESIAN_POINT('',(-6.384278224445E0,5.659278224445E0,
-1.343204962489E0));
#5699=CARTESIAN_POINT('',(-6.386153329987E0,5.661174208938E0,
-1.341853292047E0));
#5700=CARTESIAN_POINT('',(-6.388922453151E0,5.664036677551E0,
-1.339842636963E0));
#5701=CARTESIAN_POINT('',(-6.390739395024E0,5.665956769854E0,
-1.338513902811E0));
#5702=CARTESIAN_POINT('',(-6.391640665898E0,5.666919739696E0,
-1.337852494577E0));
#5704=CARTESIAN_POINT('',(-6.083593341017E-1,5.666919739696E0,
-1.337852494577E0));
#5705=CARTESIAN_POINT('',(-6.092606230717E-1,5.665956750520E0,
-1.338513916090E0));
#5706=CARTESIAN_POINT('',(-6.110775893779E-1,5.664036633017E0,
-1.339842667974E0));
#5707=CARTESIAN_POINT('',(-6.138467035941E-1,5.661174174769E0,
-1.341853316305E0));
#5708=CARTESIAN_POINT('',(-6.157217900165E-1,5.659278209983E0,
-1.343204972874E0));
#5709=CARTESIAN_POINT('',(-6.166666666667E-1,5.658333333333E0,
-1.343883568966E0));
#5711=CARTESIAN_POINT('',(-6.166666666667E-1,5.658333333333E0,
-1.343883568966E0));
#5712=CARTESIAN_POINT('',(-6.247214037500E-1,5.650278596250E0,
-1.349668359082E0));
#5713=CARTESIAN_POINT('',(-6.403558548321E-1,5.634644145168E0,
-1.361622383710E0));
#5714=CARTESIAN_POINT('',(-6.624011327527E-1,5.612598867247E0,
-1.380625080007E0));
#5715=CARTESIAN_POINT('',(-6.829100606095E-1,5.592089939390E0,
-1.400477748356E0));
#5716=CARTESIAN_POINT('',(-7.018168201995E-1,5.573183179801E0,
-1.420968611699E0));
#5717=CARTESIAN_POINT('',(-7.191277828510E-1,5.555872217149E0,
-1.441935476392E0));
#5718=CARTESIAN_POINT('',(-7.349064982903E-1,5.540093501710E0,
-1.463284359678E0));
#5719=CARTESIAN_POINT('',(-7.492046030900E-1,5.525795396910E0,
-1.484915280690E0));
#5720=CARTESIAN_POINT('',(-7.621049573613E-1,5.512895042639E0,
-1.506793657634E0));
#5721=CARTESIAN_POINT('',(-7.736262368378E-1,5.501373763162E0,
-1.528785375696E0));
#5722=CARTESIAN_POINT('',(-7.838591792629E-1,5.491140820737E0,
-1.550896384498E0));
#5723=CARTESIAN_POINT('',(-7.928373382138E-1,5.482162661786E0,
-1.573039289636E0));
#5724=CARTESIAN_POINT('',(-8.006298190172E-1,5.474370180983E0,
-1.595216195874E0));
#5725=CARTESIAN_POINT('',(-8.072840345102E-1,5.467715965490E0,
-1.617418733835E0));
#5726=CARTESIAN_POINT('',(-8.128137066558E-1,5.462186293344E0,
-1.639506650922E0));
#5727=CARTESIAN_POINT('',(-8.173025943358E-1,5.457697405664E0,
-1.661643071495E0));
#5728=CARTESIAN_POINT('',(-8.207619179680E-1,5.454238082032E0,
-1.683775020402E0));
#5729=CARTESIAN_POINT('',(-8.232119764943E-1,5.451788023506E0,
-1.705855804151E0));
#5730=CARTESIAN_POINT('',(-8.246770535783E-1,5.450322946422E0,
-1.727959286001E0));
#5731=CARTESIAN_POINT('',(-8.25E-1,5.45E0,-1.742662308634E0));
#5732=CARTESIAN_POINT('',(-8.25E-1,5.45E0,-1.75E0));
#5734=DIRECTION('',(-1.E0,0.E0,0.E0));
#5735=VECTOR('',#5734,1.85E0);
#5736=CARTESIAN_POINT('',(-8.25E-1,5.45E0,-1.75E0));
#5737=LINE('',#5736,#5735);
#5738=CARTESIAN_POINT('',(-2.675E0,5.45E0,-1.75E0));
#5739=CARTESIAN_POINT('',(-2.675E0,5.45E0,-1.742662379818E0));
#5740=CARTESIAN_POINT('',(-2.675322937172E0,5.450322937172E0,
-1.727959306442E0));
#5741=CARTESIAN_POINT('',(-2.676788091372E0,5.451788091372E0,
-1.705854821752E0));
#5742=CARTESIAN_POINT('',(-2.679238330273E0,5.454238330273E0,
-1.683773169999E0));
#5743=CARTESIAN_POINT('',(-2.682697705695E0,5.457697705695E0,
-1.661641272967E0));
#5744=CARTESIAN_POINT('',(-2.687187242802E0,5.462187242802E0,
-1.639502340317E0));
#5745=CARTESIAN_POINT('',(-2.692717158730E0,5.467717158730E0,
-1.617414422292E0));
#5746=CARTESIAN_POINT('',(-2.699371597806E0,5.474371597806E0,
-1.595211796883E0));
#5747=CARTESIAN_POINT('',(-2.707164599307E0,5.482164599307E0,
-1.573034172378E0));
#5748=CARTESIAN_POINT('',(-2.716142647882E0,5.491142647882E0,
-1.550892198960E0));
#5749=CARTESIAN_POINT('',(-2.726375826570E0,5.501375826570E0,
-1.528781182449E0));
#5750=CARTESIAN_POINT('',(-2.737897297967E0,5.512897297967E0,
-1.506789608389E0));
#5751=CARTESIAN_POINT('',(-2.750797718822E0,5.525797718822E0,
-1.484911586777E0));
#5752=CARTESIAN_POINT('',(-2.765095417277E0,5.540095417277E0,
-1.463281656080E0));
#5753=CARTESIAN_POINT('',(-2.780873447314E0,5.555873447314E0,
-1.441933959106E0));
#5754=CARTESIAN_POINT('',(-2.798183362493E0,5.573183362493E0,
-1.420968408663E0));
#5755=CARTESIAN_POINT('',(-2.817091070010E0,5.592091070010E0,
-1.400476538897E0));
#5756=CARTESIAN_POINT('',(-2.837601520111E0,5.612601520111E0,
-1.380622589621E0));
#5757=CARTESIAN_POINT('',(-2.859648353656E0,5.634648353656E0,
-1.361618990435E0));
#5758=CARTESIAN_POINT('',(-2.875280424852E0,5.650280424852E0,
-1.349667045808E0));
#5759=CARTESIAN_POINT('',(-2.883333333333E0,5.658333333333E0,
-1.343883568966E0));
#5761=CARTESIAN_POINT('',(-2.883333333333E0,5.658333333333E0,
-1.343883568966E0));
#5762=CARTESIAN_POINT('',(-2.884278224445E0,5.659278224445E0,
-1.343204962489E0));
#5763=CARTESIAN_POINT('',(-2.886153329987E0,5.661174208938E0,
-1.341853292047E0));
#5764=CARTESIAN_POINT('',(-2.888922453151E0,5.664036677551E0,
-1.339842636963E0));
#5765=CARTESIAN_POINT('',(-2.890739395024E0,5.665956769854E0,
-1.338513902811E0));
#5766=CARTESIAN_POINT('',(-2.891640665898E0,5.666919739696E0,
-1.337852494577E0));
#5768=CARTESIAN_POINT('',(2.891640665898E0,5.666919739696E0,-1.337852494577E0));
#5769=CARTESIAN_POINT('',(2.890739376928E0,5.665956750520E0,-1.338513916090E0));
#5770=CARTESIAN_POINT('',(2.888922410622E0,5.664036633017E0,-1.339842667974E0));
#5771=CARTESIAN_POINT('',(2.886153296406E0,5.661174174769E0,-1.341853316305E0));
#5772=CARTESIAN_POINT('',(2.884278209983E0,5.659278209983E0,-1.343204972874E0));
#5773=CARTESIAN_POINT('',(2.883333333333E0,5.658333333333E0,-1.343883568966E0));
#5775=CARTESIAN_POINT('',(2.883333333333E0,5.658333333333E0,-1.343883568966E0));
#5776=CARTESIAN_POINT('',(2.875278596250E0,5.650278596250E0,-1.349668359082E0));
#5777=CARTESIAN_POINT('',(2.859644145168E0,5.634644145168E0,-1.361622383710E0));
#5778=CARTESIAN_POINT('',(2.837598867247E0,5.612598867247E0,-1.380625080007E0));
#5779=CARTESIAN_POINT('',(2.817089939390E0,5.592089939390E0,-1.400477748356E0));
#5780=CARTESIAN_POINT('',(2.798183179801E0,5.573183179801E0,-1.420968611699E0));
#5781=CARTESIAN_POINT('',(2.780872217149E0,5.555872217149E0,-1.441935476392E0));
#5782=CARTESIAN_POINT('',(2.765093501710E0,5.540093501710E0,-1.463284359678E0));
#5783=CARTESIAN_POINT('',(2.750795396910E0,5.525795396910E0,-1.484915280690E0));
#5784=CARTESIAN_POINT('',(2.737895042639E0,5.512895042639E0,-1.506793657634E0));
#5785=CARTESIAN_POINT('',(2.726373763162E0,5.501373763162E0,-1.528785375696E0));
#5786=CARTESIAN_POINT('',(2.716140820737E0,5.491140820737E0,-1.550896384498E0));
#5787=CARTESIAN_POINT('',(2.707162661786E0,5.482162661786E0,-1.573039289636E0));
#5788=CARTESIAN_POINT('',(2.699370180983E0,5.474370180983E0,-1.595216195874E0));
#5789=CARTESIAN_POINT('',(2.692715965490E0,5.467715965490E0,-1.617418733835E0));
#5790=CARTESIAN_POINT('',(2.687186293344E0,5.462186293344E0,-1.639506650922E0));
#5791=CARTESIAN_POINT('',(2.682697405664E0,5.457697405664E0,-1.661643071495E0));
#5792=CARTESIAN_POINT('',(2.679238082032E0,5.454238082032E0,-1.683775020402E0));
#5793=CARTESIAN_POINT('',(2.676788023506E0,5.451788023506E0,-1.705855804151E0));
#5794=CARTESIAN_POINT('',(2.675322946422E0,5.450322946422E0,-1.727959286001E0));
#5795=CARTESIAN_POINT('',(2.675E0,5.45E0,-1.742662308634E0));
#5796=CARTESIAN_POINT('',(2.675E0,5.45E0,-1.75E0));
#5798=DIRECTION('',(-1.E0,0.E0,0.E0));
#5799=VECTOR('',#5798,1.85E0);
#5800=CARTESIAN_POINT('',(2.675E0,5.45E0,-1.75E0));
#5801=LINE('',#5800,#5799);
#5802=CARTESIAN_POINT('',(8.25E-1,5.45E0,-1.75E0));
#5803=CARTESIAN_POINT('',(8.25E-1,5.45E0,-1.742662379818E0));
#5804=CARTESIAN_POINT('',(8.246770628279E-1,5.450322937172E0,
-1.727959306442E0));
#5805=CARTESIAN_POINT('',(8.232119086278E-1,5.451788091372E0,
-1.705854821752E0));
#5806=CARTESIAN_POINT('',(8.207616697272E-1,5.454238330273E0,
-1.683773169999E0));
#5807=CARTESIAN_POINT('',(8.173022943049E-1,5.457697705695E0,
-1.661641272967E0));
#5808=CARTESIAN_POINT('',(8.128127571983E-1,5.462187242802E0,
-1.639502340317E0));
#5809=CARTESIAN_POINT('',(8.072828412697E-1,5.467717158730E0,
-1.617414422292E0));
#5810=CARTESIAN_POINT('',(8.006284021936E-1,5.474371597806E0,
-1.595211796883E0));
#5811=CARTESIAN_POINT('',(7.928354006932E-1,5.482164599307E0,
-1.573034172378E0));
#5812=CARTESIAN_POINT('',(7.838573521176E-1,5.491142647882E0,
-1.550892198960E0));
#5813=CARTESIAN_POINT('',(7.736241734296E-1,5.501375826570E0,
-1.528781182449E0));
#5814=CARTESIAN_POINT('',(7.621027020333E-1,5.512897297967E0,
-1.506789608389E0));
#5815=CARTESIAN_POINT('',(7.492022811779E-1,5.525797718822E0,
-1.484911586777E0));
#5816=CARTESIAN_POINT('',(7.349045827228E-1,5.540095417277E0,
-1.463281656080E0));
#5817=CARTESIAN_POINT('',(7.191265526861E-1,5.555873447314E0,
-1.441933959106E0));
#5818=CARTESIAN_POINT('',(7.018166375075E-1,5.573183362493E0,
-1.420968408663E0));
#5819=CARTESIAN_POINT('',(6.829089299897E-1,5.592091070010E0,
-1.400476538897E0));
#5820=CARTESIAN_POINT('',(6.623984798887E-1,5.612601520111E0,
-1.380622589621E0));
#5821=CARTESIAN_POINT('',(6.403516463439E-1,5.634648353656E0,
-1.361618990435E0));
#5822=CARTESIAN_POINT('',(6.247195751484E-1,5.650280424852E0,
-1.349667045808E0));
#5823=CARTESIAN_POINT('',(6.166666666667E-1,5.658333333333E0,
-1.343883568966E0));
#5825=CARTESIAN_POINT('',(6.166666666667E-1,5.658333333333E0,
-1.343883568966E0));
#5826=CARTESIAN_POINT('',(6.157217755553E-1,5.659278224445E0,
-1.343204962489E0));
#5827=CARTESIAN_POINT('',(6.138466700125E-1,5.661174208938E0,
-1.341853292047E0));
#5828=CARTESIAN_POINT('',(6.110775468486E-1,5.664036677551E0,
-1.339842636963E0));
#5829=CARTESIAN_POINT('',(6.092606049763E-1,5.665956769854E0,
-1.338513902811E0));
#5830=CARTESIAN_POINT('',(6.083593341017E-1,5.666919739696E0,
-1.337852494577E0));
#5832=CARTESIAN_POINT('',(6.391640665898E0,5.666919739696E0,-1.337852494577E0));
#5833=CARTESIAN_POINT('',(6.390739376928E0,5.665956750520E0,-1.338513916090E0));
#5834=CARTESIAN_POINT('',(6.388922410622E0,5.664036633017E0,-1.339842667974E0));
#5835=CARTESIAN_POINT('',(6.386153296406E0,5.661174174769E0,-1.341853316305E0));
#5836=CARTESIAN_POINT('',(6.384278209983E0,5.659278209983E0,-1.343204972874E0));
#5837=CARTESIAN_POINT('',(6.383333333333E0,5.658333333333E0,-1.343883568966E0));
#5839=CARTESIAN_POINT('',(6.383333333333E0,5.658333333333E0,-1.343883568966E0));
#5840=CARTESIAN_POINT('',(6.375278596250E0,5.650278596250E0,-1.349668359082E0));
#5841=CARTESIAN_POINT('',(6.359644145168E0,5.634644145168E0,-1.361622383710E0));
#5842=CARTESIAN_POINT('',(6.337598867247E0,5.612598867247E0,-1.380625080007E0));
#5843=CARTESIAN_POINT('',(6.317089939390E0,5.592089939390E0,-1.400477748356E0));
#5844=CARTESIAN_POINT('',(6.298183179801E0,5.573183179801E0,-1.420968611699E0));
#5845=CARTESIAN_POINT('',(6.280872217149E0,5.555872217149E0,-1.441935476392E0));
#5846=CARTESIAN_POINT('',(6.265093501710E0,5.540093501710E0,-1.463284359678E0));
#5847=CARTESIAN_POINT('',(6.250795396910E0,5.525795396910E0,-1.484915280690E0));
#5848=CARTESIAN_POINT('',(6.237895042639E0,5.512895042639E0,-1.506793657634E0));
#5849=CARTESIAN_POINT('',(6.226373763162E0,5.501373763162E0,-1.528785375696E0));
#5850=CARTESIAN_POINT('',(6.216140820737E0,5.491140820737E0,-1.550896384498E0));
#5851=CARTESIAN_POINT('',(6.207162661786E0,5.482162661786E0,-1.573039289636E0));
#5852=CARTESIAN_POINT('',(6.199370180983E0,5.474370180983E0,-1.595216195874E0));
#5853=CARTESIAN_POINT('',(6.192715965490E0,5.467715965490E0,-1.617418733835E0));
#5854=CARTESIAN_POINT('',(6.187186293344E0,5.462186293344E0,-1.639506650922E0));
#5855=CARTESIAN_POINT('',(6.182697405664E0,5.457697405664E0,-1.661643071495E0));
#5856=CARTESIAN_POINT('',(6.179238082032E0,5.454238082032E0,-1.683775020402E0));
#5857=CARTESIAN_POINT('',(6.176788023506E0,5.451788023506E0,-1.705855804151E0));
#5858=CARTESIAN_POINT('',(6.175322946422E0,5.450322946422E0,-1.727959286001E0));
#5859=CARTESIAN_POINT('',(6.175E0,5.45E0,-1.742662308634E0));
#5860=CARTESIAN_POINT('',(6.175E0,5.45E0,-1.75E0));
#5862=DIRECTION('',(-1.E0,0.E0,0.E0));
#5863=VECTOR('',#5862,1.85E0);
#5864=CARTESIAN_POINT('',(6.175E0,5.45E0,-1.75E0));
#5865=LINE('',#5864,#5863);
#5866=CARTESIAN_POINT('',(4.325E0,5.45E0,-1.75E0));
#5867=CARTESIAN_POINT('',(4.325E0,5.45E0,-1.742662379818E0));
#5868=CARTESIAN_POINT('',(4.324677062828E0,5.450322937172E0,-1.727959306442E0));
#5869=CARTESIAN_POINT('',(4.323211908628E0,5.451788091372E0,-1.705854821752E0));
#5870=CARTESIAN_POINT('',(4.320761669727E0,5.454238330273E0,-1.683773169999E0));
#5871=CARTESIAN_POINT('',(4.317302294305E0,5.457697705695E0,-1.661641272967E0));
#5872=CARTESIAN_POINT('',(4.312812757198E0,5.462187242802E0,-1.639502340317E0));
#5873=CARTESIAN_POINT('',(4.307282841270E0,5.467717158730E0,-1.617414422292E0));
#5874=CARTESIAN_POINT('',(4.300628402194E0,5.474371597806E0,-1.595211796883E0));
#5875=CARTESIAN_POINT('',(4.292835400693E0,5.482164599307E0,-1.573034172378E0));
#5876=CARTESIAN_POINT('',(4.283857352118E0,5.491142647882E0,-1.550892198960E0));
#5877=CARTESIAN_POINT('',(4.273624173430E0,5.501375826570E0,-1.528781182449E0));
#5878=CARTESIAN_POINT('',(4.262102702033E0,5.512897297967E0,-1.506789608389E0));
#5879=CARTESIAN_POINT('',(4.249202281178E0,5.525797718822E0,-1.484911586777E0));
#5880=CARTESIAN_POINT('',(4.234904582723E0,5.540095417277E0,-1.463281656080E0));
#5881=CARTESIAN_POINT('',(4.219126552686E0,5.555873447314E0,-1.441933959106E0));
#5882=CARTESIAN_POINT('',(4.201816637507E0,5.573183362493E0,-1.420968408663E0));
#5883=CARTESIAN_POINT('',(4.182908929990E0,5.592091070010E0,-1.400476538897E0));
#5884=CARTESIAN_POINT('',(4.162398479889E0,5.612601520111E0,-1.380622589621E0));
#5885=CARTESIAN_POINT('',(4.140351646344E0,5.634648353656E0,-1.361618990435E0));
#5886=CARTESIAN_POINT('',(4.124719575148E0,5.650280424852E0,-1.349667045808E0));
#5887=CARTESIAN_POINT('',(4.116666666667E0,5.658333333333E0,-1.343883568966E0));
#5889=CARTESIAN_POINT('',(4.116666666667E0,5.658333333333E0,-1.343883568966E0));
#5890=CARTESIAN_POINT('',(4.115721775555E0,5.659278224445E0,-1.343204962489E0));
#5891=CARTESIAN_POINT('',(4.113846670013E0,5.661174208938E0,-1.341853292047E0));
#5892=CARTESIAN_POINT('',(4.111077546849E0,5.664036677551E0,-1.339842636963E0));
#5893=CARTESIAN_POINT('',(4.109260604976E0,5.665956769854E0,-1.338513902811E0));
#5894=CARTESIAN_POINT('',(4.108359334102E0,5.666919739696E0,-1.337852494577E0));
#5896=CARTESIAN_POINT('',(7.825E0,5.45E0,-1.75E0));
#5897=CARTESIAN_POINT('',(7.825E0,5.45E0,-1.742662379818E0));
#5898=CARTESIAN_POINT('',(7.824677062828E0,5.450322937172E0,-1.727959306442E0));
#5899=CARTESIAN_POINT('',(7.823211908628E0,5.451788091372E0,-1.705854821752E0));
#5900=CARTESIAN_POINT('',(7.820761669727E0,5.454238330273E0,-1.683773169999E0));
#5901=CARTESIAN_POINT('',(7.817302294305E0,5.457697705695E0,-1.661641272967E0));
#5902=CARTESIAN_POINT('',(7.812812757198E0,5.462187242802E0,-1.639502340317E0));
#5903=CARTESIAN_POINT('',(7.807282841270E0,5.467717158730E0,-1.617414422292E0));
#5904=CARTESIAN_POINT('',(7.800628402194E0,5.474371597806E0,-1.595211796883E0));
#5905=CARTESIAN_POINT('',(7.792835400693E0,5.482164599307E0,-1.573034172378E0));
#5906=CARTESIAN_POINT('',(7.783857352118E0,5.491142647882E0,-1.550892198960E0));
#5907=CARTESIAN_POINT('',(7.773624173430E0,5.501375826570E0,-1.528781182449E0));
#5908=CARTESIAN_POINT('',(7.762102702033E0,5.512897297967E0,-1.506789608389E0));
#5909=CARTESIAN_POINT('',(7.749202281178E0,5.525797718822E0,-1.484911586777E0));
#5910=CARTESIAN_POINT('',(7.734904582723E0,5.540095417277E0,-1.463281656080E0));
#5911=CARTESIAN_POINT('',(7.719126552686E0,5.555873447314E0,-1.441933959106E0));
#5912=CARTESIAN_POINT('',(7.701816637507E0,5.573183362493E0,-1.420968408663E0));
#5913=CARTESIAN_POINT('',(7.682908929990E0,5.592091070010E0,-1.400476538897E0));
#5914=CARTESIAN_POINT('',(7.662398479889E0,5.612601520111E0,-1.380622589621E0));
#5915=CARTESIAN_POINT('',(7.640351646344E0,5.634648353656E0,-1.361618990435E0));
#5916=CARTESIAN_POINT('',(7.624719575148E0,5.650280424852E0,-1.349667045808E0));
#5917=CARTESIAN_POINT('',(7.616666666667E0,5.658333333333E0,-1.343883568966E0));
#5919=CARTESIAN_POINT('',(7.616666666667E0,5.658333333333E0,-1.343883568966E0));
#5920=CARTESIAN_POINT('',(7.615721775555E0,5.659278224445E0,-1.343204962489E0));
#5921=CARTESIAN_POINT('',(7.613846670013E0,5.661174208938E0,-1.341853292047E0));
#5922=CARTESIAN_POINT('',(7.611077546849E0,5.664036677551E0,-1.339842636963E0));
#5923=CARTESIAN_POINT('',(7.609260604976E0,5.665956769854E0,-1.338513902811E0));
#5924=CARTESIAN_POINT('',(7.608359334102E0,5.666919739696E0,-1.337852494577E0));
#5926=CARTESIAN_POINT('',(9.604994228513E0,5.666919739696E0,-1.337852494577E0));
#5927=CARTESIAN_POINT('',(9.601168967927E0,5.661596264161E0,-1.341508881721E0));
#5928=CARTESIAN_POINT('',(9.593194465999E0,5.651083317198E0,-1.349033177937E0));
#5929=CARTESIAN_POINT('',(9.580209615515E0,5.635747956090E0,-1.360935699947E0));
#5930=CARTESIAN_POINT('',(9.570866350501E0,5.625866350501E0,-1.369239087252E0));
#5931=CARTESIAN_POINT('',(9.566015465781E0,5.621015465781E0,-1.373477522258E0));
#5933=CARTESIAN_POINT('',(9.566015465781E0,5.621015465781E0,-1.373477522258E0));
#5934=CARTESIAN_POINT('',(9.558565153437E0,5.613565153437E0,-1.379987193477E0));
#5935=CARTESIAN_POINT('',(9.544218476044E0,5.599218476044E0,-1.393302502199E0));
#5936=CARTESIAN_POINT('',(9.524354903939E0,5.579354903939E0,-1.414008778465E0));
#5937=CARTESIAN_POINT('',(9.506141231308E0,5.561141231308E0,-1.435287663649E0));
#5938=CARTESIAN_POINT('',(9.489545205011E0,5.544545205011E0,-1.456999285693E0));
#5939=CARTESIAN_POINT('',(9.474499052501E0,5.529499052501E0,-1.479055051536E0));
#5940=CARTESIAN_POINT('',(9.460950219560E0,5.515950219560E0,-1.501358851148E0));
#5941=CARTESIAN_POINT('',(9.448855199573E0,5.503855199573E0,-1.523799590714E0));
#5942=CARTESIAN_POINT('',(9.438127455061E0,5.493127455061E0,-1.546353408483E0));
#5943=CARTESIAN_POINT('',(9.428677970163E0,5.483677970163E0,-1.569052113801E0));
#5944=CARTESIAN_POINT('',(9.420477080931E0,5.475477080931E0,-1.591822672814E0));
#5945=CARTESIAN_POINT('',(9.413498745308E0,5.468498745308E0,-1.614569192778E0));
#5946=CARTESIAN_POINT('',(9.407711286863E0,5.462711286863E0,-1.637179822766E0));
#5947=CARTESIAN_POINT('',(9.403034851361E0,5.458034851361E0,-1.659744017176E0));
#5948=CARTESIAN_POINT('',(9.399421843237E0,5.454421843237E0,-1.682357792442E0));
#5949=CARTESIAN_POINT('',(9.396865610204E0,5.451865610204E0,-1.704911129530E0));
#5950=CARTESIAN_POINT('',(9.395337298642E0,5.450337298642E0,-1.727479429252E0));
#5951=CARTESIAN_POINT('',(9.395E0,5.45E0,-1.742501989293E0));
#5952=CARTESIAN_POINT('',(9.395E0,5.45E0,-1.75E0));
#5954=DIRECTION('',(-1.E0,0.E0,0.E0));
#5955=VECTOR('',#5954,1.57E0);
#5956=CARTESIAN_POINT('',(9.395E0,5.45E0,-1.75E0));
#5957=LINE('',#5956,#5955);
#5958=DIRECTION('',(0.E0,-1.E0,0.E0));
#5959=VECTOR('',#5958,3.216666666667E0);
#5960=CARTESIAN_POINT('',(-7.616666666667E0,5.658333333333E0,
-1.343883568966E0));
#5961=LINE('',#5960,#5959);
#5962=CARTESIAN_POINT('',(-7.825E0,2.65E0,-1.75E0));
#5963=CARTESIAN_POINT('',(-7.825E0,2.65E0,-1.742662103768E0));
#5964=CARTESIAN_POINT('',(-7.824677033705E0,2.649677033705E0,
-1.727958733872E0));
#5965=CARTESIAN_POINT('',(-7.823211914763E0,2.648211914763E0,
-1.705855069618E0));
#5966=CARTESIAN_POINT('',(-7.820761784541E0,2.645761784541E0,
-1.683773994839E0));
#5967=CARTESIAN_POINT('',(-7.817302390963E0,2.642302390963E0,
-1.661641931184E0));
#5968=CARTESIAN_POINT('',(-7.812813425713E0,2.637813425713E0,
-1.639505398886E0));
#5969=CARTESIAN_POINT('',(-7.807283635911E0,2.632283635911E0,
-1.617417265558E0));
#5970=CARTESIAN_POINT('',(-7.800629252128E0,2.625629252128E0,
-1.595214441832E0));
#5971=CARTESIAN_POINT('',(-7.792836649897E0,2.617836649897E0,
-1.573037470130E0));
#5972=CARTESIAN_POINT('',(-7.783858413791E0,2.608858413791E0,
-1.550894619525E0));
#5973=CARTESIAN_POINT('',(-7.773625358092E0,2.598625358092E0,
-1.528783591735E0));
#5974=CARTESIAN_POINT('',(-7.762103973843E0,2.587103973843E0,
-1.506791887250E0));
#5975=CARTESIAN_POINT('',(-7.749203497696E0,2.574203497696E0,
-1.484913514440E0));
#5976=CARTESIAN_POINT('',(-7.734905407890E0,2.559905407890E0,
-1.463282804721E0));
#5977=CARTESIAN_POINT('',(-7.719126646550E0,2.544126646550E0,
-1.441934026165E0));
#5978=CARTESIAN_POINT('',(-7.701815662552E0,2.526815662552E0,
-1.420967280364E0));
#5979=CARTESIAN_POINT('',(-7.682908516062E0,2.507908516062E0,
-1.400476154563E0));
#5980=CARTESIAN_POINT('',(-7.662399351683E0,2.487399351683E0,
-1.380623454986E0));
#5981=CARTESIAN_POINT('',(-7.640354359728E0,2.465354359728E0,
-1.361621196996E0));
#5982=CARTESIAN_POINT('',(-7.624720798376E0,2.449720798376E0,
-1.349667924311E0));
#5983=CARTESIAN_POINT('',(-7.616666666667E0,2.441666666667E0,
-1.343883568966E0));
#5985=CARTESIAN_POINT('',(-7.616666666667E0,2.441666666667E0,
-1.343883568966E0));
#5986=CARTESIAN_POINT('',(-7.615721786469E0,2.440721786469E0,
-1.343204970327E0));
#5987=CARTESIAN_POINT('',(-7.613846695421E0,2.438825816889E0,
-1.341853310396E0));
#5988=CARTESIAN_POINT('',(-7.611077583484E0,2.435963360791E0,
-1.339842663672E0));
#5989=CARTESIAN_POINT('',(-7.609260620577E0,2.434043246815E0,
-1.338513914260E0));
#5990=CARTESIAN_POINT('',(-7.608359334102E0,2.433080260304E0,
-1.337852494577E0));
#5992=DIRECTION('',(1.E0,0.E0,0.E0));
#5993=VECTOR('',#5992,1.996634894412E0);
#5994=CARTESIAN_POINT('',(-9.604994228513E0,2.433080260304E0,
-1.337852494577E0));
#5995=LINE('',#5994,#5993);
#5996=CARTESIAN_POINT('',(-9.604994228513E0,2.433080260304E0,
-1.337852494577E0));
#5997=CARTESIAN_POINT('',(-9.601169310556E0,2.438403259015E0,
-1.341508554218E0));
#5998=CARTESIAN_POINT('',(-9.593195308264E0,2.448915621543E0,
-1.349032392160E0));
#5999=CARTESIAN_POINT('',(-9.580210346357E0,2.464251245727E0,
-1.360935044081E0));
#6000=CARTESIAN_POINT('',(-9.570866675706E0,2.474133324294E0,
-1.369238803107E0));
#6001=CARTESIAN_POINT('',(-9.566015465781E0,2.478984534219E0,
-1.373477522258E0));
#6003=CARTESIAN_POINT('',(-9.566015465781E0,2.478984534219E0,
-1.373477522258E0));
#6004=CARTESIAN_POINT('',(-9.558566473717E0,2.486433526283E0,
-1.379986039889E0));
#6005=CARTESIAN_POINT('',(-9.544221647462E0,2.500778352538E0,
-1.393299404578E0));
#6006=CARTESIAN_POINT('',(-9.524357123239E0,2.520642876761E0,
-1.414006311382E0));
#6007=CARTESIAN_POINT('',(-9.506143900033E0,2.538856099967E0,
-1.435284401876E0));
#6008=CARTESIAN_POINT('',(-9.489548048122E0,2.555451951878E0,
-1.456995364032E0));
#6009=CARTESIAN_POINT('',(-9.474502120744E0,2.570497879256E0,
-1.479050334620E0));
#6010=CARTESIAN_POINT('',(-9.460953830692E0,2.584046169308E0,
-1.501352589408E0));
#6011=CARTESIAN_POINT('',(-9.448858923603E0,2.596141076397E0,
-1.523792299673E0));
#6012=CARTESIAN_POINT('',(-9.438131048379E0,2.606868951621E0,
-1.546345263996E0));
#6013=CARTESIAN_POINT('',(-9.428679588686E0,2.616320411314E0,
-1.569047767508E0));
#6014=CARTESIAN_POINT('',(-9.420477829385E0,2.624522170615E0,
-1.591820339843E0));
#6015=CARTESIAN_POINT('',(-9.413499018256E0,2.631500981744E0,
-1.614568222162E0));
#6016=CARTESIAN_POINT('',(-9.407711760742E0,2.637288239258E0,
-1.637177815532E0));
#6017=CARTESIAN_POINT('',(-9.403035062713E0,2.641964937287E0,
-1.659742742609E0));
#6018=CARTESIAN_POINT('',(-9.399421880828E0,2.645578119172E0,
-1.682357503958E0));
#6019=CARTESIAN_POINT('',(-9.396865650155E0,2.648134349845E0,
-1.704910616730E0));
#6020=CARTESIAN_POINT('',(-9.395337265589E0,2.649662734411E0,
-1.727479953836E0));
#6021=CARTESIAN_POINT('',(-9.395E0,2.65E0,-1.742502226702E0));
#6022=CARTESIAN_POINT('',(-9.395E0,2.65E0,-1.75E0));
#6024=CARTESIAN_POINT('',(-4.116666666667E0,2.441666666667E0,
-1.343883568966E0));
#6025=CARTESIAN_POINT('',(-4.115721786469E0,2.440721786469E0,
-1.343204970327E0));
#6026=CARTESIAN_POINT('',(-4.113846695421E0,2.438825816889E0,
-1.341853310396E0));
#6027=CARTESIAN_POINT('',(-4.111077583484E0,2.435963360791E0,
-1.339842663672E0));
#6028=CARTESIAN_POINT('',(-4.109260620577E0,2.434043246815E0,
-1.338513914260E0));
#6029=CARTESIAN_POINT('',(-4.108359334102E0,2.433080260304E0,
-1.337852494577E0));
#6031=DIRECTION('',(1.E0,0.E0,0.E0));
#6032=VECTOR('',#6031,2.283281331797E0);
#6033=CARTESIAN_POINT('',(-6.391640665898E0,2.433080260304E0,
-1.337852494577E0));
#6034=LINE('',#6033,#6032);
#6035=CARTESIAN_POINT('',(-6.391640665898E0,2.433080260304E0,
-1.337852494577E0));
#6036=CARTESIAN_POINT('',(-6.390739396995E0,2.434043228039E0,
-1.338513901364E0));
#6037=CARTESIAN_POINT('',(-6.388922457834E0,2.435963317513E0,
-1.339842633541E0));
#6038=CARTESIAN_POINT('',(-6.386153339245E0,2.438825781602E0,
-1.341853285351E0));
#6039=CARTESIAN_POINT('',(-6.384278228476E0,2.440721771524E0,
-1.343204959594E0));
#6040=CARTESIAN_POINT('',(-6.383333333333E0,2.441666666667E0,
-1.343883568966E0));
#6042=CARTESIAN_POINT('',(-6.383333333333E0,2.441666666667E0,
-1.343883568966E0));
#6043=CARTESIAN_POINT('',(-6.375281009077E0,2.449718990923E0,
-1.349666626226E0));
#6044=CARTESIAN_POINT('',(-6.359649784470E0,2.465350215530E0,
-1.361617853178E0));
#6045=CARTESIAN_POINT('',(-6.337603156002E0,2.487396843998E0,
-1.380621095081E0));
#6046=CARTESIAN_POINT('',(-6.317092419055E0,2.507907580945E0,
-1.400475141306E0));
#6047=CARTESIAN_POINT('',(-6.298184222737E0,2.526815777263E0,
-1.420967415515E0));
#6048=CARTESIAN_POINT('',(-6.280874292231E0,2.544125707769E0,
-1.441932879023E0));
#6049=CARTESIAN_POINT('',(-6.265096145019E0,2.559903854981E0,
-1.463280616978E0));
#6050=CARTESIAN_POINT('',(-6.250798496150E0,2.574201503850E0,
-1.484910345258E0));
#6051=CARTESIAN_POINT('',(-6.237897926119E0,2.587102073881E0,
-1.506788471049E0));
#6052=CARTESIAN_POINT('',(-6.226376336699E0,2.598623663301E0,
-1.528780146853E0));
#6053=CARTESIAN_POINT('',(-6.216143086382E0,2.608856913618E0,
-1.550891179927E0));
#6054=CARTESIAN_POINT('',(-6.207164900634E0,2.617835099366E0,
-1.573033374406E0));
#6055=CARTESIAN_POINT('',(-6.199371890044E0,2.625628109956E0,
-1.595210891585E0));
#6056=CARTESIAN_POINT('',(-6.192717266415E0,2.632282733585E0,
-1.617413994556E0));
#6057=CARTESIAN_POINT('',(-6.187187251463E0,2.637812748537E0,
-1.639502296636E0));
#6058=CARTESIAN_POINT('',(-6.182697732691E0,2.642302267309E0,
-1.661641128114E0));
#6059=CARTESIAN_POINT('',(-6.179238338205E0,2.645761661795E0,
-1.683773099253E0));
#6060=CARTESIAN_POINT('',(-6.176788092653E0,2.648211907347E0,
-1.705854800611E0));
#6061=CARTESIAN_POINT('',(-6.175322935798E0,2.649677064202E0,
-1.727959329935E0));
#6062=CARTESIAN_POINT('',(-6.175E0,2.65E0,-1.742662392384E0));
#6063=CARTESIAN_POINT('',(-6.175E0,2.65E0,-1.75E0));
#6065=CARTESIAN_POINT('',(-4.325E0,2.65E0,-1.75E0));
#6066=CARTESIAN_POINT('',(-4.325E0,2.65E0,-1.742662103768E0));
#6067=CARTESIAN_POINT('',(-4.324677033705E0,2.649677033705E0,
-1.727958733872E0));
#6068=CARTESIAN_POINT('',(-4.323211914763E0,2.648211914763E0,
-1.705855069618E0));
#6069=CARTESIAN_POINT('',(-4.320761784541E0,2.645761784541E0,
-1.683773994839E0));
#6070=CARTESIAN_POINT('',(-4.317302390963E0,2.642302390963E0,
-1.661641931184E0));
#6071=CARTESIAN_POINT('',(-4.312813425713E0,2.637813425713E0,
-1.639505398886E0));
#6072=CARTESIAN_POINT('',(-4.307283635911E0,2.632283635911E0,
-1.617417265558E0));
#6073=CARTESIAN_POINT('',(-4.300629252128E0,2.625629252128E0,
-1.595214441832E0));
#6074=CARTESIAN_POINT('',(-4.292836649897E0,2.617836649897E0,
-1.573037470130E0));
#6075=CARTESIAN_POINT('',(-4.283858413791E0,2.608858413791E0,
-1.550894619525E0));
#6076=CARTESIAN_POINT('',(-4.273625358092E0,2.598625358092E0,
-1.528783591735E0));
#6077=CARTESIAN_POINT('',(-4.262103973843E0,2.587103973843E0,
-1.506791887250E0));
#6078=CARTESIAN_POINT('',(-4.249203497696E0,2.574203497696E0,
-1.484913514440E0));
#6079=CARTESIAN_POINT('',(-4.234905407890E0,2.559905407890E0,
-1.463282804721E0));
#6080=CARTESIAN_POINT('',(-4.219126646550E0,2.544126646550E0,
-1.441934026165E0));
#6081=CARTESIAN_POINT('',(-4.201815662552E0,2.526815662552E0,
-1.420967280364E0));
#6082=CARTESIAN_POINT('',(-4.182908516062E0,2.507908516062E0,
-1.400476154563E0));
#6083=CARTESIAN_POINT('',(-4.162399351683E0,2.487399351683E0,
-1.380623454986E0));
#6084=CARTESIAN_POINT('',(-4.140354359728E0,2.465354359728E0,
-1.361621196996E0));
#6085=CARTESIAN_POINT('',(-4.124720798376E0,2.449720798376E0,
-1.349667924311E0));
#6086=CARTESIAN_POINT('',(-4.116666666667E0,2.441666666667E0,
-1.343883568966E0));
#6088=CARTESIAN_POINT('',(-6.166666666667E-1,2.441666666667E0,
-1.343883568966E0));
#6089=CARTESIAN_POINT('',(-6.157217864690E-1,2.440721786469E0,
-1.343204970327E0));
#6090=CARTESIAN_POINT('',(-6.138466954211E-1,2.438825816889E0,
-1.341853310396E0));
#6091=CARTESIAN_POINT('',(-6.110775834840E-1,2.435963360791E0,
-1.339842663672E0));
#6092=CARTESIAN_POINT('',(-6.092606205771E-1,2.434043246815E0,
-1.338513914260E0));
#6093=CARTESIAN_POINT('',(-6.083593341017E-1,2.433080260304E0,
-1.337852494577E0));
#6095=DIRECTION('',(1.E0,0.E0,0.E0));
#6096=VECTOR('',#6095,2.283281331797E0);
#6097=CARTESIAN_POINT('',(-2.891640665898E0,2.433080260304E0,
-1.337852494577E0));
#6098=LINE('',#6097,#6096);
#6099=CARTESIAN_POINT('',(-2.891640665898E0,2.433080260304E0,
-1.337852494577E0));
#6100=CARTESIAN_POINT('',(-2.890739396995E0,2.434043228039E0,
-1.338513901364E0));
#6101=CARTESIAN_POINT('',(-2.888922457834E0,2.435963317513E0,
-1.339842633541E0));
#6102=CARTESIAN_POINT('',(-2.886153339245E0,2.438825781602E0,
-1.341853285351E0));
#6103=CARTESIAN_POINT('',(-2.884278228476E0,2.440721771524E0,
-1.343204959594E0));
#6104=CARTESIAN_POINT('',(-2.883333333333E0,2.441666666667E0,
-1.343883568966E0));
#6106=CARTESIAN_POINT('',(-2.883333333333E0,2.441666666667E0,
-1.343883568966E0));
#6107=CARTESIAN_POINT('',(-2.875281009077E0,2.449718990923E0,
-1.349666626226E0));
#6108=CARTESIAN_POINT('',(-2.859649784470E0,2.465350215530E0,
-1.361617853178E0));
#6109=CARTESIAN_POINT('',(-2.837603156002E0,2.487396843998E0,
-1.380621095081E0));
#6110=CARTESIAN_POINT('',(-2.817092419055E0,2.507907580945E0,
-1.400475141306E0));
#6111=CARTESIAN_POINT('',(-2.798184222737E0,2.526815777263E0,
-1.420967415515E0));
#6112=CARTESIAN_POINT('',(-2.780874292231E0,2.544125707769E0,
-1.441932879023E0));
#6113=CARTESIAN_POINT('',(-2.765096145019E0,2.559903854981E0,
-1.463280616978E0));
#6114=CARTESIAN_POINT('',(-2.750798496150E0,2.574201503850E0,
-1.484910345258E0));
#6115=CARTESIAN_POINT('',(-2.737897926119E0,2.587102073881E0,
-1.506788471049E0));
#6116=CARTESIAN_POINT('',(-2.726376336699E0,2.598623663301E0,
-1.528780146853E0));
#6117=CARTESIAN_POINT('',(-2.716143086382E0,2.608856913618E0,
-1.550891179927E0));
#6118=CARTESIAN_POINT('',(-2.707164900634E0,2.617835099366E0,
-1.573033374406E0));
#6119=CARTESIAN_POINT('',(-2.699371890044E0,2.625628109956E0,
-1.595210891585E0));
#6120=CARTESIAN_POINT('',(-2.692717266415E0,2.632282733585E0,
-1.617413994556E0));
#6121=CARTESIAN_POINT('',(-2.687187251463E0,2.637812748537E0,
-1.639502296636E0));
#6122=CARTESIAN_POINT('',(-2.682697732691E0,2.642302267309E0,
-1.661641128114E0));
#6123=CARTESIAN_POINT('',(-2.679238338205E0,2.645761661795E0,
-1.683773099253E0));
#6124=CARTESIAN_POINT('',(-2.676788092653E0,2.648211907347E0,
-1.705854800611E0));
#6125=CARTESIAN_POINT('',(-2.675322935798E0,2.649677064202E0,
-1.727959329935E0));
#6126=CARTESIAN_POINT('',(-2.675E0,2.65E0,-1.742662392384E0));
#6127=CARTESIAN_POINT('',(-2.675E0,2.65E0,-1.75E0));
#6129=CARTESIAN_POINT('',(-8.25E-1,2.65E0,-1.75E0));
#6130=CARTESIAN_POINT('',(-8.25E-1,2.65E0,-1.742662103768E0));
#6131=CARTESIAN_POINT('',(-8.246770337049E-1,2.649677033705E0,
-1.727958733872E0));
#6132=CARTESIAN_POINT('',(-8.232119147629E-1,2.648211914763E0,
-1.705855069618E0));
#6133=CARTESIAN_POINT('',(-8.207617845406E-1,2.645761784541E0,
-1.683773994839E0));
#6134=CARTESIAN_POINT('',(-8.173023909632E-1,2.642302390963E0,
-1.661641931184E0));
#6135=CARTESIAN_POINT('',(-8.128134257129E-1,2.637813425713E0,
-1.639505398886E0));
#6136=CARTESIAN_POINT('',(-8.072836359108E-1,2.632283635911E0,
-1.617417265558E0));
#6137=CARTESIAN_POINT('',(-8.006292521279E-1,2.625629252128E0,
-1.595214441832E0));
#6138=CARTESIAN_POINT('',(-7.928366498972E-1,2.617836649897E0,
-1.573037470130E0));
#6139=CARTESIAN_POINT('',(-7.838584137908E-1,2.608858413791E0,
-1.550894619525E0));
#6140=CARTESIAN_POINT('',(-7.736253580925E-1,2.598625358092E0,
-1.528783591735E0));
#6141=CARTESIAN_POINT('',(-7.621039738428E-1,2.587103973843E0,
-1.506791887250E0));
#6142=CARTESIAN_POINT('',(-7.492034976961E-1,2.574203497696E0,
-1.484913514440E0));
#6143=CARTESIAN_POINT('',(-7.349054078901E-1,2.559905407890E0,
-1.463282804721E0));
#6144=CARTESIAN_POINT('',(-7.191266465496E-1,2.544126646550E0,
-1.441934026165E0));
#6145=CARTESIAN_POINT('',(-7.018156625525E-1,2.526815662552E0,
-1.420967280364E0));
#6146=CARTESIAN_POINT('',(-6.829085160618E-1,2.507908516062E0,
-1.400476154563E0));
#6147=CARTESIAN_POINT('',(-6.623993516832E-1,2.487399351683E0,
-1.380623454986E0));
#6148=CARTESIAN_POINT('',(-6.403543597281E-1,2.465354359728E0,
-1.361621196996E0));
#6149=CARTESIAN_POINT('',(-6.247207983755E-1,2.449720798376E0,
-1.349667924311E0));
#6150=CARTESIAN_POINT('',(-6.166666666667E-1,2.441666666667E0,
-1.343883568966E0));
#6152=CARTESIAN_POINT('',(2.883333333333E0,2.441666666667E0,-1.343883568966E0));
#6153=CARTESIAN_POINT('',(2.884278213531E0,2.440721786469E0,-1.343204970327E0));
#6154=CARTESIAN_POINT('',(2.886153304579E0,2.438825816889E0,-1.341853310396E0));
#6155=CARTESIAN_POINT('',(2.888922416516E0,2.435963360791E0,-1.339842663672E0));
#6156=CARTESIAN_POINT('',(2.890739379423E0,2.434043246815E0,-1.338513914260E0));
#6157=CARTESIAN_POINT('',(2.891640665898E0,2.433080260304E0,-1.337852494577E0));
#6159=DIRECTION('',(1.E0,0.E0,0.E0));
#6160=VECTOR('',#6159,2.283281331797E0);
#6161=CARTESIAN_POINT('',(6.083593341017E-1,2.433080260304E0,
-1.337852494577E0));
#6162=LINE('',#6161,#6160);
#6163=CARTESIAN_POINT('',(6.083593341017E-1,2.433080260304E0,
-1.337852494577E0));
#6164=CARTESIAN_POINT('',(6.092606030047E-1,2.434043228039E0,
-1.338513901364E0));
#6165=CARTESIAN_POINT('',(6.110775421659E-1,2.435963317513E0,
-1.339842633541E0));
#6166=CARTESIAN_POINT('',(6.138466607550E-1,2.438825781602E0,
-1.341853285351E0));
#6167=CARTESIAN_POINT('',(6.157217715245E-1,2.440721771524E0,
-1.343204959594E0));
#6168=CARTESIAN_POINT('',(6.166666666666E-1,2.441666666667E0,
-1.343883568966E0));
#6170=CARTESIAN_POINT('',(6.166666666666E-1,2.441666666667E0,
-1.343883568966E0));
#6171=CARTESIAN_POINT('',(6.247189909232E-1,2.449718990923E0,
-1.349666626226E0));
#6172=CARTESIAN_POINT('',(6.403502155298E-1,2.465350215530E0,
-1.361617853178E0));
#6173=CARTESIAN_POINT('',(6.623968439983E-1,2.487396843998E0,
-1.380621095081E0));
#6174=CARTESIAN_POINT('',(6.829075809450E-1,2.507907580945E0,
-1.400475141306E0));
#6175=CARTESIAN_POINT('',(7.018157772633E-1,2.526815777263E0,
-1.420967415515E0));
#6176=CARTESIAN_POINT('',(7.191257077692E-1,2.544125707769E0,
-1.441932879023E0));
#6177=CARTESIAN_POINT('',(7.349038549812E-1,2.559903854981E0,
-1.463280616978E0));
#6178=CARTESIAN_POINT('',(7.492015038502E-1,2.574201503850E0,
-1.484910345258E0));
#6179=CARTESIAN_POINT('',(7.621020738808E-1,2.587102073881E0,
-1.506788471049E0));
#6180=CARTESIAN_POINT('',(7.736236633014E-1,2.598623663301E0,
-1.528780146853E0));
#6181=CARTESIAN_POINT('',(7.838569136182E-1,2.608856913618E0,
-1.550891179927E0));
#6182=CARTESIAN_POINT('',(7.928350993664E-1,2.617835099366E0,
-1.573033374406E0));
#6183=CARTESIAN_POINT('',(8.006281099556E-1,2.625628109956E0,
-1.595210891585E0));
#6184=CARTESIAN_POINT('',(8.072827335854E-1,2.632282733585E0,
-1.617413994556E0));
#6185=CARTESIAN_POINT('',(8.128127485367E-1,2.637812748537E0,
-1.639502296636E0));
#6186=CARTESIAN_POINT('',(8.173022673093E-1,2.642302267309E0,
-1.661641128114E0));
#6187=CARTESIAN_POINT('',(8.207616617951E-1,2.645761661795E0,
-1.683773099253E0));
#6188=CARTESIAN_POINT('',(8.232119073466E-1,2.648211907347E0,
-1.705854800611E0));
#6189=CARTESIAN_POINT('',(8.246770642021E-1,2.649677064202E0,
-1.727959329935E0));
#6190=CARTESIAN_POINT('',(8.25E-1,2.65E0,-1.742662392384E0));
#6191=CARTESIAN_POINT('',(8.25E-1,2.65E0,-1.75E0));
#6193=CARTESIAN_POINT('',(2.675E0,2.65E0,-1.75E0));
#6194=CARTESIAN_POINT('',(2.675E0,2.65E0,-1.742662103768E0));
#6195=CARTESIAN_POINT('',(2.675322966295E0,2.649677033705E0,-1.727958733872E0));
#6196=CARTESIAN_POINT('',(2.676788085237E0,2.648211914763E0,-1.705855069618E0));
#6197=CARTESIAN_POINT('',(2.679238215459E0,2.645761784541E0,-1.683773994839E0));
#6198=CARTESIAN_POINT('',(2.682697609037E0,2.642302390963E0,-1.661641931184E0));
#6199=CARTESIAN_POINT('',(2.687186574287E0,2.637813425713E0,-1.639505398886E0));
#6200=CARTESIAN_POINT('',(2.692716364089E0,2.632283635911E0,-1.617417265558E0));
#6201=CARTESIAN_POINT('',(2.699370747872E0,2.625629252128E0,-1.595214441832E0));
#6202=CARTESIAN_POINT('',(2.707163350103E0,2.617836649897E0,-1.573037470130E0));
#6203=CARTESIAN_POINT('',(2.716141586209E0,2.608858413791E0,-1.550894619525E0));
#6204=CARTESIAN_POINT('',(2.726374641908E0,2.598625358092E0,-1.528783591735E0));
#6205=CARTESIAN_POINT('',(2.737896026157E0,2.587103973843E0,-1.506791887250E0));
#6206=CARTESIAN_POINT('',(2.750796502304E0,2.574203497696E0,-1.484913514440E0));
#6207=CARTESIAN_POINT('',(2.765094592110E0,2.559905407890E0,-1.463282804721E0));
#6208=CARTESIAN_POINT('',(2.780873353450E0,2.544126646550E0,-1.441934026165E0));
#6209=CARTESIAN_POINT('',(2.798184337448E0,2.526815662552E0,-1.420967280364E0));
#6210=CARTESIAN_POINT('',(2.817091483938E0,2.507908516062E0,-1.400476154563E0));
#6211=CARTESIAN_POINT('',(2.837600648317E0,2.487399351683E0,-1.380623454986E0));
#6212=CARTESIAN_POINT('',(2.859645640272E0,2.465354359728E0,-1.361621196996E0));
#6213=CARTESIAN_POINT('',(2.875279201624E0,2.449720798376E0,-1.349667924311E0));
#6214=CARTESIAN_POINT('',(2.883333333333E0,2.441666666667E0,-1.343883568966E0));
#6216=CARTESIAN_POINT('',(6.383333333333E0,2.441666666667E0,-1.343883568966E0));
#6217=CARTESIAN_POINT('',(6.384278213531E0,2.440721786469E0,-1.343204970327E0));
#6218=CARTESIAN_POINT('',(6.386153304579E0,2.438825816889E0,-1.341853310396E0));
#6219=CARTESIAN_POINT('',(6.388922416516E0,2.435963360791E0,-1.339842663672E0));
#6220=CARTESIAN_POINT('',(6.390739379423E0,2.434043246815E0,-1.338513914260E0));
#6221=CARTESIAN_POINT('',(6.391640665898E0,2.433080260304E0,-1.337852494577E0));
#6223=DIRECTION('',(1.E0,0.E0,0.E0));
#6224=VECTOR('',#6223,2.283281331797E0);
#6225=CARTESIAN_POINT('',(4.108359334102E0,2.433080260304E0,-1.337852494577E0));
#6226=LINE('',#6225,#6224);
#6227=CARTESIAN_POINT('',(4.108359334102E0,2.433080260304E0,-1.337852494577E0));
#6228=CARTESIAN_POINT('',(4.109260603005E0,2.434043228039E0,-1.338513901364E0));
#6229=CARTESIAN_POINT('',(4.111077542166E0,2.435963317513E0,-1.339842633541E0));
#6230=CARTESIAN_POINT('',(4.113846660755E0,2.438825781602E0,-1.341853285351E0));
#6231=CARTESIAN_POINT('',(4.115721771524E0,2.440721771524E0,-1.343204959594E0));
#6232=CARTESIAN_POINT('',(4.116666666667E0,2.441666666667E0,-1.343883568966E0));
#6234=CARTESIAN_POINT('',(4.116666666667E0,2.441666666667E0,-1.343883568966E0));
#6235=CARTESIAN_POINT('',(4.124718990923E0,2.449718990923E0,-1.349666626226E0));
#6236=CARTESIAN_POINT('',(4.140350215530E0,2.465350215530E0,-1.361617853178E0));
#6237=CARTESIAN_POINT('',(4.162396843998E0,2.487396843998E0,-1.380621095081E0));
#6238=CARTESIAN_POINT('',(4.182907580945E0,2.507907580945E0,-1.400475141306E0));
#6239=CARTESIAN_POINT('',(4.201815777263E0,2.526815777263E0,-1.420967415515E0));
#6240=CARTESIAN_POINT('',(4.219125707769E0,2.544125707769E0,-1.441932879023E0));
#6241=CARTESIAN_POINT('',(4.234903854981E0,2.559903854981E0,-1.463280616978E0));
#6242=CARTESIAN_POINT('',(4.249201503850E0,2.574201503850E0,-1.484910345258E0));
#6243=CARTESIAN_POINT('',(4.262102073881E0,2.587102073881E0,-1.506788471049E0));
#6244=CARTESIAN_POINT('',(4.273623663301E0,2.598623663301E0,-1.528780146853E0));
#6245=CARTESIAN_POINT('',(4.283856913618E0,2.608856913618E0,-1.550891179927E0));
#6246=CARTESIAN_POINT('',(4.292835099366E0,2.617835099366E0,-1.573033374406E0));
#6247=CARTESIAN_POINT('',(4.300628109956E0,2.625628109956E0,-1.595210891585E0));
#6248=CARTESIAN_POINT('',(4.307282733585E0,2.632282733585E0,-1.617413994556E0));
#6249=CARTESIAN_POINT('',(4.312812748537E0,2.637812748537E0,-1.639502296636E0));
#6250=CARTESIAN_POINT('',(4.317302267309E0,2.642302267309E0,-1.661641128114E0));
#6251=CARTESIAN_POINT('',(4.320761661795E0,2.645761661795E0,-1.683773099253E0));
#6252=CARTESIAN_POINT('',(4.323211907347E0,2.648211907347E0,-1.705854800611E0));
#6253=CARTESIAN_POINT('',(4.324677064202E0,2.649677064202E0,-1.727959329935E0));
#6254=CARTESIAN_POINT('',(4.325E0,2.65E0,-1.742662392384E0));
#6255=CARTESIAN_POINT('',(4.325E0,2.65E0,-1.75E0));
#6257=CARTESIAN_POINT('',(6.175E0,2.65E0,-1.75E0));
#6258=CARTESIAN_POINT('',(6.175E0,2.65E0,-1.742662103768E0));
#6259=CARTESIAN_POINT('',(6.175322966295E0,2.649677033705E0,-1.727958733872E0));
#6260=CARTESIAN_POINT('',(6.176788085237E0,2.648211914763E0,-1.705855069618E0));
#6261=CARTESIAN_POINT('',(6.179238215459E0,2.645761784541E0,-1.683773994839E0));
#6262=CARTESIAN_POINT('',(6.182697609037E0,2.642302390963E0,-1.661641931184E0));
#6263=CARTESIAN_POINT('',(6.187186574287E0,2.637813425713E0,-1.639505398886E0));
#6264=CARTESIAN_POINT('',(6.192716364089E0,2.632283635911E0,-1.617417265558E0));
#6265=CARTESIAN_POINT('',(6.199370747872E0,2.625629252128E0,-1.595214441832E0));
#6266=CARTESIAN_POINT('',(6.207163350103E0,2.617836649897E0,-1.573037470130E0));
#6267=CARTESIAN_POINT('',(6.216141586209E0,2.608858413791E0,-1.550894619525E0));
#6268=CARTESIAN_POINT('',(6.226374641908E0,2.598625358092E0,-1.528783591735E0));
#6269=CARTESIAN_POINT('',(6.237896026157E0,2.587103973843E0,-1.506791887250E0));
#6270=CARTESIAN_POINT('',(6.250796502304E0,2.574203497696E0,-1.484913514440E0));
#6271=CARTESIAN_POINT('',(6.265094592110E0,2.559905407890E0,-1.463282804721E0));
#6272=CARTESIAN_POINT('',(6.280873353450E0,2.544126646550E0,-1.441934026165E0));
#6273=CARTESIAN_POINT('',(6.298184337448E0,2.526815662552E0,-1.420967280364E0));
#6274=CARTESIAN_POINT('',(6.317091483938E0,2.507908516062E0,-1.400476154563E0));
#6275=CARTESIAN_POINT('',(6.337600648317E0,2.487399351683E0,-1.380623454986E0));
#6276=CARTESIAN_POINT('',(6.359645640272E0,2.465354359728E0,-1.361621196996E0));
#6277=CARTESIAN_POINT('',(6.375279201624E0,2.449720798376E0,-1.349667924311E0));
#6278=CARTESIAN_POINT('',(6.383333333333E0,2.441666666667E0,-1.343883568966E0));
#6280=CARTESIAN_POINT('',(7.616666666667E0,2.441666666667E0,-1.343883568966E0));
#6281=CARTESIAN_POINT('',(7.624718990923E0,2.449718990923E0,-1.349666626226E0));
#6282=CARTESIAN_POINT('',(7.640350215530E0,2.465350215530E0,-1.361617853178E0));
#6283=CARTESIAN_POINT('',(7.662396843998E0,2.487396843998E0,-1.380621095081E0));
#6284=CARTESIAN_POINT('',(7.682907580945E0,2.507907580945E0,-1.400475141306E0));
#6285=CARTESIAN_POINT('',(7.701815777263E0,2.526815777263E0,-1.420967415515E0));
#6286=CARTESIAN_POINT('',(7.719125707769E0,2.544125707769E0,-1.441932879023E0));
#6287=CARTESIAN_POINT('',(7.734903854981E0,2.559903854981E0,-1.463280616978E0));
#6288=CARTESIAN_POINT('',(7.749201503850E0,2.574201503850E0,-1.484910345258E0));
#6289=CARTESIAN_POINT('',(7.762102073881E0,2.587102073881E0,-1.506788471049E0));
#6290=CARTESIAN_POINT('',(7.773623663301E0,2.598623663301E0,-1.528780146853E0));
#6291=CARTESIAN_POINT('',(7.783856913618E0,2.608856913618E0,-1.550891179927E0));
#6292=CARTESIAN_POINT('',(7.792835099366E0,2.617835099366E0,-1.573033374406E0));
#6293=CARTESIAN_POINT('',(7.800628109956E0,2.625628109956E0,-1.595210891585E0));
#6294=CARTESIAN_POINT('',(7.807282733585E0,2.632282733585E0,-1.617413994556E0));
#6295=CARTESIAN_POINT('',(7.812812748537E0,2.637812748537E0,-1.639502296636E0));
#6296=CARTESIAN_POINT('',(7.817302267309E0,2.642302267309E0,-1.661641128114E0));
#6297=CARTESIAN_POINT('',(7.820761661795E0,2.645761661795E0,-1.683773099253E0));
#6298=CARTESIAN_POINT('',(7.823211907347E0,2.648211907347E0,-1.705854800611E0));
#6299=CARTESIAN_POINT('',(7.824677064202E0,2.649677064202E0,-1.727959329935E0));
#6300=CARTESIAN_POINT('',(7.825E0,2.65E0,-1.742662392384E0));
#6301=CARTESIAN_POINT('',(7.825E0,2.65E0,-1.75E0));
#6303=CARTESIAN_POINT('',(9.395E0,2.65E0,-1.75E0));
#6304=CARTESIAN_POINT('',(9.395E0,2.65E0,-1.742501869403E0));
#6305=CARTESIAN_POINT('',(9.395337310260E0,2.649662689740E0,-1.727479115290E0));
#6306=CARTESIAN_POINT('',(9.396865645314E0,2.648134354686E0,-1.704910728093E0));
#6307=CARTESIAN_POINT('',(9.399421908618E0,2.645578091382E0,-1.682357310628E0));
#6308=CARTESIAN_POINT('',(9.403034930505E0,2.641965069495E0,-1.659743594146E0));
#6309=CARTESIAN_POINT('',(9.407711368647E0,2.637288631353E0,-1.637179469644E0));
#6310=CARTESIAN_POINT('',(9.413498897042E0,2.631501102958E0,-1.614568619226E0));
#6311=CARTESIAN_POINT('',(9.420477497397E0,2.624522502603E0,-1.591821393119E0));
#6312=CARTESIAN_POINT('',(9.428678591414E0,2.616321408586E0,-1.569050493076E0));
#6313=CARTESIAN_POINT('',(9.438128308363E0,2.606871691637E0,-1.546351498362E0));
#6314=CARTESIAN_POINT('',(9.448855928554E0,2.596144071446E0,-1.523798169117E0));
#6315=CARTESIAN_POINT('',(9.460950941765E0,2.584049058235E0,-1.501357592836E0));
#6316=CARTESIAN_POINT('',(9.474499762405E0,2.570500237595E0,-1.479053955109E0));
#6317=CARTESIAN_POINT('',(9.489545891522E0,2.555454108478E0,-1.456998339319E0));
#6318=CARTESIAN_POINT('',(9.506141876256E0,2.538858123744E0,-1.435286873262E0));
#6319=CARTESIAN_POINT('',(9.524355468928E0,2.520644531072E0,-1.414008154648E0));
#6320=CARTESIAN_POINT('',(9.544219103255E0,2.500780896745E0,-1.393301893229E0));
#6321=CARTESIAN_POINT('',(9.558565409610E0,2.486434590390E0,-1.379986969647E0));
#6322=CARTESIAN_POINT('',(9.566015465781E0,2.478984534219E0,-1.373477522258E0));
#6324=CARTESIAN_POINT('',(9.566015465781E0,2.478984534219E0,-1.373477522258E0));
#6325=CARTESIAN_POINT('',(9.570866419028E0,2.474133580972E0,-1.369239027377E0));
#6326=CARTESIAN_POINT('',(9.580209767616E0,2.464251875409E0,-1.360935562929E0));
#6327=CARTESIAN_POINT('',(9.593194569492E0,2.448916550334E0,-1.349033080963E0));
#6328=CARTESIAN_POINT('',(9.601169010115E0,2.438403677128E0,-1.341508841396E0));
#6329=CARTESIAN_POINT('',(9.604994228513E0,2.433080260304E0,-1.337852494577E0));
#6331=DIRECTION('',(1.E0,0.E0,0.E0));
#6332=VECTOR('',#6331,1.996634894412E0);
#6333=CARTESIAN_POINT('',(7.608359334102E0,2.433080260304E0,-1.337852494577E0));
#6334=LINE('',#6333,#6332);
#6335=CARTESIAN_POINT('',(7.608359334102E0,2.433080260304E0,-1.337852494577E0));
#6336=CARTESIAN_POINT('',(7.609260603005E0,2.434043228039E0,-1.338513901364E0));
#6337=CARTESIAN_POINT('',(7.611077542166E0,2.435963317513E0,-1.339842633541E0));
#6338=CARTESIAN_POINT('',(7.613846660755E0,2.438825781602E0,-1.341853285351E0));
#6339=CARTESIAN_POINT('',(7.615721771524E0,2.440721771524E0,-1.343204959594E0));
#6340=CARTESIAN_POINT('',(7.616666666667E0,2.441666666667E0,-1.343883568966E0));
#6342=DIRECTION('',(0.E0,1.E0,0.E0));
#6343=VECTOR('',#6342,2.8E0);
#6344=CARTESIAN_POINT('',(-9.395E0,2.65E0,-1.75E0));
#6345=LINE('',#6344,#6343);
#6346=DIRECTION('',(0.E0,0.E0,-1.E0));
#6347=VECTOR('',#6346,3.E-1);
#6348=CARTESIAN_POINT('',(-7.825E0,2.65E0,-1.75E0));
#6349=LINE('',#6348,#6347);
#6350=DIRECTION('',(-1.E0,0.E0,0.E0));
#6351=VECTOR('',#6350,1.57E0);
#6352=CARTESIAN_POINT('',(-7.825E0,2.65E0,-1.75E0));
#6353=LINE('',#6352,#6351);
#6354=DIRECTION('',(0.E0,0.E0,-1.E0));
#6355=VECTOR('',#6354,3.E-1);
#6356=CARTESIAN_POINT('',(-9.395E0,2.65E0,-1.75E0));
#6357=LINE('',#6356,#6355);
#6358=DIRECTION('',(0.E0,0.E0,-1.E0));
#6359=VECTOR('',#6358,3.E-1);
#6360=CARTESIAN_POINT('',(-4.325E0,2.65E0,-1.75E0));
#6361=LINE('',#6360,#6359);
#6362=DIRECTION('',(-1.E0,0.E0,0.E0));
#6363=VECTOR('',#6362,1.85E0);
#6364=CARTESIAN_POINT('',(-4.325E0,2.65E0,-1.75E0));
#6365=LINE('',#6364,#6363);
#6366=DIRECTION('',(0.E0,0.E0,-1.E0));
#6367=VECTOR('',#6366,3.E-1);
#6368=CARTESIAN_POINT('',(-6.175E0,2.65E0,-1.75E0));
#6369=LINE('',#6368,#6367);
#6370=DIRECTION('',(0.E0,0.E0,-1.E0));
#6371=VECTOR('',#6370,3.E-1);
#6372=CARTESIAN_POINT('',(-8.25E-1,2.65E0,-1.75E0));
#6373=LINE('',#6372,#6371);
#6374=DIRECTION('',(-1.E0,0.E0,0.E0));
#6375=VECTOR('',#6374,1.85E0);
#6376=CARTESIAN_POINT('',(-8.25E-1,2.65E0,-1.75E0));
#6377=LINE('',#6376,#6375);
#6378=DIRECTION('',(0.E0,0.E0,-1.E0));
#6379=VECTOR('',#6378,3.E-1);
#6380=CARTESIAN_POINT('',(-2.675E0,2.65E0,-1.75E0));
#6381=LINE('',#6380,#6379);
#6382=DIRECTION('',(0.E0,0.E0,-1.E0));
#6383=VECTOR('',#6382,3.E-1);
#6384=CARTESIAN_POINT('',(2.675E0,2.65E0,-1.75E0));
#6385=LINE('',#6384,#6383);
#6386=DIRECTION('',(-1.E0,0.E0,0.E0));
#6387=VECTOR('',#6386,1.85E0);
#6388=CARTESIAN_POINT('',(2.675E0,2.65E0,-1.75E0));
#6389=LINE('',#6388,#6387);
#6390=DIRECTION('',(0.E0,0.E0,-1.E0));
#6391=VECTOR('',#6390,3.E-1);
#6392=CARTESIAN_POINT('',(8.25E-1,2.65E0,-1.75E0));
#6393=LINE('',#6392,#6391);
#6394=DIRECTION('',(0.E0,0.E0,-1.E0));
#6395=VECTOR('',#6394,3.E-1);
#6396=CARTESIAN_POINT('',(6.175E0,2.65E0,-1.75E0));
#6397=LINE('',#6396,#6395);
#6398=DIRECTION('',(-1.E0,0.E0,0.E0));
#6399=VECTOR('',#6398,1.85E0);
#6400=CARTESIAN_POINT('',(6.175E0,2.65E0,-1.75E0));
#6401=LINE('',#6400,#6399);
#6402=DIRECTION('',(0.E0,0.E0,-1.E0));
#6403=VECTOR('',#6402,3.E-1);
#6404=CARTESIAN_POINT('',(4.325E0,2.65E0,-1.75E0));
#6405=LINE('',#6404,#6403);
#6406=DIRECTION('',(0.E0,0.E0,-1.E0));
#6407=VECTOR('',#6406,3.E-1);
#6408=CARTESIAN_POINT('',(7.825E0,2.65E0,-1.75E0));
#6409=LINE('',#6408,#6407);
#6410=DIRECTION('',(0.E0,0.E0,-1.E0));
#6411=VECTOR('',#6410,3.E-1);
#6412=CARTESIAN_POINT('',(9.395E0,2.65E0,-1.75E0));
#6413=LINE('',#6412,#6411);
#6414=DIRECTION('',(-1.E0,0.E0,0.E0));
#6415=VECTOR('',#6414,1.57E0);
#6416=CARTESIAN_POINT('',(9.395E0,2.65E0,-1.75E0));
#6417=LINE('',#6416,#6415);
#6418=DIRECTION('',(0.E0,-1.E0,0.E0));
#6419=VECTOR('',#6418,2.8E0);
#6420=CARTESIAN_POINT('',(-7.825E0,5.45E0,-1.75E0));
#6421=LINE('',#6420,#6419);
#6422=DIRECTION('',(0.E0,1.E0,0.E0));
#6423=VECTOR('',#6422,2.8E0);
#6424=CARTESIAN_POINT('',(-7.825E0,2.65E0,-2.05E0));
#6425=LINE('',#6424,#6423);
#6426=DIRECTION('',(-1.E0,0.E0,0.E0));
#6427=VECTOR('',#6426,1.57E0);
#6428=CARTESIAN_POINT('',(-7.825E0,2.65E0,-2.05E0));
#6429=LINE('',#6428,#6427);
#6430=DIRECTION('',(0.E0,1.E0,0.E0));
#6431=VECTOR('',#6430,2.8E0);
#6432=CARTESIAN_POINT('',(-9.395E0,2.65E0,-2.05E0));
#6433=LINE('',#6432,#6431);
#6434=DIRECTION('',(0.E0,1.E0,0.E0));
#6435=VECTOR('',#6434,2.8E0);
#6436=CARTESIAN_POINT('',(-4.325E0,2.65E0,-2.05E0));
#6437=LINE('',#6436,#6435);
#6438=DIRECTION('',(-1.E0,0.E0,0.E0));
#6439=VECTOR('',#6438,1.85E0);
#6440=CARTESIAN_POINT('',(-4.325E0,2.65E0,-2.05E0));
#6441=LINE('',#6440,#6439);
#6442=DIRECTION('',(0.E0,1.E0,0.E0));
#6443=VECTOR('',#6442,2.8E0);
#6444=CARTESIAN_POINT('',(-6.175E0,2.65E0,-2.05E0));
#6445=LINE('',#6444,#6443);
#6446=DIRECTION('',(0.E0,1.E0,0.E0));
#6447=VECTOR('',#6446,2.8E0);
#6448=CARTESIAN_POINT('',(-8.25E-1,2.65E0,-2.05E0));
#6449=LINE('',#6448,#6447);
#6450=DIRECTION('',(-1.E0,0.E0,0.E0));
#6451=VECTOR('',#6450,1.85E0);
#6452=CARTESIAN_POINT('',(-8.25E-1,2.65E0,-2.05E0));
#6453=LINE('',#6452,#6451);
#6454=DIRECTION('',(0.E0,1.E0,0.E0));
#6455=VECTOR('',#6454,2.8E0);
#6456=CARTESIAN_POINT('',(-2.675E0,2.65E0,-2.05E0));
#6457=LINE('',#6456,#6455);
#6458=DIRECTION('',(0.E0,1.E0,0.E0));
#6459=VECTOR('',#6458,2.8E0);
#6460=CARTESIAN_POINT('',(2.675E0,2.65E0,-2.05E0));
#6461=LINE('',#6460,#6459);
#6462=DIRECTION('',(-1.E0,0.E0,0.E0));
#6463=VECTOR('',#6462,1.85E0);
#6464=CARTESIAN_POINT('',(2.675E0,2.65E0,-2.05E0));
#6465=LINE('',#6464,#6463);
#6466=DIRECTION('',(0.E0,1.E0,0.E0));
#6467=VECTOR('',#6466,2.8E0);
#6468=CARTESIAN_POINT('',(8.25E-1,2.65E0,-2.05E0));
#6469=LINE('',#6468,#6467);
#6470=DIRECTION('',(0.E0,1.E0,0.E0));
#6471=VECTOR('',#6470,2.8E0);
#6472=CARTESIAN_POINT('',(6.175E0,2.65E0,-2.05E0));
#6473=LINE('',#6472,#6471);
#6474=DIRECTION('',(-1.E0,0.E0,0.E0));
#6475=VECTOR('',#6474,1.85E0);
#6476=CARTESIAN_POINT('',(6.175E0,2.65E0,-2.05E0));
#6477=LINE('',#6476,#6475);
#6478=DIRECTION('',(0.E0,1.E0,0.E0));
#6479=VECTOR('',#6478,2.8E0);
#6480=CARTESIAN_POINT('',(4.325E0,2.65E0,-2.05E0));
#6481=LINE('',#6480,#6479);
#6482=DIRECTION('',(0.E0,1.E0,0.E0));
#6483=VECTOR('',#6482,2.8E0);
#6484=CARTESIAN_POINT('',(7.825E0,2.65E0,-2.05E0));
#6485=LINE('',#6484,#6483);
#6486=DIRECTION('',(0.E0,1.E0,0.E0));
#6487=VECTOR('',#6486,2.8E0);
#6488=CARTESIAN_POINT('',(9.395E0,2.65E0,-2.05E0));
#6489=LINE('',#6488,#6487);
#6490=DIRECTION('',(-1.E0,0.E0,0.E0));
#6491=VECTOR('',#6490,1.57E0);
#6492=CARTESIAN_POINT('',(9.395E0,2.65E0,-2.05E0));
#6493=LINE('',#6492,#6491);
#6494=DIRECTION('',(0.E0,0.E0,1.E0));
#6495=VECTOR('',#6494,3.E-1);
#6496=CARTESIAN_POINT('',(-7.825E0,5.45E0,-2.05E0));
#6497=LINE('',#6496,#6495);
#6498=DIRECTION('',(-1.E0,0.E0,0.E0));
#6499=VECTOR('',#6498,1.57E0);
#6500=CARTESIAN_POINT('',(-7.825E0,5.45E0,-2.05E0));
#6501=LINE('',#6500,#6499);
#6502=DIRECTION('',(0.E0,0.E0,1.E0));
#6503=VECTOR('',#6502,3.E-1);
#6504=CARTESIAN_POINT('',(-9.395E0,5.45E0,-2.05E0));
#6505=LINE('',#6504,#6503);
#6506=DIRECTION('',(0.E0,0.E0,1.E0));
#6507=VECTOR('',#6506,3.E-1);
#6508=CARTESIAN_POINT('',(-4.325E0,5.45E0,-2.05E0));
#6509=LINE('',#6508,#6507);
#6510=DIRECTION('',(-1.E0,0.E0,0.E0));
#6511=VECTOR('',#6510,1.85E0);
#6512=CARTESIAN_POINT('',(-4.325E0,5.45E0,-2.05E0));
#6513=LINE('',#6512,#6511);
#6514=DIRECTION('',(0.E0,0.E0,1.E0));
#6515=VECTOR('',#6514,3.E-1);
#6516=CARTESIAN_POINT('',(-6.175E0,5.45E0,-2.05E0));
#6517=LINE('',#6516,#6515);
#6518=DIRECTION('',(0.E0,0.E0,1.E0));
#6519=VECTOR('',#6518,3.E-1);
#6520=CARTESIAN_POINT('',(-8.25E-1,5.45E0,-2.05E0));
#6521=LINE('',#6520,#6519);
#6522=DIRECTION('',(-1.E0,0.E0,0.E0));
#6523=VECTOR('',#6522,1.85E0);
#6524=CARTESIAN_POINT('',(-8.25E-1,5.45E0,-2.05E0));
#6525=LINE('',#6524,#6523);
#6526=DIRECTION('',(0.E0,0.E0,1.E0));
#6527=VECTOR('',#6526,3.E-1);
#6528=CARTESIAN_POINT('',(-2.675E0,5.45E0,-2.05E0));
#6529=LINE('',#6528,#6527);
#6530=DIRECTION('',(0.E0,0.E0,1.E0));
#6531=VECTOR('',#6530,3.E-1);
#6532=CARTESIAN_POINT('',(2.675E0,5.45E0,-2.05E0));
#6533=LINE('',#6532,#6531);
#6534=DIRECTION('',(-1.E0,0.E0,0.E0));
#6535=VECTOR('',#6534,1.85E0);
#6536=CARTESIAN_POINT('',(2.675E0,5.45E0,-2.05E0));
#6537=LINE('',#6536,#6535);
#6538=DIRECTION('',(0.E0,0.E0,1.E0));
#6539=VECTOR('',#6538,3.E-1);
#6540=CARTESIAN_POINT('',(8.25E-1,5.45E0,-2.05E0));
#6541=LINE('',#6540,#6539);
#6542=DIRECTION('',(0.E0,0.E0,1.E0));
#6543=VECTOR('',#6542,3.E-1);
#6544=CARTESIAN_POINT('',(6.175E0,5.45E0,-2.05E0));
#6545=LINE('',#6544,#6543);
#6546=DIRECTION('',(-1.E0,0.E0,0.E0));
#6547=VECTOR('',#6546,1.85E0);
#6548=CARTESIAN_POINT('',(6.175E0,5.45E0,-2.05E0));
#6549=LINE('',#6548,#6547);
#6550=DIRECTION('',(0.E0,0.E0,1.E0));
#6551=VECTOR('',#6550,3.E-1);
#6552=CARTESIAN_POINT('',(4.325E0,5.45E0,-2.05E0));
#6553=LINE('',#6552,#6551);
#6554=DIRECTION('',(0.E0,0.E0,1.E0));
#6555=VECTOR('',#6554,3.E-1);
#6556=CARTESIAN_POINT('',(7.825E0,5.45E0,-2.05E0));
#6557=LINE('',#6556,#6555);
#6558=DIRECTION('',(0.E0,0.E0,1.E0));
#6559=VECTOR('',#6558,3.E-1);
#6560=CARTESIAN_POINT('',(9.395E0,5.45E0,-2.05E0));
#6561=LINE('',#6560,#6559);
#6562=DIRECTION('',(-1.E0,0.E0,0.E0));
#6563=VECTOR('',#6562,1.57E0);
#6564=CARTESIAN_POINT('',(9.395E0,5.45E0,-2.05E0));
#6565=LINE('',#6564,#6563);
#6566=DIRECTION('',(0.E0,-1.E0,0.E0));
#6567=VECTOR('',#6566,2.8E0);
#6568=CARTESIAN_POINT('',(-4.325E0,5.45E0,-1.75E0));
#6569=LINE('',#6568,#6567);
#6570=DIRECTION('',(0.E0,-1.E0,0.E0));
#6571=VECTOR('',#6570,3.216666666667E0);
#6572=CARTESIAN_POINT('',(-4.116666666667E0,5.658333333333E0,
-1.343883568966E0));
#6573=LINE('',#6572,#6571);
#6574=CARTESIAN_POINT('',(-3.815295624440E0,6.162010633810E0,
-9.978032225675E-1));
#6575=CARTESIAN_POINT('',(-3.802769670040E0,6.047625937290E0,
-9.740303879415E-1));
#6576=CARTESIAN_POINT('',(-3.779642378188E0,5.817633981260E0,
-9.254929143750E-1));
#6577=CARTESIAN_POINT('',(-3.750880127407E0,5.468775616086E0,
-8.500040921094E-1));
#6578=CARTESIAN_POINT('',(-3.728273008623E0,5.116785162533E0,
-7.723358485608E-1));
#6579=CARTESIAN_POINT('',(-3.711988650594E0,4.762246402030E0,
-6.929740117201E-1));
#6580=CARTESIAN_POINT('',(-3.702174516873E0,4.405944168412E0,
-6.124601410827E-1));
#6581=CARTESIAN_POINT('',(-3.7E0,4.168678560539E0,-5.585940460753E-1));
#6582=CARTESIAN_POINT('',(-3.7E0,4.05E0,-5.316507068989E-1));
#6584=CARTESIAN_POINT('',(-3.7E0,4.05E0,-5.316507068989E-1));
#6585=CARTESIAN_POINT('',(-3.7E0,3.931321805837E0,-5.585939628976E-1));
#6586=CARTESIAN_POINT('',(-3.702174496990E0,3.694056604081E0,
-6.124599663506E-1));
#6587=CARTESIAN_POINT('',(-3.711988677686E0,3.337752660456E0,
-6.929742235256E-1));
#6588=CARTESIAN_POINT('',(-3.728273064275E0,2.983213889737E0,
-7.723360589100E-1));
#6589=CARTESIAN_POINT('',(-3.750880157319E0,2.631224032667E0,
-8.500041678948E-1));
#6590=CARTESIAN_POINT('',(-3.779642356847E0,2.282366270900E0,
-9.254928599215E-1));
#6591=CARTESIAN_POINT('',(-3.802769654628E0,2.052374203448E0,
-9.740303586916E-1));
#6592=CARTESIAN_POINT('',(-3.815295624440E0,1.937989366190E0,
-9.978032225675E-1));
#6594=DIRECTION('',(0.E0,0.E0,1.E0));
#6595=VECTOR('',#6594,4.947368421053E-1);
#6596=CARTESIAN_POINT('',(-7.349012176349E0,6.45E0,-6.947368421053E-1));
#6597=LINE('',#6596,#6595);
#6598=DIRECTION('',(1.E0,0.E0,0.E0));
#6599=VECTOR('',#6598,2.571975647301E0);
#6600=CARTESIAN_POINT('',(-9.920987823651E0,6.45E0,-6.947368421053E-1));
#6601=LINE('',#6600,#6599);
#6602=DIRECTION('',(0.E0,0.E0,1.E0));
#6603=VECTOR('',#6602,4.947368421053E-1);
#6604=CARTESIAN_POINT('',(-9.920987823651E0,6.45E0,-6.947368421053E-1));
#6605=LINE('',#6604,#6603);
#6606=DIRECTION('',(0.E0,0.E0,1.E0));
#6607=VECTOR('',#6606,4.947368421053E-1);
#6608=CARTESIAN_POINT('',(-3.849012176349E0,6.45E0,-6.947368421053E-1));
#6609=LINE('',#6608,#6607);
#6610=DIRECTION('',(1.E0,0.E0,0.E0));
#6611=VECTOR('',#6610,2.801975647301E0);
#6612=CARTESIAN_POINT('',(-6.650987823651E0,6.45E0,-6.947368421053E-1));
#6613=LINE('',#6612,#6611);
#6614=DIRECTION('',(0.E0,0.E0,1.E0));
#6615=VECTOR('',#6614,4.947368421053E-1);
#6616=CARTESIAN_POINT('',(-6.650987823651E0,6.45E0,-6.947368421053E-1));
#6617=LINE('',#6616,#6615);
#6618=DIRECTION('',(0.E0,0.E0,1.E0));
#6619=VECTOR('',#6618,4.947368421053E-1);
#6620=CARTESIAN_POINT('',(-3.490121763494E-1,6.45E0,-6.947368421053E-1));
#6621=LINE('',#6620,#6619);
#6622=DIRECTION('',(1.E0,0.E0,0.E0));
#6623=VECTOR('',#6622,2.801975647301E0);
#6624=CARTESIAN_POINT('',(-3.150987823651E0,6.45E0,-6.947368421053E-1));
#6625=LINE('',#6624,#6623);
#6626=DIRECTION('',(0.E0,0.E0,1.E0));
#6627=VECTOR('',#6626,4.947368421053E-1);
#6628=CARTESIAN_POINT('',(-3.150987823651E0,6.45E0,-6.947368421053E-1));
#6629=LINE('',#6628,#6627);
#6630=DIRECTION('',(0.E0,0.E0,1.E0));
#6631=VECTOR('',#6630,4.947368421053E-1);
#6632=CARTESIAN_POINT('',(3.150987823651E0,6.45E0,-6.947368421053E-1));
#6633=LINE('',#6632,#6631);
#6634=DIRECTION('',(1.E0,0.E0,0.E0));
#6635=VECTOR('',#6634,2.801975647301E0);
#6636=CARTESIAN_POINT('',(3.490121763494E-1,6.45E0,-6.947368421053E-1));
#6637=LINE('',#6636,#6635);
#6638=DIRECTION('',(0.E0,0.E0,1.E0));
#6639=VECTOR('',#6638,4.947368421053E-1);
#6640=CARTESIAN_POINT('',(3.490121763494E-1,6.45E0,-6.947368421053E-1));
#6641=LINE('',#6640,#6639);
#6642=DIRECTION('',(0.E0,0.E0,1.E0));
#6643=VECTOR('',#6642,4.947368421053E-1);
#6644=CARTESIAN_POINT('',(7.349012176349E0,6.45E0,-6.947368421053E-1));
#6645=LINE('',#6644,#6643);
#6646=DIRECTION('',(0.E0,0.E0,1.E0));
#6647=VECTOR('',#6646,4.947368421053E-1);
#6648=CARTESIAN_POINT('',(9.906102545389E0,6.45E0,-6.947368421053E-1));
#6649=LINE('',#6648,#6647);
#6650=DIRECTION('',(1.E0,0.E0,0.E0));
#6651=VECTOR('',#6650,2.557090369040E0);
#6652=CARTESIAN_POINT('',(7.349012176349E0,6.45E0,-6.947368421053E-1));
#6653=LINE('',#6652,#6651);
#6654=DIRECTION('',(0.E0,0.E0,1.E0));
#6655=VECTOR('',#6654,4.947368421053E-1);
#6656=CARTESIAN_POINT('',(6.650987823651E0,6.45E0,-6.947368421053E-1));
#6657=LINE('',#6656,#6655);
#6658=DIRECTION('',(1.E0,0.E0,0.E0));
#6659=VECTOR('',#6658,2.801975647301E0);
#6660=CARTESIAN_POINT('',(3.849012176349E0,6.45E0,-6.947368421053E-1));
#6661=LINE('',#6660,#6659);
#6662=DIRECTION('',(0.E0,0.E0,1.E0));
#6663=VECTOR('',#6662,4.947368421053E-1);
#6664=CARTESIAN_POINT('',(3.849012176349E0,6.45E0,-6.947368421053E-1));
#6665=LINE('',#6664,#6663);
#6666=CARTESIAN_POINT('',(-7.375E0,6.65E0,0.E0));
#6667=CARTESIAN_POINT('',(-7.374352819187E0,6.645214151225E0,0.E0));
#6668=CARTESIAN_POINT('',(-7.373062340998E0,6.635644231458E0,
-3.434816922943E-4));
#6669=CARTESIAN_POINT('',(-7.371146706751E0,6.621357770204E0,
-1.888205774311E-3));
#6670=CARTESIAN_POINT('',(-7.369264395392E0,6.607240583587E0,
-4.448623909876E-3));
#6671=CARTESIAN_POINT('',(-7.367419326941E0,6.593325149035E0,
-8.019450770918E-3));
#6672=CARTESIAN_POINT('',(-7.365627505003E0,6.579736630603E0,
-1.256574270595E-2));
#6673=CARTESIAN_POINT('',(-7.363889551308E0,6.566485182520E0,
-1.808320196331E-2));
#6674=CARTESIAN_POINT('',(-7.362221727314E0,6.553701245391E0,
-2.451526763526E-2));
#6675=CARTESIAN_POINT('',(-7.360623643686E0,6.541389193477E0,
-3.185721237692E-2));
#6676=CARTESIAN_POINT('',(-7.359109423214E0,6.529665762131E0,
-4.003814610292E-2));
#6677=CARTESIAN_POINT('',(-7.357679829054E0,6.518545521108E0,
-4.904348278985E-2));
#6678=CARTESIAN_POINT('',(-7.356344817038E0,6.508114707211E0,
-5.880340168345E-2));
#6679=CARTESIAN_POINT('',(-7.355107830957E0,6.498409444113E0,
-6.927784547038E-2));
#6680=CARTESIAN_POINT('',(-7.353973809204E0,6.489477469904E0,
-8.041627950551E-2));
#6681=CARTESIAN_POINT('',(-7.352948884447E0,6.481376063078E0,
-9.214014353768E-2));
#6682=CARTESIAN_POINT('',(-7.352034004475E0,6.474121212656E0,
-1.044265768237E-1));
#6683=CARTESIAN_POINT('',(-7.351236110123E0,6.467775951327E0,
-1.171628165982E-1));
#6684=CARTESIAN_POINT('',(-7.350554473544E0,6.462341785778E0,
-1.303441551445E-1));
#6685=CARTESIAN_POINT('',(-7.349994864600E0,6.457871117631E0,
-1.438399491657E-1));
#6686=CARTESIAN_POINT('',(-7.349556537206E0,6.454363457930E0,
-1.576462812290E-1));
#6687=CARTESIAN_POINT('',(-7.349243013605E0,6.451851322702E0,
-1.716369351384E-1));
#6688=CARTESIAN_POINT('',(-7.349054125412E0,6.450336551385E0,
-1.857877968311E-1));
#6689=CARTESIAN_POINT('',(-7.349012176349E0,6.45E0,-1.952627332102E-1));
#6690=CARTESIAN_POINT('',(-7.349012176349E0,6.45E0,-2.E-1));
#6692=DIRECTION('',(1.E0,0.E0,0.E0));
#6693=VECTOR('',#6692,2.571975647301E0);
#6694=CARTESIAN_POINT('',(-9.920987823651E0,6.45E0,-2.E-1));
#6695=LINE('',#6694,#6693);
#6696=CARTESIAN_POINT('',(-9.920987823651E0,6.45E0,-2.E-1));
#6697=CARTESIAN_POINT('',(-9.920987823651E0,6.45E0,-1.950368836261E-1));
#6698=CARTESIAN_POINT('',(-9.920941766043E0,6.450369517361E0,
-1.851101849526E-1));
#6699=CARTESIAN_POINT('',(-9.920734544156E0,6.452031262470E0,
-1.702958042740E-1));
#6700=CARTESIAN_POINT('',(-9.920390432817E0,6.454788168950E0,
-1.556556620524E-1));
#6701=CARTESIAN_POINT('',(-9.919909848534E0,6.458633071606E0,
-1.412399224364E-1));
#6702=CARTESIAN_POINT('',(-9.919296148603E0,6.463533911476E0,
-1.271675328562E-1));
#6703=CARTESIAN_POINT('',(-9.918549473903E0,6.469483016632E0,
-1.134678965719E-1));
#6704=CARTESIAN_POINT('',(-9.917675851628E0,6.476424744140E0,
-1.002706931983E-1));
#6705=CARTESIAN_POINT('',(-9.916674889554E0,6.484353520395E0,
-8.759177861313E-2));
#6706=CARTESIAN_POINT('',(-9.915555427007E0,6.493189950986E0,
-7.556092364147E-2));
#6707=CARTESIAN_POINT('',(-9.914316690568E0,6.502930080240E0,
-6.418758433036E-2));
#6708=CARTESIAN_POINT('',(-9.912970129001E0,6.513473574380E0,
-5.359233345368E-2));
#6709=CARTESIAN_POINT('',(-9.911515097663E0,6.524814954604E0,
-4.378379849466E-2));
#6710=CARTESIAN_POINT('',(-9.909965076952E0,6.536838803111E0,
-3.486545057172E-2));
#6711=CARTESIAN_POINT('',(-9.908320293662E0,6.549533316180E0,
-2.684842624166E-2));
#6712=CARTESIAN_POINT('',(-9.906595500647E0,6.562775168222E0,
-1.981425345475E-2));
#6713=CARTESIAN_POINT('',(-9.904792673640E0,6.576540537925E0,
-1.377719373586E-2));
#6714=CARTESIAN_POINT('',(-9.902926861385E0,6.590706780806E0,
-8.794443754544E-3));
#6715=CARTESIAN_POINT('',(-9.901002603803E0,6.605232936559E0,
-4.881314820892E-3));
#6716=CARTESIAN_POINT('',(-9.899034379649E0,6.620004376539E0,
-2.071615051222E-3));
#6717=CARTESIAN_POINT('',(-9.897029836008E0,6.634959947589E0,
-3.771283754630E-4));
#6718=CARTESIAN_POINT('',(-9.895678034219E0,6.644985992835E0,0.E0));
#6719=CARTESIAN_POINT('',(-9.895E0,6.65E0,0.E0));
#6721=CARTESIAN_POINT('',(-3.875E0,6.65E0,0.E0));
#6722=CARTESIAN_POINT('',(-3.874352819187E0,6.645214151225E0,0.E0));
#6723=CARTESIAN_POINT('',(-3.873062340998E0,6.635644231458E0,
-3.434816922941E-4));
#6724=CARTESIAN_POINT('',(-3.871146706751E0,6.621357770204E0,
-1.888205774312E-3));
#6725=CARTESIAN_POINT('',(-3.869264395392E0,6.607240583587E0,
-4.448623909869E-3));
#6726=CARTESIAN_POINT('',(-3.867419326941E0,6.593325149035E0,
-8.019450770923E-3));
#6727=CARTESIAN_POINT('',(-3.865627505003E0,6.579736630603E0,
-1.256574270594E-2));
#6728=CARTESIAN_POINT('',(-3.863889551308E0,6.566485182520E0,
-1.808320196332E-2));
#6729=CARTESIAN_POINT('',(-3.862221727314E0,6.553701245391E0,
-2.451526763525E-2));
#6730=CARTESIAN_POINT('',(-3.860623643686E0,6.541389193477E0,
-3.185721237692E-2));
#6731=CARTESIAN_POINT('',(-3.859109423214E0,6.529665762131E0,
-4.003814610292E-2));
#6732=CARTESIAN_POINT('',(-3.857679829054E0,6.518545521108E0,
-4.904348278985E-2));
#6733=CARTESIAN_POINT('',(-3.856344817038E0,6.508114707211E0,
-5.880340168345E-2));
#6734=CARTESIAN_POINT('',(-3.855107830957E0,6.498409444113E0,
-6.927784547038E-2));
#6735=CARTESIAN_POINT('',(-3.853973809204E0,6.489477469904E0,
-8.041627950552E-2));
#6736=CARTESIAN_POINT('',(-3.852948884447E0,6.481376063078E0,
-9.214014353768E-2));
#6737=CARTESIAN_POINT('',(-3.852034004475E0,6.474121212656E0,
-1.044265768237E-1));
#6738=CARTESIAN_POINT('',(-3.851236110123E0,6.467775951327E0,
-1.171628165982E-1));
#6739=CARTESIAN_POINT('',(-3.850554473544E0,6.462341785778E0,
-1.303441551445E-1));
#6740=CARTESIAN_POINT('',(-3.849994864600E0,6.457871117631E0,
-1.438399491657E-1));
#6741=CARTESIAN_POINT('',(-3.849556537206E0,6.454363457930E0,
-1.576462812290E-1));
#6742=CARTESIAN_POINT('',(-3.849243013605E0,6.451851322702E0,
-1.716369351384E-1));
#6743=CARTESIAN_POINT('',(-3.849054125412E0,6.450336551385E0,
-1.857877968311E-1));
#6744=CARTESIAN_POINT('',(-3.849012176349E0,6.45E0,-1.952627332102E-1));
#6745=CARTESIAN_POINT('',(-3.849012176349E0,6.45E0,-2.E-1));
#6747=DIRECTION('',(1.E0,0.E0,0.E0));
#6748=VECTOR('',#6747,2.801975647301E0);
#6749=CARTESIAN_POINT('',(-6.650987823651E0,6.45E0,-2.E-1));
#6750=LINE('',#6749,#6748);
#6751=CARTESIAN_POINT('',(-6.650987823651E0,6.45E0,-2.E-1));
#6752=CARTESIAN_POINT('',(-6.650987823651E0,6.45E0,-1.952627289791E-1));
#6753=CARTESIAN_POINT('',(-6.650945874549E0,6.450336551702E0,
-1.857877838302E-1));
#6754=CARTESIAN_POINT('',(-6.650756985707E0,6.451851328218E0,
-1.716368939188E-1));
#6755=CARTESIAN_POINT('',(-6.650443461680E0,6.454363466845E0,
-1.576462404362E-1));
#6756=CARTESIAN_POINT('',(-6.650005133523E0,6.457871132654E0,
-1.438398939943E-1));
#6757=CARTESIAN_POINT('',(-6.649445522438E0,6.462341817829E0,
-1.303440708674E-1));
#6758=CARTESIAN_POINT('',(-6.648763887177E0,6.467775972867E0,
-1.171627650270E-1));
#6759=CARTESIAN_POINT('',(-6.647965985738E0,6.474121290338E0,
-1.044264364309E-1));
#6760=CARTESIAN_POINT('',(-6.647051112763E0,6.481376085257E0,
-9.214010445670E-2));
#6761=CARTESIAN_POINT('',(-6.646026171121E0,6.489477625077E0,
-8.041607347239E-2));
#6762=CARTESIAN_POINT('',(-6.644892166567E0,6.498409463700E0,
-6.927781947839E-2));
#6763=CARTESIAN_POINT('',(-6.643655150699E0,6.508114959773E0,
-5.880314800497E-2));
#6764=CARTESIAN_POINT('',(-6.642320166246E0,6.518545557768E0,
-4.904345180921E-2));
#6765=CARTESIAN_POINT('',(-6.640890542124E0,6.529666031175E0,
-4.003794181355E-2));
#6766=CARTESIAN_POINT('',(-6.639376345149E0,6.541389279659E0,
-3.185715851195E-2));
#6767=CARTESIAN_POINT('',(-6.637778237883E0,6.553701512973E0,
-2.451511811990E-2));
#6768=CARTESIAN_POINT('',(-6.636110427135E0,6.566485347196E0,
-1.808312884393E-2));
#6769=CARTESIAN_POINT('',(-6.634372462886E0,6.579736875031E0,
-1.256564729713E-2));
#6770=CARTESIAN_POINT('',(-6.632580633661E0,6.593325446809E0,
-8.019365620827E-3));
#6771=CARTESIAN_POINT('',(-6.630735586455E0,6.607240719981E0,
-4.448595925760E-3));
#6772=CARTESIAN_POINT('',(-6.628853269963E0,6.621357944370E0,
-1.888180353864E-3));
#6773=CARTESIAN_POINT('',(-6.626937646701E0,6.635644322739E0,
-3.434777384762E-4));
#6774=CARTESIAN_POINT('',(-6.625647176097E0,6.645214186103E0,0.E0));
#6775=CARTESIAN_POINT('',(-6.625E0,6.65E0,0.E0));
#6777=CARTESIAN_POINT('',(-3.75E-1,6.65E0,0.E0));
#6778=CARTESIAN_POINT('',(-3.743528191867E-1,6.645214151225E0,0.E0));
#6779=CARTESIAN_POINT('',(-3.730623409980E-1,6.635644231458E0,
-3.434816922941E-4));
#6780=CARTESIAN_POINT('',(-3.711467067514E-1,6.621357770204E0,
-1.888205774312E-3));
#6781=CARTESIAN_POINT('',(-3.692643953920E-1,6.607240583587E0,
-4.448623909869E-3));
#6782=CARTESIAN_POINT('',(-3.674193269410E-1,6.593325149035E0,
-8.019450770923E-3));
#6783=CARTESIAN_POINT('',(-3.656275050031E-1,6.579736630603E0,
-1.256574270594E-2));
#6784=CARTESIAN_POINT('',(-3.638895513079E-1,6.566485182520E0,
-1.808320196332E-2));
#6785=CARTESIAN_POINT('',(-3.622217273139E-1,6.553701245391E0,
-2.451526763525E-2));
#6786=CARTESIAN_POINT('',(-3.606236436861E-1,6.541389193477E0,
-3.185721237692E-2));
#6787=CARTESIAN_POINT('',(-3.591094232136E-1,6.529665762131E0,
-4.003814610292E-2));
#6788=CARTESIAN_POINT('',(-3.576798290540E-1,6.518545521108E0,
-4.904348278985E-2));
#6789=CARTESIAN_POINT('',(-3.563448170383E-1,6.508114707211E0,
-5.880340168345E-2));
#6790=CARTESIAN_POINT('',(-3.551078309571E-1,6.498409444113E0,
-6.927784547038E-2));
#6791=CARTESIAN_POINT('',(-3.539738092036E-1,6.489477469904E0,
-8.041627950552E-2));
#6792=CARTESIAN_POINT('',(-3.529488844471E-1,6.481376063078E0,
-9.214014353768E-2));
#6793=CARTESIAN_POINT('',(-3.520340044750E-1,6.474121212656E0,
-1.044265768237E-1));
#6794=CARTESIAN_POINT('',(-3.512361101228E-1,6.467775951327E0,
-1.171628165982E-1));
#6795=CARTESIAN_POINT('',(-3.505544735440E-1,6.462341785778E0,
-1.303441551445E-1));
#6796=CARTESIAN_POINT('',(-3.499948646E-1,6.457871117631E0,-1.438399491657E-1));
#6797=CARTESIAN_POINT('',(-3.495565372063E-1,6.454363457930E0,
-1.576462812290E-1));
#6798=CARTESIAN_POINT('',(-3.492430136052E-1,6.451851322702E0,
-1.716369351384E-1));
#6799=CARTESIAN_POINT('',(-3.490541254118E-1,6.450336551385E0,
-1.857877968311E-1));
#6800=CARTESIAN_POINT('',(-3.490121763494E-1,6.45E0,-1.952627332102E-1));
#6801=CARTESIAN_POINT('',(-3.490121763494E-1,6.45E0,-2.E-1));
#6803=DIRECTION('',(1.E0,0.E0,0.E0));
#6804=VECTOR('',#6803,2.801975647301E0);
#6805=CARTESIAN_POINT('',(-3.150987823651E0,6.45E0,-2.E-1));
#6806=LINE('',#6805,#6804);
#6807=CARTESIAN_POINT('',(-3.150987823651E0,6.45E0,-2.E-1));
#6808=CARTESIAN_POINT('',(-3.150987823651E0,6.45E0,-1.952627289791E-1));
#6809=CARTESIAN_POINT('',(-3.150945874549E0,6.450336551702E0,
-1.857877838302E-1));
#6810=CARTESIAN_POINT('',(-3.150756985707E0,6.451851328218E0,
-1.716368939188E-1));
#6811=CARTESIAN_POINT('',(-3.150443461680E0,6.454363466845E0,
-1.576462404362E-1));
#6812=CARTESIAN_POINT('',(-3.150005133523E0,6.457871132654E0,
-1.438398939943E-1));
#6813=CARTESIAN_POINT('',(-3.149445522438E0,6.462341817829E0,
-1.303440708674E-1));
#6814=CARTESIAN_POINT('',(-3.148763887177E0,6.467775972867E0,
-1.171627650270E-1));
#6815=CARTESIAN_POINT('',(-3.147965985738E0,6.474121290338E0,
-1.044264364309E-1));
#6816=CARTESIAN_POINT('',(-3.147051112763E0,6.481376085257E0,
-9.214010445670E-2));
#6817=CARTESIAN_POINT('',(-3.146026171121E0,6.489477625077E0,
-8.041607347240E-2));
#6818=CARTESIAN_POINT('',(-3.144892166567E0,6.498409463700E0,
-6.927781947839E-2));
#6819=CARTESIAN_POINT('',(-3.143655150699E0,6.508114959773E0,
-5.880314800497E-2));
#6820=CARTESIAN_POINT('',(-3.142320166246E0,6.518545557768E0,
-4.904345180921E-2));
#6821=CARTESIAN_POINT('',(-3.140890542124E0,6.529666031175E0,
-4.003794181355E-2));
#6822=CARTESIAN_POINT('',(-3.139376345149E0,6.541389279659E0,
-3.185715851196E-2));
#6823=CARTESIAN_POINT('',(-3.137778237883E0,6.553701512973E0,
-2.451511811990E-2));
#6824=CARTESIAN_POINT('',(-3.136110427135E0,6.566485347196E0,
-1.808312884393E-2));
#6825=CARTESIAN_POINT('',(-3.134372462886E0,6.579736875031E0,
-1.256564729712E-2));
#6826=CARTESIAN_POINT('',(-3.132580633661E0,6.593325446809E0,
-8.019365620828E-3));
#6827=CARTESIAN_POINT('',(-3.130735586455E0,6.607240719981E0,
-4.448595925763E-3));
#6828=CARTESIAN_POINT('',(-3.128853269963E0,6.621357944370E0,
-1.888180353863E-3));
#6829=CARTESIAN_POINT('',(-3.126937646701E0,6.635644322739E0,
-3.434777384769E-4));
#6830=CARTESIAN_POINT('',(-3.125647176097E0,6.645214186103E0,0.E0));
#6831=CARTESIAN_POINT('',(-3.125E0,6.65E0,0.E0));
#6833=CARTESIAN_POINT('',(3.125E0,6.65E0,0.E0));
#6834=CARTESIAN_POINT('',(3.125647180813E0,6.645214151225E0,0.E0));
#6835=CARTESIAN_POINT('',(3.126937659002E0,6.635644231458E0,
-3.434816922938E-4));
#6836=CARTESIAN_POINT('',(3.128853293249E0,6.621357770204E0,
-1.888205774315E-3));
#6837=CARTESIAN_POINT('',(3.130735604608E0,6.607240583587E0,
-4.448623909870E-3));
#6838=CARTESIAN_POINT('',(3.132580673059E0,6.593325149035E0,
-8.019450770920E-3));
#6839=CARTESIAN_POINT('',(3.134372494997E0,6.579736630603E0,
-1.256574270595E-2));
#6840=CARTESIAN_POINT('',(3.136110448692E0,6.566485182520E0,
-1.808320196331E-2));
#6841=CARTESIAN_POINT('',(3.137778272686E0,6.553701245391E0,
-2.451526763526E-2));
#6842=CARTESIAN_POINT('',(3.139376356314E0,6.541389193477E0,
-3.185721237692E-2));
#6843=CARTESIAN_POINT('',(3.140890576786E0,6.529665762131E0,
-4.003814610292E-2));
#6844=CARTESIAN_POINT('',(3.142320170946E0,6.518545521108E0,
-4.904348278985E-2));
#6845=CARTESIAN_POINT('',(3.143655182962E0,6.508114707211E0,
-5.880340168345E-2));
#6846=CARTESIAN_POINT('',(3.144892169043E0,6.498409444113E0,
-6.927784547038E-2));
#6847=CARTESIAN_POINT('',(3.146026190796E0,6.489477469904E0,
-8.041627950552E-2));
#6848=CARTESIAN_POINT('',(3.147051115553E0,6.481376063078E0,
-9.214014353768E-2));
#6849=CARTESIAN_POINT('',(3.147965995525E0,6.474121212656E0,
-1.044265768237E-1));
#6850=CARTESIAN_POINT('',(3.148763889877E0,6.467775951327E0,
-1.171628165982E-1));
#6851=CARTESIAN_POINT('',(3.149445526456E0,6.462341785778E0,
-1.303441551445E-1));
#6852=CARTESIAN_POINT('',(3.150005135400E0,6.457871117631E0,
-1.438399491657E-1));
#6853=CARTESIAN_POINT('',(3.150443462794E0,6.454363457930E0,
-1.576462812290E-1));
#6854=CARTESIAN_POINT('',(3.150756986395E0,6.451851322702E0,
-1.716369351384E-1));
#6855=CARTESIAN_POINT('',(3.150945874588E0,6.450336551385E0,
-1.857877968311E-1));
#6856=CARTESIAN_POINT('',(3.150987823651E0,6.45E0,-1.952627332102E-1));
#6857=CARTESIAN_POINT('',(3.150987823651E0,6.45E0,-2.E-1));
#6859=DIRECTION('',(1.E0,0.E0,0.E0));
#6860=VECTOR('',#6859,2.801975647301E0);
#6861=CARTESIAN_POINT('',(3.490121763494E-1,6.45E0,-2.E-1));
#6862=LINE('',#6861,#6860);
#6863=CARTESIAN_POINT('',(3.490121763494E-1,6.45E0,-2.E-1));
#6864=CARTESIAN_POINT('',(3.490121763494E-1,6.45E0,-1.952627289791E-1));
#6865=CARTESIAN_POINT('',(3.490541254513E-1,6.450336551702E0,
-1.857877838302E-1));
#6866=CARTESIAN_POINT('',(3.492430142932E-1,6.451851328218E0,
-1.716368939188E-1));
#6867=CARTESIAN_POINT('',(3.495565383198E-1,6.454363466845E0,
-1.576462404362E-1));
#6868=CARTESIAN_POINT('',(3.499948664772E-1,6.457871132654E0,
-1.438398939943E-1));
#6869=CARTESIAN_POINT('',(3.505544775618E-1,6.462341817829E0,
-1.303440708674E-1));
#6870=CARTESIAN_POINT('',(3.512361128229E-1,6.467775972867E0,
-1.171627650270E-1));
#6871=CARTESIAN_POINT('',(3.520340142623E-1,6.474121290338E0,
-1.044264364309E-1));
#6872=CARTESIAN_POINT('',(3.529488872369E-1,6.481376085257E0,
-9.214010445670E-2));
#6873=CARTESIAN_POINT('',(3.539738288786E-1,6.489477625077E0,
-8.041607347240E-2));
#6874=CARTESIAN_POINT('',(3.551078334325E-1,6.498409463700E0,
-6.927781947839E-2));
#6875=CARTESIAN_POINT('',(3.563448493007E-1,6.508114959773E0,
-5.880314800498E-2));
#6876=CARTESIAN_POINT('',(3.576798337536E-1,6.518545557768E0,
-4.904345180921E-2));
#6877=CARTESIAN_POINT('',(3.591094578763E-1,6.529666031175E0,
-4.003794181355E-2));
#6878=CARTESIAN_POINT('',(3.606236548507E-1,6.541389279659E0,
-3.185715851195E-2));
#6879=CARTESIAN_POINT('',(3.622217621173E-1,6.553701512973E0,
-2.451511811990E-2));
#6880=CARTESIAN_POINT('',(3.638895728655E-1,6.566485347196E0,
-1.808312884393E-2));
#6881=CARTESIAN_POINT('',(3.656275371138E-1,6.579736875031E0,
-1.256564729713E-2));
#6882=CARTESIAN_POINT('',(3.674193663392E-1,6.593325446809E0,
-8.019365620828E-3));
#6883=CARTESIAN_POINT('',(3.692644135449E-1,6.607240719981E0,
-4.448595925763E-3));
#6884=CARTESIAN_POINT('',(3.711467300369E-1,6.621357944370E0,
-1.888180353863E-3));
#6885=CARTESIAN_POINT('',(3.730623532995E-1,6.635644322739E0,
-3.434777384770E-4));
#6886=CARTESIAN_POINT('',(3.743528239032E-1,6.645214186103E0,0.E0));
#6887=CARTESIAN_POINT('',(3.75E-1,6.65E0,0.E0));
#6889=CARTESIAN_POINT('',(7.349012176349E0,6.45E0,-2.E-1));
#6890=CARTESIAN_POINT('',(7.349012176349E0,6.45E0,-1.952627289791E-1));
#6891=CARTESIAN_POINT('',(7.349054125451E0,6.450336551702E0,
-1.857877838302E-1));
#6892=CARTESIAN_POINT('',(7.349243014293E0,6.451851328218E0,
-1.716368939188E-1));
#6893=CARTESIAN_POINT('',(7.349556538320E0,6.454363466845E0,
-1.576462404362E-1));
#6894=CARTESIAN_POINT('',(7.349994866477E0,6.457871132654E0,
-1.438398939943E-1));
#6895=CARTESIAN_POINT('',(7.350554477562E0,6.462341817829E0,
-1.303440708674E-1));
#6896=CARTESIAN_POINT('',(7.351236112823E0,6.467775972867E0,
-1.171627650270E-1));
#6897=CARTESIAN_POINT('',(7.352034014262E0,6.474121290338E0,
-1.044264364309E-1));
#6898=CARTESIAN_POINT('',(7.352948887237E0,6.481376085257E0,
-9.214010445670E-2));
#6899=CARTESIAN_POINT('',(7.353973828879E0,6.489477625077E0,
-8.041607347240E-2));
#6900=CARTESIAN_POINT('',(7.355107833433E0,6.498409463700E0,
-6.927781947839E-2));
#6901=CARTESIAN_POINT('',(7.356344849301E0,6.508114959773E0,
-5.880314800497E-2));
#6902=CARTESIAN_POINT('',(7.357679833754E0,6.518545557768E0,
-4.904345180921E-2));
#6903=CARTESIAN_POINT('',(7.359109457876E0,6.529666031175E0,
-4.003794181355E-2));
#6904=CARTESIAN_POINT('',(7.360623654851E0,6.541389279659E0,
-3.185715851195E-2));
#6905=CARTESIAN_POINT('',(7.362221762117E0,6.553701512973E0,
-2.451511811991E-2));
#6906=CARTESIAN_POINT('',(7.363889572865E0,6.566485347196E0,
-1.808312884393E-2));
#6907=CARTESIAN_POINT('',(7.365627537114E0,6.579736875031E0,
-1.256564729712E-2));
#6908=CARTESIAN_POINT('',(7.367419366339E0,6.593325446809E0,
-8.019365620828E-3));
#6909=CARTESIAN_POINT('',(7.369264413545E0,6.607240719981E0,
-4.448595925760E-3));
#6910=CARTESIAN_POINT('',(7.371146730037E0,6.621357944370E0,
-1.888180353863E-3));
#6911=CARTESIAN_POINT('',(7.373062353299E0,6.635644322739E0,
-3.434777384766E-4));
#6912=CARTESIAN_POINT('',(7.374352823903E0,6.645214186103E0,0.E0));
#6913=CARTESIAN_POINT('',(7.375E0,6.65E0,0.E0));
#6915=CARTESIAN_POINT('',(9.895E0,6.65E0,0.E0));
#6916=CARTESIAN_POINT('',(9.895288206578E0,6.645008576147E0,0.E0));
#6917=CARTESIAN_POINT('',(9.895862928338E0,6.635026134964E0,
-3.737496918806E-4));
#6918=CARTESIAN_POINT('',(9.896715474723E0,6.620131839628E0,
-2.053895759761E-3));
#6919=CARTESIAN_POINT('',(9.897552912757E0,6.605416565729E0,
-4.840702918367E-3));
#6920=CARTESIAN_POINT('',(9.898372242127E0,6.590936568644E0,
-8.724649817191E-3));
#6921=CARTESIAN_POINT('',(9.899167132128E0,6.576808798404E0,
-1.367275116355E-2));
#6922=CARTESIAN_POINT('',(9.899935917439E0,6.563069043248E0,
-1.967326166868E-2));
#6923=CARTESIAN_POINT('',(9.900671950500E0,6.549843525338E0,
-2.666959197141E-2));
#6924=CARTESIAN_POINT('',(9.901374556751E0,6.537152702531E0,
-3.465132847851E-2));
#6925=CARTESIAN_POINT('',(9.902037234419E0,6.525123156562E0,
-4.353762914936E-2));
#6926=CARTESIAN_POINT('',(9.902659922252E0,6.513765760943E0,
-5.332042120495E-2));
#6927=CARTESIAN_POINT('',(9.903236699066E0,6.503198595590E0,
-6.389710920809E-2));
#6928=CARTESIAN_POINT('',(9.903767760877E0,6.493428383211E0,
-7.526039570797E-2));
#6929=CARTESIAN_POINT('',(9.904248111705E0,6.484557171169E0,
-8.729120664969E-2));
#6930=CARTESIAN_POINT('',(9.904677926686E0,6.476591653296E0,
-9.997918788815E-2));
#6931=CARTESIAN_POINT('',(9.905053361831E0,6.469612349525E0,
-1.131964522296E-1));
#6932=CARTESIAN_POINT('',(9.905374411083E0,6.463628001212E0,
-1.269241516693E-1));
#6933=CARTESIAN_POINT('',(9.905638457540E0,6.458694976087E0,
-1.410346278797E-1));
#6934=CARTESIAN_POINT('',(9.905845299655E0,6.454823570895E0,
-1.554943380095E-1));
#6935=CARTESIAN_POINT('',(9.905993468403E0,6.452046479568E0,
-1.701854178978E-1));
#6936=CARTESIAN_POINT('',(9.906082706943E0,6.450372347556E0,
-1.850537932120E-1));
#6937=CARTESIAN_POINT('',(9.906102545389E0,6.45E0,-1.950179465734E-1));
#6938=CARTESIAN_POINT('',(9.906102545389E0,6.45E0,-2.E-1));
#6940=DIRECTION('',(1.E0,0.E0,0.E0));
#6941=VECTOR('',#6940,2.557090369040E0);
#6942=CARTESIAN_POINT('',(7.349012176349E0,6.45E0,-2.E-1));
#6943=LINE('',#6942,#6941);
#6944=CARTESIAN_POINT('',(6.625E0,6.65E0,0.E0));
#6945=CARTESIAN_POINT('',(6.625647180813E0,6.645214151225E0,0.E0));
#6946=CARTESIAN_POINT('',(6.626937659002E0,6.635644231458E0,
-3.434816922938E-4));
#6947=CARTESIAN_POINT('',(6.628853293249E0,6.621357770204E0,
-1.888205774315E-3));
#6948=CARTESIAN_POINT('',(6.630735604608E0,6.607240583587E0,
-4.448623909869E-3));
#6949=CARTESIAN_POINT('',(6.632580673059E0,6.593325149035E0,
-8.019450770921E-3));
#6950=CARTESIAN_POINT('',(6.634372494997E0,6.579736630603E0,
-1.256574270595E-2));
#6951=CARTESIAN_POINT('',(6.636110448692E0,6.566485182520E0,
-1.808320196331E-2));
#6952=CARTESIAN_POINT('',(6.637778272686E0,6.553701245391E0,
-2.451526763526E-2));
#6953=CARTESIAN_POINT('',(6.639376356314E0,6.541389193477E0,
-3.185721237692E-2));
#6954=CARTESIAN_POINT('',(6.640890576786E0,6.529665762131E0,
-4.003814610291E-2));
#6955=CARTESIAN_POINT('',(6.642320170946E0,6.518545521108E0,
-4.904348278985E-2));
#6956=CARTESIAN_POINT('',(6.643655182962E0,6.508114707211E0,
-5.880340168345E-2));
#6957=CARTESIAN_POINT('',(6.644892169043E0,6.498409444113E0,
-6.927784547038E-2));
#6958=CARTESIAN_POINT('',(6.646026190796E0,6.489477469904E0,
-8.041627950552E-2));
#6959=CARTESIAN_POINT('',(6.647051115553E0,6.481376063078E0,
-9.214014353768E-2));
#6960=CARTESIAN_POINT('',(6.647965995525E0,6.474121212656E0,
-1.044265768237E-1));
#6961=CARTESIAN_POINT('',(6.648763889877E0,6.467775951327E0,
-1.171628165982E-1));
#6962=CARTESIAN_POINT('',(6.649445526456E0,6.462341785778E0,
-1.303441551445E-1));
#6963=CARTESIAN_POINT('',(6.650005135400E0,6.457871117631E0,
-1.438399491657E-1));
#6964=CARTESIAN_POINT('',(6.650443462794E0,6.454363457930E0,
-1.576462812290E-1));
#6965=CARTESIAN_POINT('',(6.650756986395E0,6.451851322702E0,
-1.716369351384E-1));
#6966=CARTESIAN_POINT('',(6.650945874588E0,6.450336551385E0,
-1.857877968311E-1));
#6967=CARTESIAN_POINT('',(6.650987823651E0,6.45E0,-1.952627332102E-1));
#6968=CARTESIAN_POINT('',(6.650987823651E0,6.45E0,-2.E-1));
#6970=DIRECTION('',(1.E0,0.E0,0.E0));
#6971=VECTOR('',#6970,2.801975647301E0);
#6972=CARTESIAN_POINT('',(3.849012176349E0,6.45E0,-2.E-1));
#6973=LINE('',#6972,#6971);
#6974=CARTESIAN_POINT('',(3.849012176349E0,6.45E0,-2.E-1));
#6975=CARTESIAN_POINT('',(3.849012176349E0,6.45E0,-1.952627289791E-1));
#6976=CARTESIAN_POINT('',(3.849054125451E0,6.450336551702E0,
-1.857877838302E-1));
#6977=CARTESIAN_POINT('',(3.849243014293E0,6.451851328218E0,
-1.716368939188E-1));
#6978=CARTESIAN_POINT('',(3.849556538320E0,6.454363466845E0,
-1.576462404362E-1));
#6979=CARTESIAN_POINT('',(3.849994866477E0,6.457871132654E0,
-1.438398939943E-1));
#6980=CARTESIAN_POINT('',(3.850554477562E0,6.462341817829E0,
-1.303440708674E-1));
#6981=CARTESIAN_POINT('',(3.851236112823E0,6.467775972867E0,
-1.171627650270E-1));
#6982=CARTESIAN_POINT('',(3.852034014262E0,6.474121290338E0,
-1.044264364309E-1));
#6983=CARTESIAN_POINT('',(3.852948887237E0,6.481376085257E0,
-9.214010445670E-2));
#6984=CARTESIAN_POINT('',(3.853973828879E0,6.489477625077E0,
-8.041607347240E-2));
#6985=CARTESIAN_POINT('',(3.855107833433E0,6.498409463700E0,
-6.927781947839E-2));
#6986=CARTESIAN_POINT('',(3.856344849301E0,6.508114959773E0,
-5.880314800497E-2));
#6987=CARTESIAN_POINT('',(3.857679833754E0,6.518545557768E0,
-4.904345180921E-2));
#6988=CARTESIAN_POINT('',(3.859109457876E0,6.529666031175E0,
-4.003794181355E-2));
#6989=CARTESIAN_POINT('',(3.860623654851E0,6.541389279659E0,
-3.185715851195E-2));
#6990=CARTESIAN_POINT('',(3.862221762117E0,6.553701512973E0,
-2.451511811991E-2));
#6991=CARTESIAN_POINT('',(3.863889572865E0,6.566485347196E0,
-1.808312884393E-2));
#6992=CARTESIAN_POINT('',(3.865627537114E0,6.579736875031E0,
-1.256564729712E-2));
#6993=CARTESIAN_POINT('',(3.867419366339E0,6.593325446809E0,
-8.019365620829E-3));
#6994=CARTESIAN_POINT('',(3.869264413545E0,6.607240719981E0,
-4.448595925760E-3));
#6995=CARTESIAN_POINT('',(3.871146730037E0,6.621357944370E0,
-1.888180353863E-3));
#6996=CARTESIAN_POINT('',(3.873062353299E0,6.635644322739E0,
-3.434777384767E-4));
#6997=CARTESIAN_POINT('',(3.874352823903E0,6.645214186103E0,0.E0));
#6998=CARTESIAN_POINT('',(3.875E0,6.65E0,0.E0));
#7000=CARTESIAN_POINT('',(-6.8E0,4.05E0,-5.316507068989E-1));
#7001=CARTESIAN_POINT('',(-6.8E0,4.168679252391E0,-5.585942031449E-1));
#7002=CARTESIAN_POINT('',(-6.797825458237E0,4.405945881219E0,
-6.124605297988E-1));
#7003=CARTESIAN_POINT('',(-6.788011266714E0,4.762248621768E0,
-6.929745112635E-1));
#7004=CARTESIAN_POINT('',(-6.771726902641E0,5.116786672943E0,
-7.723361835759E-1));
#7005=CARTESIAN_POINT('',(-6.749119813428E0,5.468776380032E0,
-8.500042584344E-1));
#7006=CARTESIAN_POINT('',(-6.720357583647E0,5.817634375340E0,
-9.254929980344E-1));
#7007=CARTESIAN_POINT('',(-6.697230316774E0,6.047626057705E0,
-9.740304129676E-1));
#7008=CARTESIAN_POINT('',(-6.684704375560E0,6.162010633810E0,
-9.978032225675E-1));
#7010=DIRECTION('',(0.E0,-1.E0,0.E0));
#7011=VECTOR('',#7010,3.216666666667E0);
#7012=CARTESIAN_POINT('',(-6.383333333333E0,5.658333333333E0,
-1.343883568966E0));
#7013=LINE('',#7012,#7011);
#7014=CARTESIAN_POINT('',(-6.684704375560E0,1.937989366190E0,
-9.978032225675E-1));
#7015=CARTESIAN_POINT('',(-6.697230298463E0,2.052373775085E0,
-9.740304477193E-1));
#7016=CARTESIAN_POINT('',(-6.720357556115E0,2.282365307274E0,
-9.254930663757E-1));
#7017=CARTESIAN_POINT('',(-6.749119837401E0,2.631223889770E0,
-8.500042004742E-1));
#7018=CARTESIAN_POINT('',(-6.771726955666E0,2.983214221356E0,
-7.723359851609E-1));
#7019=CARTESIAN_POINT('',(-6.788011292929E0,3.337752296173E0,
-6.929743038493E-1));
#7020=CARTESIAN_POINT('',(-6.797825436861E0,3.694053270263E0,
-6.124607217554E-1));
#7021=CARTESIAN_POINT('',(-6.8E0,3.931320350069E0,-5.585942933977E-1));
#7022=CARTESIAN_POINT('',(-6.8E0,4.05E0,-5.316507068989E-1));
#7024=DIRECTION('',(0.E0,-1.E0,0.E0));
#7025=VECTOR('',#7024,2.8E0);
#7026=CARTESIAN_POINT('',(-6.175E0,5.45E0,-1.75E0));
#7027=LINE('',#7026,#7025);
#7028=CARTESIAN_POINT('',(-3.152956244395E-1,6.162010633810E0,
-9.978032225675E-1));
#7029=CARTESIAN_POINT('',(-3.027696700398E-1,6.047625937290E0,
-9.740303879415E-1));
#7030=CARTESIAN_POINT('',(-2.796423781878E-1,5.817633981260E0,
-9.254929143750E-1));
#7031=CARTESIAN_POINT('',(-2.508801274067E-1,5.468775616086E0,
-8.500040921094E-1));
#7032=CARTESIAN_POINT('',(-2.282730086227E-1,5.116785162533E0,
-7.723358485608E-1));
#7033=CARTESIAN_POINT('',(-2.119886505941E-1,4.762246402030E0,
-6.929740117200E-1));
#7034=CARTESIAN_POINT('',(-2.021745168733E-1,4.405944168412E0,
-6.124601410827E-1));
#7035=CARTESIAN_POINT('',(-2.E-1,4.168678560539E0,-5.585940460753E-1));
#7036=CARTESIAN_POINT('',(-2.E-1,4.05E0,-5.316507068989E-1));
#7038=CARTESIAN_POINT('',(-2.E-1,4.05E0,-5.316507068989E-1));
#7039=CARTESIAN_POINT('',(-2.E-1,3.931321805837E0,-5.585939628976E-1));
#7040=CARTESIAN_POINT('',(-2.021744969897E-1,3.694056604081E0,
-6.124599663506E-1));
#7041=CARTESIAN_POINT('',(-2.119886776861E-1,3.337752660456E0,
-6.929742235256E-1));
#7042=CARTESIAN_POINT('',(-2.282730642746E-1,2.983213889737E0,
-7.723360589100E-1));
#7043=CARTESIAN_POINT('',(-2.508801573191E-1,2.631224032667E0,
-8.500041678948E-1));
#7044=CARTESIAN_POINT('',(-2.796423568473E-1,2.282366270900E0,
-9.254928599215E-1));
#7045=CARTESIAN_POINT('',(-3.027696546280E-1,2.052374203448E0,
-9.740303586916E-1));
#7046=CARTESIAN_POINT('',(-3.152956244395E-1,1.937989366190E0,
-9.978032225675E-1));
#7048=DIRECTION('',(0.E0,-1.E0,0.E0));
#7049=VECTOR('',#7048,3.216666666667E0);
#7050=CARTESIAN_POINT('',(-6.166666666667E-1,5.658333333333E0,
-1.343883568966E0));
#7051=LINE('',#7050,#7049);
#7052=DIRECTION('',(0.E0,-1.E0,0.E0));
#7053=VECTOR('',#7052,2.8E0);
#7054=CARTESIAN_POINT('',(-8.25E-1,5.45E0,-1.75E0));
#7055=LINE('',#7054,#7053);
#7056=CARTESIAN_POINT('',(-3.3E0,4.05E0,-5.316507068989E-1));
#7057=CARTESIAN_POINT('',(-3.3E0,4.168679252389E0,-5.585942031445E-1));
#7058=CARTESIAN_POINT('',(-3.297825458238E0,4.405945881215E0,
-6.124605297980E-1));
#7059=CARTESIAN_POINT('',(-3.288011266714E0,4.762248621763E0,
-6.929745112624E-1));
#7060=CARTESIAN_POINT('',(-3.271726902642E0,5.116786672939E0,
-7.723361835751E-1));
#7061=CARTESIAN_POINT('',(-3.249119813428E0,5.468776380030E0,
-8.500042584339E-1));
#7062=CARTESIAN_POINT('',(-3.220357583647E0,5.817634375339E0,
-9.254929980342E-1));
#7063=CARTESIAN_POINT('',(-3.197230316774E0,6.047626057704E0,
-9.740304129675E-1));
#7064=CARTESIAN_POINT('',(-3.184704375560E0,6.162010633810E0,
-9.978032225675E-1));
#7066=DIRECTION('',(0.E0,-1.E0,0.E0));
#7067=VECTOR('',#7066,3.216666666667E0);
#7068=CARTESIAN_POINT('',(-2.883333333333E0,5.658333333333E0,
-1.343883568966E0));
#7069=LINE('',#7068,#7067);
#7070=CARTESIAN_POINT('',(-3.184704375560E0,1.937989366190E0,
-9.978032225675E-1));
#7071=CARTESIAN_POINT('',(-3.197230298463E0,2.052373775085E0,
-9.740304477192E-1));
#7072=CARTESIAN_POINT('',(-3.220357556115E0,2.282365307275E0,
-9.254930663754E-1));
#7073=CARTESIAN_POINT('',(-3.249119837401E0,2.631223889773E0,
-8.500042004736E-1));
#7074=CARTESIAN_POINT('',(-3.271726955666E0,2.983214221360E0,
-7.723359851600E-1));
#7075=CARTESIAN_POINT('',(-3.288011292929E0,3.337752296179E0,
-6.929743038481E-1));
#7076=CARTESIAN_POINT('',(-3.297825436862E0,3.694053270267E0,
-6.124607217545E-1));
#7077=CARTESIAN_POINT('',(-3.3E0,3.931320350071E0,-5.585942933972E-1));
#7078=CARTESIAN_POINT('',(-3.3E0,4.05E0,-5.316507068989E-1));
#7080=DIRECTION('',(0.E0,-1.E0,0.E0));
#7081=VECTOR('',#7080,2.8E0);
#7082=CARTESIAN_POINT('',(-2.675E0,5.45E0,-1.75E0));
#7083=LINE('',#7082,#7081);
#7084=CARTESIAN_POINT('',(3.184704375560E0,6.162010633810E0,
-9.978032225675E-1));
#7085=CARTESIAN_POINT('',(3.197230329960E0,6.047625937290E0,
-9.740303879415E-1));
#7086=CARTESIAN_POINT('',(3.220357621812E0,5.817633981260E0,
-9.254929143750E-1));
#7087=CARTESIAN_POINT('',(3.249119872593E0,5.468775616086E0,
-8.500040921094E-1));
#7088=CARTESIAN_POINT('',(3.271726991377E0,5.116785162533E0,
-7.723358485608E-1));
#7089=CARTESIAN_POINT('',(3.288011349406E0,4.762246402030E0,
-6.929740117201E-1));
#7090=CARTESIAN_POINT('',(3.297825483127E0,4.405944168412E0,
-6.124601410827E-1));
#7091=CARTESIAN_POINT('',(3.3E0,4.168678560539E0,-5.585940460753E-1));
#7092=CARTESIAN_POINT('',(3.3E0,4.05E0,-5.316507068989E-1));
#7094=CARTESIAN_POINT('',(3.3E0,4.05E0,-5.316507068989E-1));
#7095=CARTESIAN_POINT('',(3.3E0,3.931321805837E0,-5.585939628976E-1));
#7096=CARTESIAN_POINT('',(3.297825503010E0,3.694056604081E0,
-6.124599663506E-1));
#7097=CARTESIAN_POINT('',(3.288011322314E0,3.337752660456E0,
-6.929742235256E-1));
#7098=CARTESIAN_POINT('',(3.271726935725E0,2.983213889737E0,
-7.723360589100E-1));
#7099=CARTESIAN_POINT('',(3.249119842681E0,2.631224032667E0,
-8.500041678948E-1));
#7100=CARTESIAN_POINT('',(3.220357643153E0,2.282366270900E0,
-9.254928599215E-1));
#7101=CARTESIAN_POINT('',(3.197230345372E0,2.052374203448E0,
-9.740303586916E-1));
#7102=CARTESIAN_POINT('',(3.184704375560E0,1.937989366190E0,
-9.978032225675E-1));
#7104=DIRECTION('',(0.E0,-1.E0,0.E0));
#7105=VECTOR('',#7104,3.216666666667E0);
#7106=CARTESIAN_POINT('',(2.883333333333E0,5.658333333333E0,-1.343883568966E0));
#7107=LINE('',#7106,#7105);
#7108=DIRECTION('',(0.E0,-1.E0,0.E0));
#7109=VECTOR('',#7108,2.8E0);
#7110=CARTESIAN_POINT('',(2.675E0,5.45E0,-1.75E0));
#7111=LINE('',#7110,#7109);
#7112=CARTESIAN_POINT('',(2.E-1,4.05E0,-5.316507068989E-1));
#7113=CARTESIAN_POINT('',(2.E-1,4.168679252389E0,-5.585942031445E-1));
#7114=CARTESIAN_POINT('',(2.021745417625E-1,4.405945881215E0,
-6.124605297980E-1));
#7115=CARTESIAN_POINT('',(2.119887332855E-1,4.762248621763E0,
-6.929745112624E-1));
#7116=CARTESIAN_POINT('',(2.282730973584E-1,5.116786672939E0,
-7.723361835751E-1));
#7117=CARTESIAN_POINT('',(2.508801865723E-1,5.468776380030E0,
-8.500042584339E-1));
#7118=CARTESIAN_POINT('',(2.796424163532E-1,5.817634375339E0,
-9.254929980342E-1));
#7119=CARTESIAN_POINT('',(3.027696832261E-1,6.047626057704E0,
-9.740304129675E-1));
#7120=CARTESIAN_POINT('',(3.152956244395E-1,6.162010633810E0,
-9.978032225675E-1));
#7122=DIRECTION('',(0.E0,-1.E0,0.E0));
#7123=VECTOR('',#7122,3.216666666667E0);
#7124=CARTESIAN_POINT('',(6.166666666667E-1,5.658333333333E0,
-1.343883568966E0));
#7125=LINE('',#7124,#7123);
#7126=CARTESIAN_POINT('',(3.152956244395E-1,1.937989366190E0,
-9.978032225675E-1));
#7127=CARTESIAN_POINT('',(3.027697015368E-1,2.052373775085E0,
-9.740304477192E-1));
#7128=CARTESIAN_POINT('',(2.796424438851E-1,2.282365307275E0,
-9.254930663754E-1));
#7129=CARTESIAN_POINT('',(2.508801625990E-1,2.631223889773E0,
-8.500042004736E-1));
#7130=CARTESIAN_POINT('',(2.282730443336E-1,2.983214221360E0,
-7.723359851600E-1));
#7131=CARTESIAN_POINT('',(2.119887070706E-1,3.337752296179E0,
-6.929743038481E-1));
#7132=CARTESIAN_POINT('',(2.021745631384E-1,3.694053270267E0,
-6.124607217545E-1));
#7133=CARTESIAN_POINT('',(2.E-1,3.931320350071E0,-5.585942933972E-1));
#7134=CARTESIAN_POINT('',(2.E-1,4.05E0,-5.316507068989E-1));
#7136=DIRECTION('',(0.E0,-1.E0,0.E0));
#7137=VECTOR('',#7136,2.8E0);
#7138=CARTESIAN_POINT('',(8.25E-1,5.45E0,-1.75E0));
#7139=LINE('',#7138,#7137);
#7140=CARTESIAN_POINT('',(7.2E0,4.05E0,-5.316507068989E-1));
#7141=CARTESIAN_POINT('',(7.2E0,4.168679252389E0,-5.585942031445E-1));
#7142=CARTESIAN_POINT('',(7.202174541762E0,4.405945881215E0,
-6.124605297980E-1));
#7143=CARTESIAN_POINT('',(7.211988733286E0,4.762248621763E0,
-6.929745112624E-1));
#7144=CARTESIAN_POINT('',(7.228273097358E0,5.116786672939E0,
-7.723361835751E-1));
#7145=CARTESIAN_POINT('',(7.250880186572E0,5.468776380030E0,
-8.500042584339E-1));
#7146=CARTESIAN_POINT('',(7.279642416353E0,5.817634375339E0,
-9.254929980342E-1));
#7147=CARTESIAN_POINT('',(7.302769683226E0,6.047626057704E0,
-9.740304129675E-1));
#7148=CARTESIAN_POINT('',(7.315295624440E0,6.162010633810E0,
-9.978032225675E-1));
#7150=DIRECTION('',(0.E0,-1.E0,0.E0));
#7151=VECTOR('',#7150,3.216666666667E0);
#7152=CARTESIAN_POINT('',(7.616666666667E0,5.658333333333E0,-1.343883568966E0));
#7153=LINE('',#7152,#7151);
#7154=CARTESIAN_POINT('',(7.315295624440E0,1.937989366190E0,
-9.978032225675E-1));
#7155=CARTESIAN_POINT('',(7.302769701537E0,2.052373775085E0,
-9.740304477192E-1));
#7156=CARTESIAN_POINT('',(7.279642443885E0,2.282365307275E0,
-9.254930663754E-1));
#7157=CARTESIAN_POINT('',(7.250880162599E0,2.631223889773E0,
-8.500042004736E-1));
#7158=CARTESIAN_POINT('',(7.228273044334E0,2.983214221360E0,
-7.723359851600E-1));
#7159=CARTESIAN_POINT('',(7.211988707071E0,3.337752296179E0,
-6.929743038481E-1));
#7160=CARTESIAN_POINT('',(7.202174563138E0,3.694053270267E0,
-6.124607217545E-1));
#7161=CARTESIAN_POINT('',(7.2E0,3.931320350071E0,-5.585942933972E-1));
#7162=CARTESIAN_POINT('',(7.2E0,4.05E0,-5.316507068989E-1));
#7164=DIRECTION('',(0.E0,-1.E0,0.E0));
#7165=VECTOR('',#7164,2.8E0);
#7166=CARTESIAN_POINT('',(7.825E0,5.45E0,-1.75E0));
#7167=LINE('',#7166,#7165);
#7168=CARTESIAN_POINT('',(9.910298222632E0,6.369921018300E0,
-8.547960479320E-1));
#7169=CARTESIAN_POINT('',(9.920148091414E0,6.178672236546E0,
-8.250037583649E-1));
#7170=CARTESIAN_POINT('',(9.937470381688E0,5.794951475931E0,
-7.646497374318E-1));
#7171=CARTESIAN_POINT('',(9.956200999599E0,5.215058978907E0,
-6.721246754373E-1));
#7172=CARTESIAN_POINT('',(9.967487731203E0,4.632882040650E0,
-5.783540825989E-1));
#7173=CARTESIAN_POINT('',(9.97E0,4.244413759095E0,-5.154908406297E-1));
#7174=CARTESIAN_POINT('',(9.97E0,4.05E0,-4.840301433396E-1));
#7176=CARTESIAN_POINT('',(9.97E0,4.05E0,-4.840301433396E-1));
#7177=CARTESIAN_POINT('',(9.97E0,3.855585885787E0,-5.154908980961E-1));
#7178=CARTESIAN_POINT('',(9.967487721315E0,3.467117141095E0,
-5.783542148775E-1));
#7179=CARTESIAN_POINT('',(9.956200983547E0,2.884940497001E0,
-6.721247592386E-1));
#7180=CARTESIAN_POINT('',(9.937470380915E0,2.305048540198E0,
-7.646497346170E-1));
#7181=CARTESIAN_POINT('',(9.920148093178E0,1.921327797701E0,
-8.250037530300E-1));
#7182=CARTESIAN_POINT('',(9.910298222632E0,1.730078981700E0,
-8.547960479321E-1));
#7184=DIRECTION('',(0.E0,1.E0,0.E0));
#7185=VECTOR('',#7184,3.142030931562E0);
#7186=CARTESIAN_POINT('',(9.566015465781E0,2.478984534219E0,-1.373477522258E0));
#7187=LINE('',#7186,#7185);
#7188=DIRECTION('',(0.E0,1.E0,0.E0));
#7189=VECTOR('',#7188,2.8E0);
#7190=CARTESIAN_POINT('',(9.395E0,2.65E0,-1.75E0));
#7191=LINE('',#7190,#7189);
#7192=CARTESIAN_POINT('',(6.684704375560E0,6.162010633810E0,
-9.978032225675E-1));
#7193=CARTESIAN_POINT('',(6.697230329960E0,6.047625937290E0,
-9.740303879415E-1));
#7194=CARTESIAN_POINT('',(6.720357621812E0,5.817633981260E0,
-9.254929143750E-1));
#7195=CARTESIAN_POINT('',(6.749119872593E0,5.468775616086E0,
-8.500040921094E-1));
#7196=CARTESIAN_POINT('',(6.771726991377E0,5.116785162533E0,
-7.723358485608E-1));
#7197=CARTESIAN_POINT('',(6.788011349406E0,4.762246402030E0,
-6.929740117201E-1));
#7198=CARTESIAN_POINT('',(6.797825483127E0,4.405944168412E0,
-6.124601410827E-1));
#7199=CARTESIAN_POINT('',(6.8E0,4.168678560539E0,-5.585940460753E-1));
#7200=CARTESIAN_POINT('',(6.8E0,4.05E0,-5.316507068989E-1));
#7202=CARTESIAN_POINT('',(6.8E0,4.05E0,-5.316507068989E-1));
#7203=CARTESIAN_POINT('',(6.8E0,3.931321805837E0,-5.585939628976E-1));
#7204=CARTESIAN_POINT('',(6.797825503010E0,3.694056604081E0,
-6.124599663506E-1));
#7205=CARTESIAN_POINT('',(6.788011322314E0,3.337752660456E0,
-6.929742235256E-1));
#7206=CARTESIAN_POINT('',(6.771726935725E0,2.983213889737E0,
-7.723360589100E-1));
#7207=CARTESIAN_POINT('',(6.749119842681E0,2.631224032667E0,
-8.500041678948E-1));
#7208=CARTESIAN_POINT('',(6.720357643153E0,2.282366270900E0,
-9.254928599215E-1));
#7209=CARTESIAN_POINT('',(6.697230345372E0,2.052374203448E0,
-9.740303586916E-1));
#7210=CARTESIAN_POINT('',(6.684704375560E0,1.937989366190E0,
-9.978032225675E-1));
#7212=DIRECTION('',(0.E0,-1.E0,0.E0));
#7213=VECTOR('',#7212,3.216666666667E0);
#7214=CARTESIAN_POINT('',(6.383333333333E0,5.658333333333E0,-1.343883568966E0));
#7215=LINE('',#7214,#7213);
#7216=DIRECTION('',(0.E0,-1.E0,0.E0));
#7217=VECTOR('',#7216,2.8E0);
#7218=CARTESIAN_POINT('',(6.175E0,5.45E0,-1.75E0));
#7219=LINE('',#7218,#7217);
#7220=CARTESIAN_POINT('',(3.7E0,4.05E0,-5.316507068989E-1));
#7221=CARTESIAN_POINT('',(3.7E0,4.168679252389E0,-5.585942031445E-1));
#7222=CARTESIAN_POINT('',(3.702174541762E0,4.405945881215E0,
-6.124605297980E-1));
#7223=CARTESIAN_POINT('',(3.711988733286E0,4.762248621763E0,
-6.929745112624E-1));
#7224=CARTESIAN_POINT('',(3.728273097358E0,5.116786672939E0,
-7.723361835751E-1));
#7225=CARTESIAN_POINT('',(3.750880186572E0,5.468776380030E0,
-8.500042584339E-1));
#7226=CARTESIAN_POINT('',(3.779642416353E0,5.817634375339E0,
-9.254929980342E-1));
#7227=CARTESIAN_POINT('',(3.802769683226E0,6.047626057704E0,
-9.740304129675E-1));
#7228=CARTESIAN_POINT('',(3.815295624440E0,6.162010633810E0,
-9.978032225675E-1));
#7230=DIRECTION('',(0.E0,-1.E0,0.E0));
#7231=VECTOR('',#7230,3.216666666667E0);
#7232=CARTESIAN_POINT('',(4.116666666667E0,5.658333333333E0,-1.343883568966E0));
#7233=LINE('',#7232,#7231);
#7234=CARTESIAN_POINT('',(3.815295624440E0,1.937989366190E0,
-9.978032225675E-1));
#7235=CARTESIAN_POINT('',(3.802769701537E0,2.052373775085E0,
-9.740304477192E-1));
#7236=CARTESIAN_POINT('',(3.779642443885E0,2.282365307275E0,
-9.254930663754E-1));
#7237=CARTESIAN_POINT('',(3.750880162599E0,2.631223889773E0,
-8.500042004736E-1));
#7238=CARTESIAN_POINT('',(3.728273044334E0,2.983214221360E0,
-7.723359851600E-1));
#7239=CARTESIAN_POINT('',(3.711988707071E0,3.337752296179E0,
-6.929743038481E-1));
#7240=CARTESIAN_POINT('',(3.702174563138E0,3.694053270267E0,
-6.124607217545E-1));
#7241=CARTESIAN_POINT('',(3.7E0,3.931320350071E0,-5.585942933972E-1));
#7242=CARTESIAN_POINT('',(3.7E0,4.05E0,-5.316507068989E-1));
#7244=DIRECTION('',(0.E0,-1.E0,0.E0));
#7245=VECTOR('',#7244,2.8E0);
#7246=CARTESIAN_POINT('',(4.325E0,5.45E0,-1.75E0));
#7247=LINE('',#7246,#7245);
#7248=DIRECTION('',(0.E0,0.E0,1.E0));
#7249=VECTOR('',#7248,7.642213297207E-1);
#7250=CARTESIAN_POINT('',(8.2E0,-1.3E0,-8.2E0));
#7251=LINE('',#7250,#7249);
#7252=CARTESIAN_POINT('',(8.2E0,-1.3E0,-7.435778670279E0));
#7253=CARTESIAN_POINT('',(8.2E0,-1.303802312567E0,-7.435778670279E0));
#7254=CARTESIAN_POINT('',(8.199782885463E0,-1.311430193063E0,
-7.435995784817E0));
#7255=CARTESIAN_POINT('',(8.198797538867E0,-1.322889820217E0,
-7.436981131413E0));
#7256=CARTESIAN_POINT('',(8.197139404911E0,-1.334371060693E0,
-7.438639265368E0));
#7257=CARTESIAN_POINT('',(8.194788775744E0,-1.345867830683E0,
-7.440989894535E0));
#7258=CARTESIAN_POINT('',(8.191718211691E0,-1.357378049875E0,
-7.444060458589E0));
#7259=CARTESIAN_POINT('',(8.187892545548E0,-1.368894881343E0,
-7.447886124731E0));
#7260=CARTESIAN_POINT('',(8.183269076272E0,-1.380404574003E0,
-7.452509594007E0));
#7261=CARTESIAN_POINT('',(8.177804307149E0,-1.391874164650E0,
-7.457974363130E0));
#7262=CARTESIAN_POINT('',(8.171442632823E0,-1.403275236222E0,
-7.464336037456E0));
#7263=CARTESIAN_POINT('',(8.164141668488E0,-1.414539847005E0,
-7.471637001792E0));
#7264=CARTESIAN_POINT('',(8.155841774226E0,-1.425614901205E0,
-7.479936896053E0));
#7265=CARTESIAN_POINT('',(8.146508951670E0,-1.436400112959E0,
-7.489269718609E0));
#7266=CARTESIAN_POINT('',(8.136105613157E0,-1.446797795350E0,
-7.499673057123E0));
#7267=CARTESIAN_POINT('',(8.124610197876E0,-1.456688147138E0,
-7.511168472403E0));
#7268=CARTESIAN_POINT('',(8.112032915638E0,-1.465927832184E0,
-7.523745754641E0));
#7269=CARTESIAN_POINT('',(8.098397927886E0,-1.474372550541E0,
-7.537380742393E0));
#7270=CARTESIAN_POINT('',(8.083761632220E0,-1.481868451370E0,
-7.552017038059E0));
#7271=CARTESIAN_POINT('',(8.068220981224E0,-1.488259963714E0,
-7.567557689055E0));
#7272=CARTESIAN_POINT('',(8.051901440304E0,-1.493404305997E0,
-7.583877229975E0));
#7273=CARTESIAN_POINT('',(8.034967088821E0,-1.497177252112E0,
-7.600811581459E0));
#7274=CARTESIAN_POINT('',(8.017588902860E0,-1.499482612844E0,
-7.618189767419E0));
#7275=CARTESIAN_POINT('',(8.005882921164E0,-1.5E0,-7.629895749116E0));
#7276=CARTESIAN_POINT('',(8.E0,-1.5E0,-7.635778670279E0));
#7278=CARTESIAN_POINT('',(7.155E0,-1.3E0,-7.635778670279E0));
#7279=DIRECTION('',(-1.E0,0.E0,0.E0));
#7280=DIRECTION('',(0.E0,-1.E0,0.E0));
#7281=AXIS2_PLACEMENT_3D('',#7278,#7279,#7280);
#7283=DIRECTION('',(0.E0,0.E0,1.E0));
#7284=VECTOR('',#7283,7.642213297207E-1);
#7285=CARTESIAN_POINT('',(7.155E0,0.E0,-8.2E0));
#7286=LINE('',#7285,#7284);
#7287=DIRECTION('',(0.E0,1.E0,0.E0));
#7288=VECTOR('',#7287,5.E-1);
#7289=CARTESIAN_POINT('',(-9.2E0,-6.5E-1,-1.095358983849E1));
#7290=LINE('',#7289,#7288);
#7291=DIRECTION('',(0.E0,0.E0,1.E0));
#7292=VECTOR('',#7291,3.403589838486E0);
#7293=CARTESIAN_POINT('',(-9.2E0,-1.5E-1,-1.095358983849E1));
#7294=LINE('',#7293,#7292);
#7295=CARTESIAN_POINT('',(-9.2E0,5.E-2,-7.55E0));
#7296=DIRECTION('',(-1.E0,0.E0,0.E0));
#7297=DIRECTION('',(0.E0,-1.E0,0.E0));
#7298=AXIS2_PLACEMENT_3D('',#7295,#7296,#7297);
#7300=CARTESIAN_POINT('',(-9.2E0,5.E-2,-7.55E0));
#7301=DIRECTION('',(1.E0,0.E0,0.E0));
#7302=DIRECTION('',(0.E0,-7.142857142857E-2,9.974457174121E-1));
#7303=AXIS2_PLACEMENT_3D('',#7300,#7301,#7302);
#7305=DIRECTION('',(0.E0,0.E0,-1.E0));
#7306=VECTOR('',#7305,3.403589838486E0);
#7307=CARTESIAN_POINT('',(-9.2E0,-6.5E-1,-7.55E0));
#7308=LINE('',#7307,#7306);
#7309=DIRECTION('',(0.E0,1.E0,0.E0));
#7310=VECTOR('',#7309,5.E-1);
#7311=CARTESIAN_POINT('',(-9.039719767662E0,-6.5E-1,-1.155176380902E1));
#7312=LINE('',#7311,#7310);
#7313=DIRECTION('',(-2.588190451025E-1,0.E0,-9.659258262891E-1));
#7314=VECTOR('',#7313,6.192752634354E-1);
#7315=CARTESIAN_POINT('',(-8.3E0,-6.5E-1,-1.095358983849E1));
#7316=LINE('',#7315,#7314);
#7317=CARTESIAN_POINT('',(-8.653465397596E0,-6.5E-1,-1.15E1));
#7318=DIRECTION('',(0.E0,-1.E0,0.E0));
#7319=DIRECTION('',(0.E0,0.E0,-1.E0));
#7320=AXIS2_PLACEMENT_3D('',#7317,#7318,#7319);
#7322=CARTESIAN_POINT('',(-8.846534602404E0,-6.5E-1,-1.15E1));
#7323=DIRECTION('',(0.E0,-1.E0,0.E0));
#7324=DIRECTION('',(-9.659258262890E-1,0.E0,-2.588190451028E-1));
#7325=AXIS2_PLACEMENT_3D('',#7322,#7323,#7324);
#7327=DIRECTION('',(-2.588190451025E-1,0.E0,9.659258262891E-1));
#7328=VECTOR('',#7327,6.192752634354E-1);
#7329=CARTESIAN_POINT('',(-9.039719767662E0,-6.5E-1,-1.155176380902E1));
#7330=LINE('',#7329,#7328);
#7331=DIRECTION('',(1.E0,0.E0,0.E0));
#7332=VECTOR('',#7331,9.E-1);
#7333=CARTESIAN_POINT('',(-9.2E0,-6.5E-1,-7.55E0));
#7334=LINE('',#7333,#7332);
#7335=DIRECTION('',(0.E0,1.E0,0.E0));
#7336=VECTOR('',#7335,5.E-1);
#7337=CARTESIAN_POINT('',(-8.3E0,-6.5E-1,-1.095358983849E1));
#7338=LINE('',#7337,#7336);
#7339=DIRECTION('',(0.E0,0.E0,-1.E0));
#7340=VECTOR('',#7339,3.403589838486E0);
#7341=CARTESIAN_POINT('',(-8.3E0,-6.5E-1,-7.55E0));
#7342=LINE('',#7341,#7340);
#7343=CARTESIAN_POINT('',(-8.3E0,5.E-2,-7.55E0));
#7344=DIRECTION('',(1.E0,0.E0,0.E0));
#7345=DIRECTION('',(0.E0,-7.142857142857E-2,9.974457174121E-1));
#7346=AXIS2_PLACEMENT_3D('',#7343,#7344,#7345);
#7348=CARTESIAN_POINT('',(-8.3E0,5.E-2,-7.55E0));
#7349=DIRECTION('',(-1.E0,0.E0,0.E0));
#7350=DIRECTION('',(0.E0,-1.E0,0.E0));
#7351=AXIS2_PLACEMENT_3D('',#7348,#7349,#7350);
#7353=DIRECTION('',(0.E0,0.E0,1.E0));
#7354=VECTOR('',#7353,3.403589838486E0);
#7355=CARTESIAN_POINT('',(-8.3E0,-1.5E-1,-1.095358983849E1));
#7356=LINE('',#7355,#7354);
#7357=DIRECTION('',(1.E0,0.E0,0.E0));
#7358=VECTOR('',#7357,9.E-1);
#7359=CARTESIAN_POINT('',(-9.2E0,-1.5E-1,-7.55E0));
#7360=LINE('',#7359,#7358);
#7361=DIRECTION('',(-2.588190451025E-1,0.E0,-9.659258262891E-1));
#7362=VECTOR('',#7361,6.192752634354E-1);
#7363=CARTESIAN_POINT('',(-8.3E0,-1.5E-1,-1.095358983849E1));
#7364=LINE('',#7363,#7362);
#7365=DIRECTION('',(-2.588190451025E-1,0.E0,9.659258262891E-1));
#7366=VECTOR('',#7365,6.192752634354E-1);
#7367=CARTESIAN_POINT('',(-9.039719767662E0,-1.5E-1,-1.155176380902E1));
#7368=LINE('',#7367,#7366);
#7369=CARTESIAN_POINT('',(-8.846534602404E0,-1.5E-1,-1.15E1));
#7370=DIRECTION('',(0.E0,-1.E0,0.E0));
#7371=DIRECTION('',(-9.659258262890E-1,0.E0,-2.588190451028E-1));
#7372=AXIS2_PLACEMENT_3D('',#7369,#7370,#7371);
#7374=DIRECTION('',(1.E0,0.E0,0.E0));
#7375=VECTOR('',#7374,1.930692048085E-1);
#7376=CARTESIAN_POINT('',(-8.846534602404E0,-1.5E-1,-1.17E1));
#7377=LINE('',#7376,#7375);
#7378=CARTESIAN_POINT('',(-8.653465397596E0,-1.5E-1,-1.15E1));
#7379=DIRECTION('',(0.E0,-1.E0,0.E0));
#7380=DIRECTION('',(3.552713678801E-14,0.E0,-1.E0));
#7381=AXIS2_PLACEMENT_3D('',#7378,#7379,#7380);
#7383=DIRECTION('',(1.E0,0.E0,0.E0));
#7384=VECTOR('',#7383,1.930692048085E-1);
#7385=CARTESIAN_POINT('',(-8.846534602404E0,-6.5E-1,-1.17E1));
#7386=LINE('',#7385,#7384);
#7387=DIRECTION('',(0.E0,-1.E0,0.E0));
#7388=VECTOR('',#7387,5.E-1);
#7389=CARTESIAN_POINT('',(-8.653465397596E0,-1.5E-1,-1.17E1));
#7390=LINE('',#7389,#7388);
#7391=DIRECTION('',(0.E0,-1.E0,0.E0));
#7392=VECTOR('',#7391,5.E-1);
#7393=CARTESIAN_POINT('',(-8.846534602404E0,-1.5E-1,-1.17E1));
#7394=LINE('',#7393,#7392);
#7395=DIRECTION('',(0.E0,1.E0,0.E0));
#7396=VECTOR('',#7395,5.E-1);
#7397=CARTESIAN_POINT('',(-8.460280232338E0,-6.5E-1,-1.155176380902E1));
#7398=LINE('',#7397,#7396);
#7399=DIRECTION('',(0.E0,1.E0,0.E0));
#7400=VECTOR('',#7399,5.E-1);
#7401=CARTESIAN_POINT('',(-5.7E0,-6.5E-1,-1.095358983849E1));
#7402=LINE('',#7401,#7400);
#7403=DIRECTION('',(0.E0,0.E0,1.E0));
#7404=VECTOR('',#7403,3.403589838486E0);
#7405=CARTESIAN_POINT('',(-5.7E0,-1.5E-1,-1.095358983849E1));
#7406=LINE('',#7405,#7404);
#7407=CARTESIAN_POINT('',(-5.7E0,5.E-2,-7.55E0));
#7408=DIRECTION('',(-1.E0,0.E0,0.E0));
#7409=DIRECTION('',(0.E0,-1.E0,0.E0));
#7410=AXIS2_PLACEMENT_3D('',#7407,#7408,#7409);
#7412=CARTESIAN_POINT('',(-5.7E0,5.E-2,-7.55E0));
#7413=DIRECTION('',(1.E0,0.E0,0.E0));
#7414=DIRECTION('',(0.E0,-7.142857142857E-2,9.974457174121E-1));
#7415=AXIS2_PLACEMENT_3D('',#7412,#7413,#7414);
#7417=DIRECTION('',(0.E0,0.E0,-1.E0));
#7418=VECTOR('',#7417,3.403589838486E0);
#7419=CARTESIAN_POINT('',(-5.7E0,-6.5E-1,-7.55E0));
#7420=LINE('',#7419,#7418);
#7421=DIRECTION('',(0.E0,1.E0,0.E0));
#7422=VECTOR('',#7421,5.E-1);
#7423=CARTESIAN_POINT('',(-5.539719767662E0,-6.5E-1,-1.155176380902E1));
#7424=LINE('',#7423,#7422);
#7425=DIRECTION('',(-2.588190451025E-1,0.E0,-9.659258262891E-1));
#7426=VECTOR('',#7425,6.192752634354E-1);
#7427=CARTESIAN_POINT('',(-4.8E0,-6.5E-1,-1.095358983849E1));
#7428=LINE('',#7427,#7426);
#7429=CARTESIAN_POINT('',(-5.153465397596E0,-6.5E-1,-1.15E1));
#7430=DIRECTION('',(0.E0,-1.E0,0.E0));
#7431=DIRECTION('',(0.E0,0.E0,-1.E0));
#7432=AXIS2_PLACEMENT_3D('',#7429,#7430,#7431);
#7434=CARTESIAN_POINT('',(-5.346534602404E0,-6.5E-1,-1.15E1));
#7435=DIRECTION('',(0.E0,-1.E0,0.E0));
#7436=DIRECTION('',(-9.659258262891E-1,0.E0,-2.588190451025E-1));
#7437=AXIS2_PLACEMENT_3D('',#7434,#7435,#7436);
#7439=DIRECTION('',(-2.588190451025E-1,0.E0,9.659258262891E-1));
#7440=VECTOR('',#7439,6.192752634354E-1);
#7441=CARTESIAN_POINT('',(-5.539719767662E0,-6.5E-1,-1.155176380902E1));
#7442=LINE('',#7441,#7440);
#7443=DIRECTION('',(1.E0,0.E0,0.E0));
#7444=VECTOR('',#7443,9.E-1);
#7445=CARTESIAN_POINT('',(-5.7E0,-6.5E-1,-7.55E0));
#7446=LINE('',#7445,#7444);
#7447=DIRECTION('',(0.E0,1.E0,0.E0));
#7448=VECTOR('',#7447,5.E-1);
#7449=CARTESIAN_POINT('',(-4.960280232338E0,-6.5E-1,-1.155176380902E1));
#7450=LINE('',#7449,#7448);
#7451=DIRECTION('',(-2.588190451025E-1,0.E0,-9.659258262891E-1));
#7452=VECTOR('',#7451,6.192752634354E-1);
#7453=CARTESIAN_POINT('',(-4.8E0,-1.5E-1,-1.095358983849E1));
#7454=LINE('',#7453,#7452);
#7455=DIRECTION('',(-2.588190451025E-1,0.E0,9.659258262891E-1));
#7456=VECTOR('',#7455,6.192752634354E-1);
#7457=CARTESIAN_POINT('',(-5.539719767662E0,-1.5E-1,-1.155176380902E1));
#7458=LINE('',#7457,#7456);
#7459=CARTESIAN_POINT('',(-5.346534602404E0,-1.5E-1,-1.15E1));
#7460=DIRECTION('',(0.E0,-1.E0,0.E0));
#7461=DIRECTION('',(-9.659258262891E-1,0.E0,-2.588190451025E-1));
#7462=AXIS2_PLACEMENT_3D('',#7459,#7460,#7461);
#7464=DIRECTION('',(1.E0,0.E0,0.E0));
#7465=VECTOR('',#7464,1.930692048085E-1);
#7466=CARTESIAN_POINT('',(-5.346534602404E0,-1.5E-1,-1.17E1));
#7467=LINE('',#7466,#7465);
#7468=CARTESIAN_POINT('',(-5.153465397596E0,-1.5E-1,-1.15E1));
#7469=DIRECTION('',(0.E0,-1.E0,0.E0));
#7470=DIRECTION('',(3.108624468950E-14,0.E0,-1.E0));
#7471=AXIS2_PLACEMENT_3D('',#7468,#7469,#7470);
#7473=DIRECTION('',(0.E0,1.E0,0.E0));
#7474=VECTOR('',#7473,5.E-1);
#7475=CARTESIAN_POINT('',(-4.8E0,-6.5E-1,-1.095358983849E1));
#7476=LINE('',#7475,#7474);
#7477=DIRECTION('',(0.E0,0.E0,-1.E0));
#7478=VECTOR('',#7477,3.403589838486E0);
#7479=CARTESIAN_POINT('',(-4.8E0,-6.5E-1,-7.55E0));
#7480=LINE('',#7479,#7478);
#7481=CARTESIAN_POINT('',(-4.8E0,5.E-2,-7.55E0));
#7482=DIRECTION('',(1.E0,0.E0,0.E0));
#7483=DIRECTION('',(0.E0,-7.142857142857E-2,9.974457174121E-1));
#7484=AXIS2_PLACEMENT_3D('',#7481,#7482,#7483);
#7486=CARTESIAN_POINT('',(-4.8E0,5.E-2,-7.55E0));
#7487=DIRECTION('',(-1.E0,0.E0,0.E0));
#7488=DIRECTION('',(0.E0,-1.E0,0.E0));
#7489=AXIS2_PLACEMENT_3D('',#7486,#7487,#7488);
#7491=DIRECTION('',(0.E0,0.E0,1.E0));
#7492=VECTOR('',#7491,3.403589838486E0);
#7493=CARTESIAN_POINT('',(-4.8E0,-1.5E-1,-1.095358983849E1));
#7494=LINE('',#7493,#7492);
#7495=DIRECTION('',(1.E0,0.E0,0.E0));
#7496=VECTOR('',#7495,9.E-1);
#7497=CARTESIAN_POINT('',(-5.7E0,-1.5E-1,-7.55E0));
#7498=LINE('',#7497,#7496);
#7499=DIRECTION('',(0.E0,-1.E0,0.E0));
#7500=VECTOR('',#7499,5.E-1);
#7501=CARTESIAN_POINT('',(-5.153465397596E0,-1.5E-1,-1.17E1));
#7502=LINE('',#7501,#7500);
#7503=DIRECTION('',(0.E0,-1.E0,0.E0));
#7504=VECTOR('',#7503,5.E-1);
#7505=CARTESIAN_POINT('',(-5.346534602404E0,-1.5E-1,-1.17E1));
#7506=LINE('',#7505,#7504);
#7507=DIRECTION('',(1.E0,0.E0,0.E0));
#7508=VECTOR('',#7507,1.930692048085E-1);
#7509=CARTESIAN_POINT('',(-5.346534602404E0,-6.5E-1,-1.17E1));
#7510=LINE('',#7509,#7508);
#7511=DIRECTION('',(0.E0,1.E0,0.E0));
#7512=VECTOR('',#7511,5.E-1);
#7513=CARTESIAN_POINT('',(-2.2E0,-6.5E-1,-1.095358983849E1));
#7514=LINE('',#7513,#7512);
#7515=DIRECTION('',(0.E0,0.E0,1.E0));
#7516=VECTOR('',#7515,3.403589838486E0);
#7517=CARTESIAN_POINT('',(-2.2E0,-1.5E-1,-1.095358983849E1));
#7518=LINE('',#7517,#7516);
#7519=CARTESIAN_POINT('',(-2.2E0,5.E-2,-7.55E0));
#7520=DIRECTION('',(-1.E0,0.E0,0.E0));
#7521=DIRECTION('',(0.E0,-1.E0,0.E0));
#7522=AXIS2_PLACEMENT_3D('',#7519,#7520,#7521);
#7524=CARTESIAN_POINT('',(-2.2E0,5.E-2,-7.55E0));
#7525=DIRECTION('',(1.E0,0.E0,0.E0));
#7526=DIRECTION('',(0.E0,-7.142857142857E-2,9.974457174121E-1));
#7527=AXIS2_PLACEMENT_3D('',#7524,#7525,#7526);
#7529=DIRECTION('',(0.E0,0.E0,-1.E0));
#7530=VECTOR('',#7529,3.403589838486E0);
#7531=CARTESIAN_POINT('',(-2.2E0,-6.5E-1,-7.55E0));
#7532=LINE('',#7531,#7530);
#7533=DIRECTION('',(0.E0,1.E0,0.E0));
#7534=VECTOR('',#7533,5.E-1);
#7535=CARTESIAN_POINT('',(-2.039719767662E0,-6.5E-1,-1.155176380902E1));
#7536=LINE('',#7535,#7534);
#7537=DIRECTION('',(-2.588190451025E-1,0.E0,-9.659258262891E-1));
#7538=VECTOR('',#7537,6.192752634354E-1);
#7539=CARTESIAN_POINT('',(-1.3E0,-6.5E-1,-1.095358983849E1));
#7540=LINE('',#7539,#7538);
#7541=CARTESIAN_POINT('',(-1.653465397596E0,-6.5E-1,-1.15E1));
#7542=DIRECTION('',(0.E0,-1.E0,0.E0));
#7543=DIRECTION('',(0.E0,0.E0,-1.E0));
#7544=AXIS2_PLACEMENT_3D('',#7541,#7542,#7543);
#7546=CARTESIAN_POINT('',(-1.846534602404E0,-6.5E-1,-1.15E1));
#7547=DIRECTION('',(0.E0,-1.E0,0.E0));
#7548=DIRECTION('',(-9.659258262891E-1,0.E0,-2.588190451025E-1));
#7549=AXIS2_PLACEMENT_3D('',#7546,#7547,#7548);
#7551=DIRECTION('',(-2.588190451025E-1,0.E0,9.659258262891E-1));
#7552=VECTOR('',#7551,6.192752634354E-1);
#7553=CARTESIAN_POINT('',(-2.039719767662E0,-6.5E-1,-1.155176380902E1));
#7554=LINE('',#7553,#7552);
#7555=DIRECTION('',(1.E0,0.E0,0.E0));
#7556=VECTOR('',#7555,9.E-1);
#7557=CARTESIAN_POINT('',(-2.2E0,-6.5E-1,-7.55E0));
#7558=LINE('',#7557,#7556);
#7559=DIRECTION('',(0.E0,1.E0,0.E0));
#7560=VECTOR('',#7559,5.E-1);
#7561=CARTESIAN_POINT('',(-1.460280232338E0,-6.5E-1,-1.155176380902E1));
#7562=LINE('',#7561,#7560);
#7563=DIRECTION('',(-2.588190451025E-1,0.E0,-9.659258262891E-1));
#7564=VECTOR('',#7563,6.192752634354E-1);
#7565=CARTESIAN_POINT('',(-1.3E0,-1.5E-1,-1.095358983849E1));
#7566=LINE('',#7565,#7564);
#7567=DIRECTION('',(-2.588190451025E-1,0.E0,9.659258262891E-1));
#7568=VECTOR('',#7567,6.192752634354E-1);
#7569=CARTESIAN_POINT('',(-2.039719767662E0,-1.5E-1,-1.155176380902E1));
#7570=LINE('',#7569,#7568);
#7571=CARTESIAN_POINT('',(-1.846534602404E0,-1.5E-1,-1.15E1));
#7572=DIRECTION('',(0.E0,-1.E0,0.E0));
#7573=DIRECTION('',(-9.659258262891E-1,0.E0,-2.588190451025E-1));
#7574=AXIS2_PLACEMENT_3D('',#7571,#7572,#7573);
#7576=DIRECTION('',(1.E0,0.E0,0.E0));
#7577=VECTOR('',#7576,1.930692048085E-1);
#7578=CARTESIAN_POINT('',(-1.846534602404E0,-1.5E-1,-1.17E1));
#7579=LINE('',#7578,#7577);
#7580=CARTESIAN_POINT('',(-1.653465397596E0,-1.5E-1,-1.15E1));
#7581=DIRECTION('',(0.E0,-1.E0,0.E0));
#7582=DIRECTION('',(3.108624468950E-14,0.E0,-1.E0));
#7583=AXIS2_PLACEMENT_3D('',#7580,#7581,#7582);
#7585=DIRECTION('',(0.E0,1.E0,0.E0));
#7586=VECTOR('',#7585,5.E-1);
#7587=CARTESIAN_POINT('',(-1.3E0,-6.5E-1,-1.095358983849E1));
#7588=LINE('',#7587,#7586);
#7589=DIRECTION('',(0.E0,0.E0,-1.E0));
#7590=VECTOR('',#7589,3.403589838486E0);
#7591=CARTESIAN_POINT('',(-1.3E0,-6.5E-1,-7.55E0));
#7592=LINE('',#7591,#7590);
#7593=CARTESIAN_POINT('',(-1.3E0,5.E-2,-7.55E0));
#7594=DIRECTION('',(1.E0,0.E0,0.E0));
#7595=DIRECTION('',(0.E0,-7.142857142857E-2,9.974457174121E-1));
#7596=AXIS2_PLACEMENT_3D('',#7593,#7594,#7595);
#7598=CARTESIAN_POINT('',(-1.3E0,5.E-2,-7.55E0));
#7599=DIRECTION('',(-1.E0,0.E0,0.E0));
#7600=DIRECTION('',(0.E0,-1.E0,0.E0));
#7601=AXIS2_PLACEMENT_3D('',#7598,#7599,#7600);
#7603=DIRECTION('',(0.E0,0.E0,1.E0));
#7604=VECTOR('',#7603,3.403589838486E0);
#7605=CARTESIAN_POINT('',(-1.3E0,-1.5E-1,-1.095358983849E1));
#7606=LINE('',#7605,#7604);
#7607=DIRECTION('',(1.E0,0.E0,0.E0));
#7608=VECTOR('',#7607,9.E-1);
#7609=CARTESIAN_POINT('',(-2.2E0,-1.5E-1,-7.55E0));
#7610=LINE('',#7609,#7608);
#7611=DIRECTION('',(0.E0,-1.E0,0.E0));
#7612=VECTOR('',#7611,5.E-1);
#7613=CARTESIAN_POINT('',(-1.653465397596E0,-1.5E-1,-1.17E1));
#7614=LINE('',#7613,#7612);
#7615=DIRECTION('',(-1.421085471520E-14,-1.E0,0.E0));
#7616=VECTOR('',#7615,5.E-1);
#7617=CARTESIAN_POINT('',(-1.846534602404E0,-1.5E-1,-1.17E1));
#7618=LINE('',#7617,#7616);
#7619=DIRECTION('',(1.E0,0.E0,0.E0));
#7620=VECTOR('',#7619,1.930692048085E-1);
#7621=CARTESIAN_POINT('',(-1.846534602404E0,-6.5E-1,-1.17E1));
#7622=LINE('',#7621,#7620);
#7623=DIRECTION('',(0.E0,1.E0,0.E0));
#7624=VECTOR('',#7623,5.E-1);
#7625=CARTESIAN_POINT('',(1.3E0,-6.5E-1,-1.095358983849E1));
#7626=LINE('',#7625,#7624);
#7627=DIRECTION('',(0.E0,0.E0,1.E0));
#7628=VECTOR('',#7627,3.403589838486E0);
#7629=CARTESIAN_POINT('',(1.3E0,-1.5E-1,-1.095358983849E1));
#7630=LINE('',#7629,#7628);
#7631=CARTESIAN_POINT('',(1.3E0,5.E-2,-7.55E0));
#7632=DIRECTION('',(-1.E0,0.E0,0.E0));
#7633=DIRECTION('',(0.E0,-1.E0,0.E0));
#7634=AXIS2_PLACEMENT_3D('',#7631,#7632,#7633);
#7636=CARTESIAN_POINT('',(1.3E0,5.E-2,-7.55E0));
#7637=DIRECTION('',(1.E0,0.E0,0.E0));
#7638=DIRECTION('',(0.E0,-7.142857142857E-2,9.974457174121E-1));
#7639=AXIS2_PLACEMENT_3D('',#7636,#7637,#7638);
#7641=DIRECTION('',(0.E0,0.E0,-1.E0));
#7642=VECTOR('',#7641,3.403589838486E0);
#7643=CARTESIAN_POINT('',(1.3E0,-6.5E-1,-7.55E0));
#7644=LINE('',#7643,#7642);
#7645=DIRECTION('',(0.E0,1.E0,0.E0));
#7646=VECTOR('',#7645,5.E-1);
#7647=CARTESIAN_POINT('',(1.460280232338E0,-6.5E-1,-1.155176380902E1));
#7648=LINE('',#7647,#7646);
#7649=DIRECTION('',(-2.588190451025E-1,0.E0,-9.659258262891E-1));
#7650=VECTOR('',#7649,6.192752634354E-1);
#7651=CARTESIAN_POINT('',(2.2E0,-6.5E-1,-1.095358983849E1));
#7652=LINE('',#7651,#7650);
#7653=CARTESIAN_POINT('',(1.846534602404E0,-6.5E-1,-1.15E1));
#7654=DIRECTION('',(0.E0,-1.E0,0.E0));
#7655=DIRECTION('',(0.E0,0.E0,-1.E0));
#7656=AXIS2_PLACEMENT_3D('',#7653,#7654,#7655);
#7658=CARTESIAN_POINT('',(1.653465397596E0,-6.5E-1,-1.15E1));
#7659=DIRECTION('',(0.E0,-1.E0,0.E0));
#7660=DIRECTION('',(-9.659258262891E-1,0.E0,-2.588190451025E-1));
#7661=AXIS2_PLACEMENT_3D('',#7658,#7659,#7660);
#7663=DIRECTION('',(-2.588190451025E-1,0.E0,9.659258262891E-1));
#7664=VECTOR('',#7663,6.192752634354E-1);
#7665=CARTESIAN_POINT('',(1.460280232338E0,-6.5E-1,-1.155176380902E1));
#7666=LINE('',#7665,#7664);
#7667=DIRECTION('',(1.E0,0.E0,0.E0));
#7668=VECTOR('',#7667,9.E-1);
#7669=CARTESIAN_POINT('',(1.3E0,-6.5E-1,-7.55E0));
#7670=LINE('',#7669,#7668);
#7671=DIRECTION('',(0.E0,1.E0,-1.065814103640E-14));
#7672=VECTOR('',#7671,5.E-1);
#7673=CARTESIAN_POINT('',(2.039719767662E0,-6.5E-1,-1.155176380902E1));
#7674=LINE('',#7673,#7672);
#7675=DIRECTION('',(-2.588190451025E-1,0.E0,-9.659258262891E-1));
#7676=VECTOR('',#7675,6.192752634354E-1);
#7677=CARTESIAN_POINT('',(2.2E0,-1.5E-1,-1.095358983849E1));
#7678=LINE('',#7677,#7676);
#7679=DIRECTION('',(-2.588190451025E-1,0.E0,9.659258262891E-1));
#7680=VECTOR('',#7679,6.192752634354E-1);
#7681=CARTESIAN_POINT('',(1.460280232338E0,-1.5E-1,-1.155176380902E1));
#7682=LINE('',#7681,#7680);
#7683=CARTESIAN_POINT('',(1.653465397596E0,-1.5E-1,-1.15E1));
#7684=DIRECTION('',(0.E0,-1.E0,0.E0));
#7685=DIRECTION('',(-9.659258262891E-1,0.E0,-2.588190451025E-1));
#7686=AXIS2_PLACEMENT_3D('',#7683,#7684,#7685);
#7688=DIRECTION('',(1.E0,0.E0,0.E0));
#7689=VECTOR('',#7688,1.930692048085E-1);
#7690=CARTESIAN_POINT('',(1.653465397596E0,-1.5E-1,-1.17E1));
#7691=LINE('',#7690,#7689);
#7692=CARTESIAN_POINT('',(1.846534602404E0,-1.5E-1,-1.15E1));
#7693=DIRECTION('',(0.E0,-1.E0,0.E0));
#7694=DIRECTION('',(3.108624468950E-14,0.E0,-1.E0));
#7695=AXIS2_PLACEMENT_3D('',#7692,#7693,#7694);
#7697=DIRECTION('',(0.E0,1.E0,0.E0));
#7698=VECTOR('',#7697,5.E-1);
#7699=CARTESIAN_POINT('',(2.2E0,-6.5E-1,-1.095358983849E1));
#7700=LINE('',#7699,#7698);
#7701=DIRECTION('',(0.E0,0.E0,-1.E0));
#7702=VECTOR('',#7701,3.403589838486E0);
#7703=CARTESIAN_POINT('',(2.2E0,-6.5E-1,-7.55E0));
#7704=LINE('',#7703,#7702);
#7705=CARTESIAN_POINT('',(2.2E0,5.E-2,-7.55E0));
#7706=DIRECTION('',(1.E0,0.E0,0.E0));
#7707=DIRECTION('',(0.E0,-7.142857142857E-2,9.974457174121E-1));
#7708=AXIS2_PLACEMENT_3D('',#7705,#7706,#7707);
#7710=CARTESIAN_POINT('',(2.2E0,5.E-2,-7.55E0));
#7711=DIRECTION('',(-1.E0,0.E0,0.E0));
#7712=DIRECTION('',(0.E0,-1.E0,0.E0));
#7713=AXIS2_PLACEMENT_3D('',#7710,#7711,#7712);
#7715=DIRECTION('',(0.E0,0.E0,1.E0));
#7716=VECTOR('',#7715,3.403589838486E0);
#7717=CARTESIAN_POINT('',(2.2E0,-1.5E-1,-1.095358983849E1));
#7718=LINE('',#7717,#7716);
#7719=DIRECTION('',(1.E0,0.E0,0.E0));
#7720=VECTOR('',#7719,9.E-1);
#7721=CARTESIAN_POINT('',(1.3E0,-1.5E-1,-7.55E0));
#7722=LINE('',#7721,#7720);
#7723=DIRECTION('',(0.E0,-1.E0,0.E0));
#7724=VECTOR('',#7723,5.E-1);
#7725=CARTESIAN_POINT('',(1.846534602404E0,-1.5E-1,-1.17E1));
#7726=LINE('',#7725,#7724);
#7727=DIRECTION('',(-1.421085471520E-14,-1.E0,0.E0));
#7728=VECTOR('',#7727,5.E-1);
#7729=CARTESIAN_POINT('',(1.653465397596E0,-1.5E-1,-1.17E1));
#7730=LINE('',#7729,#7728);
#7731=DIRECTION('',(1.E0,0.E0,0.E0));
#7732=VECTOR('',#7731,1.930692048085E-1);
#7733=CARTESIAN_POINT('',(1.653465397596E0,-6.5E-1,-1.17E1));
#7734=LINE('',#7733,#7732);
#7735=DIRECTION('',(0.E0,1.E0,0.E0));
#7736=VECTOR('',#7735,5.E-1);
#7737=CARTESIAN_POINT('',(4.8E0,-6.5E-1,-1.095358983849E1));
#7738=LINE('',#7737,#7736);
#7739=DIRECTION('',(0.E0,0.E0,1.E0));
#7740=VECTOR('',#7739,3.403589838486E0);
#7741=CARTESIAN_POINT('',(4.8E0,-1.5E-1,-1.095358983849E1));
#7742=LINE('',#7741,#7740);
#7743=CARTESIAN_POINT('',(4.8E0,5.E-2,-7.55E0));
#7744=DIRECTION('',(-1.E0,0.E0,0.E0));
#7745=DIRECTION('',(0.E0,-1.E0,0.E0));
#7746=AXIS2_PLACEMENT_3D('',#7743,#7744,#7745);
#7748=CARTESIAN_POINT('',(4.8E0,5.E-2,-7.55E0));
#7749=DIRECTION('',(1.E0,0.E0,0.E0));
#7750=DIRECTION('',(0.E0,-7.142857142857E-2,9.974457174121E-1));
#7751=AXIS2_PLACEMENT_3D('',#7748,#7749,#7750);
#7753=DIRECTION('',(0.E0,0.E0,-1.E0));
#7754=VECTOR('',#7753,3.403589838486E0);
#7755=CARTESIAN_POINT('',(4.8E0,-6.5E-1,-7.55E0));
#7756=LINE('',#7755,#7754);
#7757=DIRECTION('',(0.E0,1.E0,0.E0));
#7758=VECTOR('',#7757,5.E-1);
#7759=CARTESIAN_POINT('',(4.960280232338E0,-6.5E-1,-1.155176380902E1));
#7760=LINE('',#7759,#7758);
#7761=DIRECTION('',(-2.588190451025E-1,0.E0,-9.659258262891E-1));
#7762=VECTOR('',#7761,6.192752634354E-1);
#7763=CARTESIAN_POINT('',(5.7E0,-6.5E-1,-1.095358983849E1));
#7764=LINE('',#7763,#7762);
#7765=CARTESIAN_POINT('',(5.346534602404E0,-6.5E-1,-1.15E1));
#7766=DIRECTION('',(0.E0,-1.E0,0.E0));
#7767=DIRECTION('',(0.E0,0.E0,-1.E0));
#7768=AXIS2_PLACEMENT_3D('',#7765,#7766,#7767);
#7770=CARTESIAN_POINT('',(5.153465397596E0,-6.5E-1,-1.15E1));
#7771=DIRECTION('',(0.E0,-1.E0,0.E0));
#7772=DIRECTION('',(-9.659258262890E-1,0.E0,-2.588190451027E-1));
#7773=AXIS2_PLACEMENT_3D('',#7770,#7771,#7772);
#7775=DIRECTION('',(-2.588190451025E-1,0.E0,9.659258262891E-1));
#7776=VECTOR('',#7775,6.192752634354E-1);
#7777=CARTESIAN_POINT('',(4.960280232338E0,-6.5E-1,-1.155176380902E1));
#7778=LINE('',#7777,#7776);
#7779=DIRECTION('',(1.E0,0.E0,0.E0));
#7780=VECTOR('',#7779,9.E-1);
#7781=CARTESIAN_POINT('',(4.8E0,-6.5E-1,-7.55E0));
#7782=LINE('',#7781,#7780);
#7783=DIRECTION('',(0.E0,1.E0,0.E0));
#7784=VECTOR('',#7783,5.E-1);
#7785=CARTESIAN_POINT('',(5.539719767662E0,-6.5E-1,-1.155176380902E1));
#7786=LINE('',#7785,#7784);
#7787=DIRECTION('',(-2.588190451025E-1,0.E0,-9.659258262891E-1));
#7788=VECTOR('',#7787,6.192752634354E-1);
#7789=CARTESIAN_POINT('',(5.7E0,-1.5E-1,-1.095358983849E1));
#7790=LINE('',#7789,#7788);
#7791=DIRECTION('',(-2.588190451025E-1,0.E0,9.659258262891E-1));
#7792=VECTOR('',#7791,6.192752634354E-1);
#7793=CARTESIAN_POINT('',(4.960280232338E0,-1.5E-1,-1.155176380902E1));
#7794=LINE('',#7793,#7792);
#7795=CARTESIAN_POINT('',(5.153465397596E0,-1.5E-1,-1.15E1));
#7796=DIRECTION('',(0.E0,-1.E0,0.E0));
#7797=DIRECTION('',(-9.659258262890E-1,0.E0,-2.588190451027E-1));
#7798=AXIS2_PLACEMENT_3D('',#7795,#7796,#7797);
#7800=DIRECTION('',(1.E0,0.E0,0.E0));
#7801=VECTOR('',#7800,1.930692048085E-1);
#7802=CARTESIAN_POINT('',(5.153465397596E0,-1.5E-1,-1.17E1));
#7803=LINE('',#7802,#7801);
#7804=CARTESIAN_POINT('',(5.346534602404E0,-1.5E-1,-1.15E1));
#7805=DIRECTION('',(0.E0,-1.E0,0.E0));
#7806=DIRECTION('',(3.108624468950E-14,0.E0,-1.E0));
#7807=AXIS2_PLACEMENT_3D('',#7804,#7805,#7806);
#7809=DIRECTION('',(0.E0,1.E0,0.E0));
#7810=VECTOR('',#7809,5.E-1);
#7811=CARTESIAN_POINT('',(5.7E0,-6.5E-1,-1.095358983849E1));
#7812=LINE('',#7811,#7810);
#7813=DIRECTION('',(0.E0,0.E0,-1.E0));
#7814=VECTOR('',#7813,3.403589838486E0);
#7815=CARTESIAN_POINT('',(5.7E0,-6.5E-1,-7.55E0));
#7816=LINE('',#7815,#7814);
#7817=CARTESIAN_POINT('',(5.7E0,5.E-2,-7.55E0));
#7818=DIRECTION('',(1.E0,0.E0,0.E0));
#7819=DIRECTION('',(0.E0,-7.142857142857E-2,9.974457174121E-1));
#7820=AXIS2_PLACEMENT_3D('',#7817,#7818,#7819);
#7822=CARTESIAN_POINT('',(5.7E0,5.E-2,-7.55E0));
#7823=DIRECTION('',(-1.E0,0.E0,0.E0));
#7824=DIRECTION('',(0.E0,-1.E0,0.E0));
#7825=AXIS2_PLACEMENT_3D('',#7822,#7823,#7824);
#7827=DIRECTION('',(0.E0,0.E0,1.E0));
#7828=VECTOR('',#7827,3.403589838486E0);
#7829=CARTESIAN_POINT('',(5.7E0,-1.5E-1,-1.095358983849E1));
#7830=LINE('',#7829,#7828);
#7831=DIRECTION('',(1.E0,0.E0,0.E0));
#7832=VECTOR('',#7831,9.E-1);
#7833=CARTESIAN_POINT('',(4.8E0,-1.5E-1,-7.55E0));
#7834=LINE('',#7833,#7832);
#7835=DIRECTION('',(0.E0,-1.E0,0.E0));
#7836=VECTOR('',#7835,5.E-1);
#7837=CARTESIAN_POINT('',(5.346534602404E0,-1.5E-1,-1.17E1));
#7838=LINE('',#7837,#7836);
#7839=DIRECTION('',(-1.421085471520E-14,-1.E0,0.E0));
#7840=VECTOR('',#7839,5.E-1);
#7841=CARTESIAN_POINT('',(5.153465397596E0,-1.5E-1,-1.17E1));
#7842=LINE('',#7841,#7840);
#7843=DIRECTION('',(1.E0,0.E0,0.E0));
#7844=VECTOR('',#7843,1.930692048085E-1);
#7845=CARTESIAN_POINT('',(5.153465397596E0,-6.5E-1,-1.17E1));
#7846=LINE('',#7845,#7844);
#7847=DIRECTION('',(0.E0,1.E0,0.E0));
#7848=VECTOR('',#7847,5.E-1);
#7849=CARTESIAN_POINT('',(8.3E0,-6.5E-1,-1.095358983849E1));
#7850=LINE('',#7849,#7848);
#7851=DIRECTION('',(0.E0,0.E0,1.E0));
#7852=VECTOR('',#7851,3.403589838486E0);
#7853=CARTESIAN_POINT('',(8.3E0,-1.5E-1,-1.095358983849E1));
#7854=LINE('',#7853,#7852);
#7855=CARTESIAN_POINT('',(8.3E0,5.E-2,-7.55E0));
#7856=DIRECTION('',(-1.E0,0.E0,0.E0));
#7857=DIRECTION('',(0.E0,-1.E0,0.E0));
#7858=AXIS2_PLACEMENT_3D('',#7855,#7856,#7857);
#7860=CARTESIAN_POINT('',(8.3E0,5.E-2,-7.55E0));
#7861=DIRECTION('',(1.E0,0.E0,0.E0));
#7862=DIRECTION('',(0.E0,-7.142857142857E-2,9.974457174121E-1));
#7863=AXIS2_PLACEMENT_3D('',#7860,#7861,#7862);
#7865=DIRECTION('',(0.E0,0.E0,-1.E0));
#7866=VECTOR('',#7865,3.403589838486E0);
#7867=CARTESIAN_POINT('',(8.3E0,-6.5E-1,-7.55E0));
#7868=LINE('',#7867,#7866);
#7869=DIRECTION('',(0.E0,1.E0,0.E0));
#7870=VECTOR('',#7869,5.E-1);
#7871=CARTESIAN_POINT('',(8.460280232338E0,-6.5E-1,-1.155176380902E1));
#7872=LINE('',#7871,#7870);
#7873=DIRECTION('',(-2.588190451025E-1,0.E0,-9.659258262891E-1));
#7874=VECTOR('',#7873,6.192752634354E-1);
#7875=CARTESIAN_POINT('',(9.2E0,-6.5E-1,-1.095358983849E1));
#7876=LINE('',#7875,#7874);
#7877=CARTESIAN_POINT('',(8.846534602404E0,-6.5E-1,-1.15E1));
#7878=DIRECTION('',(0.E0,-1.E0,0.E0));
#7879=DIRECTION('',(0.E0,0.E0,-1.E0));
#7880=AXIS2_PLACEMENT_3D('',#7877,#7878,#7879);
#7882=CARTESIAN_POINT('',(8.653465397596E0,-6.5E-1,-1.15E1));
#7883=DIRECTION('',(0.E0,-1.E0,0.E0));
#7884=DIRECTION('',(-9.659258262891E-1,0.E0,-2.588190451025E-1));
#7885=AXIS2_PLACEMENT_3D('',#7882,#7883,#7884);
#7887=DIRECTION('',(-2.588190451025E-1,0.E0,9.659258262891E-1));
#7888=VECTOR('',#7887,6.192752634354E-1);
#7889=CARTESIAN_POINT('',(8.460280232338E0,-6.5E-1,-1.155176380902E1));
#7890=LINE('',#7889,#7888);
#7891=DIRECTION('',(1.E0,0.E0,0.E0));
#7892=VECTOR('',#7891,9.E-1);
#7893=CARTESIAN_POINT('',(8.3E0,-6.5E-1,-7.55E0));
#7894=LINE('',#7893,#7892);
#7895=DIRECTION('',(0.E0,1.E0,0.E0));
#7896=VECTOR('',#7895,5.E-1);
#7897=CARTESIAN_POINT('',(9.039719767662E0,-6.5E-1,-1.155176380902E1));
#7898=LINE('',#7897,#7896);
#7899=DIRECTION('',(-2.588190451025E-1,0.E0,-9.659258262891E-1));
#7900=VECTOR('',#7899,6.192752634354E-1);
#7901=CARTESIAN_POINT('',(9.2E0,-1.5E-1,-1.095358983849E1));
#7902=LINE('',#7901,#7900);
#7903=DIRECTION('',(-2.588190451025E-1,0.E0,9.659258262891E-1));
#7904=VECTOR('',#7903,6.192752634354E-1);
#7905=CARTESIAN_POINT('',(8.460280232338E0,-1.5E-1,-1.155176380902E1));
#7906=LINE('',#7905,#7904);
#7907=CARTESIAN_POINT('',(8.653465397596E0,-1.5E-1,-1.15E1));
#7908=DIRECTION('',(0.E0,-1.E0,0.E0));
#7909=DIRECTION('',(-9.659258262891E-1,0.E0,-2.588190451026E-1));
#7910=AXIS2_PLACEMENT_3D('',#7907,#7908,#7909);
#7912=DIRECTION('',(1.E0,0.E0,0.E0));
#7913=VECTOR('',#7912,1.930692048085E-1);
#7914=CARTESIAN_POINT('',(8.653465397596E0,-1.5E-1,-1.17E1));
#7915=LINE('',#7914,#7913);
#7916=CARTESIAN_POINT('',(8.846534602404E0,-1.5E-1,-1.15E1));
#7917=DIRECTION('',(0.E0,-1.E0,0.E0));
#7918=DIRECTION('',(3.552713678801E-14,0.E0,-1.E0));
#7919=AXIS2_PLACEMENT_3D('',#7916,#7917,#7918);
#7921=DIRECTION('',(0.E0,1.E0,0.E0));
#7922=VECTOR('',#7921,5.E-1);
#7923=CARTESIAN_POINT('',(9.2E0,-6.5E-1,-1.095358983849E1));
#7924=LINE('',#7923,#7922);
#7925=DIRECTION('',(0.E0,0.E0,-1.E0));
#7926=VECTOR('',#7925,3.403589838486E0);
#7927=CARTESIAN_POINT('',(9.2E0,-6.5E-1,-7.55E0));
#7928=LINE('',#7927,#7926);
#7929=CARTESIAN_POINT('',(9.2E0,5.E-2,-7.55E0));
#7930=DIRECTION('',(1.E0,0.E0,0.E0));
#7931=DIRECTION('',(0.E0,-7.142857142857E-2,9.974457174121E-1));
#7932=AXIS2_PLACEMENT_3D('',#7929,#7930,#7931);
#7934=CARTESIAN_POINT('',(9.2E0,5.E-2,-7.55E0));
#7935=DIRECTION('',(-1.E0,0.E0,0.E0));
#7936=DIRECTION('',(0.E0,-1.E0,0.E0));
#7937=AXIS2_PLACEMENT_3D('',#7934,#7935,#7936);
#7939=DIRECTION('',(0.E0,0.E0,1.E0));
#7940=VECTOR('',#7939,3.403589838486E0);
#7941=CARTESIAN_POINT('',(9.2E0,-1.5E-1,-1.095358983849E1));
#7942=LINE('',#7941,#7940);
#7943=DIRECTION('',(1.E0,0.E0,0.E0));
#7944=VECTOR('',#7943,9.E-1);
#7945=CARTESIAN_POINT('',(8.3E0,-1.5E-1,-7.55E0));
#7946=LINE('',#7945,#7944);
#7947=DIRECTION('',(0.E0,-1.E0,0.E0));
#7948=VECTOR('',#7947,5.E-1);
#7949=CARTESIAN_POINT('',(8.846534602404E0,-1.5E-1,-1.17E1));
#7950=LINE('',#7949,#7948);
#7951=DIRECTION('',(-1.421085471520E-14,-1.E0,0.E0));
#7952=VECTOR('',#7951,5.E-1);
#7953=CARTESIAN_POINT('',(8.653465397596E0,-1.5E-1,-1.17E1));
#7954=LINE('',#7953,#7952);
#7955=DIRECTION('',(1.E0,0.E0,0.E0));
#7956=VECTOR('',#7955,1.930692048085E-1);
#7957=CARTESIAN_POINT('',(8.653465397596E0,-6.5E-1,-1.17E1));
#7958=LINE('',#7957,#7956);
#7959=CARTESIAN_POINT('',(-1.05E1,1.26E1,-2.013033107515E0));
#7960=CARTESIAN_POINT('',(-1.05E1,1.249134560337E1,-1.868843853125E0));
#7961=VERTEX_POINT('',#7959);
#7962=VERTEX_POINT('',#7960);
#7963=CARTESIAN_POINT('',(-1.05E1,7.15E0,-3.372376476145E-1));
#7964=VERTEX_POINT('',#7963);
#7965=CARTESIAN_POINT('',(-1.05E1,7.15E0,0.E0));
#7966=VERTEX_POINT('',#7965);
#7967=CARTESIAN_POINT('',(-1.05E1,0.E0,0.E0));
#7968=CARTESIAN_POINT('',(-1.05E1,0.E0,-7.435778670279E0));
#7969=VERTEX_POINT('',#7967);
#7970=VERTEX_POINT('',#7968);
#7971=CARTESIAN_POINT('',(1.05E1,1.26E1,-2.013033107515E0));
#7972=CARTESIAN_POINT('',(1.05E1,1.249134560337E1,-1.868843853125E0));
#7973=VERTEX_POINT('',#7971);
#7974=VERTEX_POINT('',#7972);
#7975=CARTESIAN_POINT('',(1.05E1,7.15E0,-3.372376476145E-1));
#7976=VERTEX_POINT('',#7975);
#7977=CARTESIAN_POINT('',(1.05E1,7.15E0,0.E0));
#7978=VERTEX_POINT('',#7977);
#7979=CARTESIAN_POINT('',(1.05E1,0.E0,0.E0));
#7980=CARTESIAN_POINT('',(1.05E1,0.E0,-7.435778670279E0));
#7981=VERTEX_POINT('',#7979);
#7982=VERTEX_POINT('',#7980);
#7983=CARTESIAN_POINT('',(-1.05E1,9.E0,-7.034777130550E0));
#7984=CARTESIAN_POINT('',(1.05E1,9.E0,-7.034777130550E0));
#7985=VERTEX_POINT('',#7983);
#7986=VERTEX_POINT('',#7984);
#7987=CARTESIAN_POINT('',(-7.3E0,1.26E1,-4.1E0));
#7988=CARTESIAN_POINT('',(-1.02E1,1.26E1,-4.1E0));
#7989=VERTEX_POINT('',#7987);
#7990=VERTEX_POINT('',#7988);
#7991=VERTEX_POINT('',#1248);
#7992=VERTEX_POINT('',#1273);
#7993=VERTEX_POINT('',#1283);
#7994=VERTEX_POINT('',#1308);
#7995=VERTEX_POINT('',#1404);
#7996=VERTEX_POINT('',#1429);
#7997=VERTEX_POINT('',#1439);
#7998=VERTEX_POINT('',#1464);
#7999=VERTEX_POINT('',#1478);
#8000=VERTEX_POINT('',#1503);
#8001=VERTEX_POINT('',#1513);
#8002=VERTEX_POINT('',#1538);
#8003=VERTEX_POINT('',#1322);
#8004=VERTEX_POINT('',#1347);
#8005=VERTEX_POINT('',#1357);
#8006=VERTEX_POINT('',#1382);
#8007=CARTESIAN_POINT('',(-7.155E0,-1.5E0,-8.2E0));
#8008=CARTESIAN_POINT('',(-7.155E0,0.E0,-8.2E0));
#8009=VERTEX_POINT('',#8007);
#8010=VERTEX_POINT('',#8008);
#8011=CARTESIAN_POINT('',(7.155E0,0.E0,-8.2E0));
#8012=VERTEX_POINT('',#8011);
#8013=CARTESIAN_POINT('',(7.155E0,-1.5E0,-8.2E0));
#8014=VERTEX_POINT('',#8013);
#8015=CARTESIAN_POINT('',(-9.3E0,0.E0,-7.435778670279E0));
#8016=VERTEX_POINT('',#8015);
#8017=CARTESIAN_POINT('',(-8.2E0,0.E0,-7.435778670279E0));
#8018=CARTESIAN_POINT('',(-7.155E0,0.E0,-7.435778670279E0));
#8019=VERTEX_POINT('',#8017);
#8020=VERTEX_POINT('',#8018);
#8021=CARTESIAN_POINT('',(7.155E0,0.E0,-7.435778670279E0));
#8022=VERTEX_POINT('',#8021);
#8023=CARTESIAN_POINT('',(-9.3E0,0.E0,-8.2E0));
#8024=CARTESIAN_POINT('',(-8.2E0,0.E0,-8.2E0));
#8025=VERTEX_POINT('',#8023);
#8026=VERTEX_POINT('',#8024);
#8027=CARTESIAN_POINT('',(8.2E0,0.E0,-8.2E0));
#8028=CARTESIAN_POINT('',(9.3E0,0.E0,-8.2E0));
#8029=VERTEX_POINT('',#8027);
#8030=VERTEX_POINT('',#8028);
#8031=CARTESIAN_POINT('',(8.2E0,0.E0,-7.435778670279E0));
#8032=VERTEX_POINT('',#8031);
#8033=CARTESIAN_POINT('',(9.3E0,0.E0,-7.435778670279E0));
#8034=VERTEX_POINT('',#8033);
#8035=VERTEX_POINT('',#4312);
#8036=VERTEX_POINT('',#4317);
#8037=VERTEX_POINT('',#4483);
#8038=VERTEX_POINT('',#4488);
#8039=VERTEX_POINT('',#6001);
#8040=VERTEX_POINT('',#5626);
#8041=CARTESIAN_POINT('',(-9.97E0,2.082677671845E0,0.E0));
#8042=CARTESIAN_POINT('',(-9.97E0,6.017322328155E0,0.E0));
#8043=VERTEX_POINT('',#8041);
#8044=VERTEX_POINT('',#8042);
#8045=VERTEX_POINT('',#5457);
#8046=VERTEX_POINT('',#5472);
#8047=CARTESIAN_POINT('',(9.906102545389E0,6.45E0,-2.E-1));
#8048=VERTEX_POINT('',#8047);
#8049=VERTEX_POINT('',#6915);
#8050=VERTEX_POINT('',#5186);
#8051=VERTEX_POINT('',#5209);
#8052=VERTEX_POINT('',#4820);
#8053=VERTEX_POINT('',#4835);
#8054=VERTEX_POINT('',#5305);
#8055=VERTEX_POINT('',#4666);
#8056=CARTESIAN_POINT('',(-9.97E0,2.082677671845E0,-4.840301433394E-1));
#8057=CARTESIAN_POINT('',(-9.97E0,6.017322328155E0,-4.840301433395E-1));
#8058=VERTEX_POINT('',#8056);
#8059=VERTEX_POINT('',#8057);
#8060=CARTESIAN_POINT('',(-1.05E1,6.7E0,-8.2E0));
#8061=CARTESIAN_POINT('',(-9.990192378865E0,6.7E0,-8.2E0));
#8062=VERTEX_POINT('',#8060);
#8063=VERTEX_POINT('',#8061);
#8064=CARTESIAN_POINT('',(9.990192378865E0,6.7E0,-8.2E0));
#8065=CARTESIAN_POINT('',(1.05E1,6.7E0,-8.2E0));
#8066=VERTEX_POINT('',#8064);
#8067=VERTEX_POINT('',#8065);
#8068=CARTESIAN_POINT('',(-7.3E0,1.074641E1,-4.1E0));
#8069=CARTESIAN_POINT('',(-1.02E1,1.074641E1,-4.1E0));
#8070=VERTEX_POINT('',#8068);
#8071=VERTEX_POINT('',#8069);
#8072=CARTESIAN_POINT('',(-9.05E0,1.074641E1,-2.732520566882E0));
#8073=CARTESIAN_POINT('',(-9.05E0,1.074641E1,-5.467479433118E0));
#8074=VERTEX_POINT('',#8072);
#8075=VERTEX_POINT('',#8073);
#8076=CARTESIAN_POINT('',(-8.45E0,1.074641E1,-5.467479433118E0));
#8077=CARTESIAN_POINT('',(-8.45E0,1.074641E1,-2.732520566882E0));
#8078=VERTEX_POINT('',#8076);
#8079=VERTEX_POINT('',#8077);
#8080=CARTESIAN_POINT('',(-1.0075E1,1.04E1,-2.956698729811E0));
#8081=CARTESIAN_POINT('',(-1.0275E1,1.04E1,-2.841228675973E0));
#8082=VERTEX_POINT('',#8080);
#8083=VERTEX_POINT('',#8081);
#8084=CARTESIAN_POINT('',(-1.0275E1,1.04E1,-2.158771324027E0));
#8085=CARTESIAN_POINT('',(-1.0075E1,1.04E1,-2.043301270189E0));
#8086=VERTEX_POINT('',#8084);
#8087=VERTEX_POINT('',#8085);
#8088=CARTESIAN_POINT('',(-1.E1,1.04E1,-2.086602540378E0));
#8089=VERTEX_POINT('',#8088);
#8090=CARTESIAN_POINT('',(-1.E1,1.04E1,-2.913397459622E0));
#8091=VERTEX_POINT('',#8090);
#8092=CARTESIAN_POINT('',(-1.0275E1,1.04E1,-5.358771324027E0));
#8093=CARTESIAN_POINT('',(-1.0075E1,1.04E1,-5.243301270189E0));
#8094=VERTEX_POINT('',#8092);
#8095=VERTEX_POINT('',#8093);
#8096=CARTESIAN_POINT('',(-1.E1,1.04E1,-5.286602540378E0));
#8097=VERTEX_POINT('',#8096);
#8098=CARTESIAN_POINT('',(-1.E1,1.04E1,-6.113397459622E0));
#8099=VERTEX_POINT('',#8098);
#8100=CARTESIAN_POINT('',(-1.0075E1,1.04E1,-6.156698729811E0));
#8101=VERTEX_POINT('',#8100);
#8102=CARTESIAN_POINT('',(-1.0275E1,1.04E1,-6.041228675973E0));
#8103=VERTEX_POINT('',#8102);
#8104=CARTESIAN_POINT('',(-1.05E1,1.04E1,-6.171132486540E0));
#8105=CARTESIAN_POINT('',(-1.05E1,1.04E1,-5.228867513459E0));
#8106=VERTEX_POINT('',#8104);
#8107=VERTEX_POINT('',#8105);
#8108=CARTESIAN_POINT('',(-1.05E1,1.04E1,-2.971132486540E0));
#8109=CARTESIAN_POINT('',(-1.05E1,1.04E1,-2.028867513459E0));
#8110=VERTEX_POINT('',#8108);
#8111=VERTEX_POINT('',#8109);
#8112=CARTESIAN_POINT('',(-1.05E1,1.26E1,-2.971132486540E0));
#8113=VERTEX_POINT('',#8112);
#8114=CARTESIAN_POINT('',(-1.05E1,1.26E1,-2.028867513460E0));
#8115=VERTEX_POINT('',#8114);
#8116=CARTESIAN_POINT('',(-1.05E1,1.26E1,-6.171132486540E0));
#8117=VERTEX_POINT('',#8116);
#8118=CARTESIAN_POINT('',(-1.05E1,1.26E1,-5.228867513459E0));
#8119=VERTEX_POINT('',#8118);
#8120=CARTESIAN_POINT('',(-1.0075E1,1.26E1,-2.956698729811E0));
#8121=CARTESIAN_POINT('',(-1.0275E1,1.26E1,-2.841228675973E0));
#8122=VERTEX_POINT('',#8120);
#8123=VERTEX_POINT('',#8121);
#8124=CARTESIAN_POINT('',(-1.0275E1,1.26E1,-2.158771324027E0));
#8125=VERTEX_POINT('',#8124);
#8126=CARTESIAN_POINT('',(-1.0075E1,1.26E1,-2.043301270189E0));
#8127=VERTEX_POINT('',#8126);
#8128=CARTESIAN_POINT('',(-1.E1,1.26E1,-2.086602540378E0));
#8129=VERTEX_POINT('',#8128);
#8130=CARTESIAN_POINT('',(-1.E1,1.26E1,-2.913397459622E0));
#8131=VERTEX_POINT('',#8130);
#8132=CARTESIAN_POINT('',(-1.0275E1,1.26E1,-5.358771324027E0));
#8133=CARTESIAN_POINT('',(-1.0075E1,1.26E1,-5.243301270189E0));
#8134=VERTEX_POINT('',#8132);
#8135=VERTEX_POINT('',#8133);
#8136=CARTESIAN_POINT('',(-1.E1,1.26E1,-5.286602540378E0));
#8137=VERTEX_POINT('',#8136);
#8138=CARTESIAN_POINT('',(-1.E1,1.26E1,-6.113397459622E0));
#8139=VERTEX_POINT('',#8138);
#8140=CARTESIAN_POINT('',(-1.0075E1,1.26E1,-6.156698729811E0));
#8141=VERTEX_POINT('',#8140);
#8142=CARTESIAN_POINT('',(-1.0275E1,1.26E1,-6.041228675973E0));
#8143=VERTEX_POINT('',#8142);
#8144=CARTESIAN_POINT('',(1.0575E1,1.26E1,-2.245373864406E0));
#8145=CARTESIAN_POINT('',(1.0775E1,1.26E1,-2.129903810568E0));
#8146=VERTEX_POINT('',#8144);
#8147=VERTEX_POINT('',#8145);
#8148=CARTESIAN_POINT('',(1.1E1,1.26E1,-2.259807621135E0));
#8149=VERTEX_POINT('',#8148);
#8150=CARTESIAN_POINT('',(1.1E1,1.26E1,-2.740192378865E0));
#8151=VERTEX_POINT('',#8150);
#8152=CARTESIAN_POINT('',(1.0775E1,1.26E1,-2.870096189432E0));
#8153=VERTEX_POINT('',#8152);
#8154=CARTESIAN_POINT('',(1.0575E1,1.26E1,-2.754626135594E0));
#8155=VERTEX_POINT('',#8154);
#8156=CARTESIAN_POINT('',(1.0775E1,1.26E1,-5.329903810568E0));
#8157=CARTESIAN_POINT('',(1.1E1,1.26E1,-5.459807621135E0));
#8158=VERTEX_POINT('',#8156);
#8159=VERTEX_POINT('',#8157);
#8160=CARTESIAN_POINT('',(1.1E1,1.26E1,-5.940192378865E0));
#8161=VERTEX_POINT('',#8160);
#8162=CARTESIAN_POINT('',(1.0775E1,1.26E1,-6.070096189432E0));
#8163=VERTEX_POINT('',#8162);
#8164=CARTESIAN_POINT('',(1.0575E1,1.26E1,-5.954626135594E0));
#8165=VERTEX_POINT('',#8164);
#8166=CARTESIAN_POINT('',(1.0575E1,1.26E1,-5.445373864406E0));
#8167=VERTEX_POINT('',#8166);
#8168=CARTESIAN_POINT('',(1.0575E1,1.04E1,-2.245373864406E0));
#8169=CARTESIAN_POINT('',(1.0775E1,1.04E1,-2.129903810568E0));
#8170=VERTEX_POINT('',#8168);
#8171=VERTEX_POINT('',#8169);
#8172=CARTESIAN_POINT('',(1.1E1,1.04E1,-2.259807621135E0));
#8173=VERTEX_POINT('',#8172);
#8174=CARTESIAN_POINT('',(1.1E1,1.04E1,-2.740192378865E0));
#8175=VERTEX_POINT('',#8174);
#8176=CARTESIAN_POINT('',(1.0775E1,1.04E1,-2.870096189432E0));
#8177=VERTEX_POINT('',#8176);
#8178=CARTESIAN_POINT('',(1.0575E1,1.04E1,-2.754626135594E0));
#8179=VERTEX_POINT('',#8178);
#8180=CARTESIAN_POINT('',(1.0775E1,1.04E1,-5.329903810568E0));
#8181=CARTESIAN_POINT('',(1.1E1,1.04E1,-5.459807621135E0));
#8182=VERTEX_POINT('',#8180);
#8183=VERTEX_POINT('',#8181);
#8184=CARTESIAN_POINT('',(1.1E1,1.04E1,-5.940192378865E0));
#8185=VERTEX_POINT('',#8184);
#8186=CARTESIAN_POINT('',(1.0775E1,1.04E1,-6.070096189432E0));
#8187=VERTEX_POINT('',#8186);
#8188=CARTESIAN_POINT('',(1.0575E1,1.04E1,-5.954626135594E0));
#8189=VERTEX_POINT('',#8188);
#8190=CARTESIAN_POINT('',(1.0575E1,1.04E1,-5.445373864406E0));
#8191=VERTEX_POINT('',#8190);
#8192=CARTESIAN_POINT('',(1.05E1,1.04E1,-5.997927405784E0));
#8193=CARTESIAN_POINT('',(1.05E1,1.04E1,-5.402072594216E0));
#8194=VERTEX_POINT('',#8192);
#8195=VERTEX_POINT('',#8193);
#8196=CARTESIAN_POINT('',(1.05E1,1.04E1,-2.797927405784E0));
#8197=CARTESIAN_POINT('',(1.05E1,1.04E1,-2.202072594216E0));
#8198=VERTEX_POINT('',#8196);
#8199=VERTEX_POINT('',#8197);
#8200=CARTESIAN_POINT('',(1.05E1,1.26E1,-2.202072594216E0));
#8201=VERTEX_POINT('',#8200);
#8202=CARTESIAN_POINT('',(1.05E1,1.26E1,-2.797927405784E0));
#8203=VERTEX_POINT('',#8202);
#8204=CARTESIAN_POINT('',(1.05E1,1.26E1,-5.997927405784E0));
#8205=VERTEX_POINT('',#8204);
#8206=CARTESIAN_POINT('',(1.05E1,1.26E1,-5.402072594216E0));
#8207=VERTEX_POINT('',#8206);
#8208=CARTESIAN_POINT('',(-9.874722325027E0,6.7E0,-7.4E0));
#8209=CARTESIAN_POINT('',(-9.831421054837E0,6.7E0,-7.475E0));
#8210=VERTEX_POINT('',#8208);
#8211=VERTEX_POINT('',#8209);
#8212=CARTESIAN_POINT('',(-1.012009618943E1,6.7E0,-7.975E0));
#8213=VERTEX_POINT('',#8212);
#8214=CARTESIAN_POINT('',(-1.05E1,6.7E0,-7.4E0));
#8215=VERTEX_POINT('',#8214);
#8216=CARTESIAN_POINT('',(-1.05E1,9.E0,-7.4E0));
#8217=VERTEX_POINT('',#8216);
#8218=CARTESIAN_POINT('',(1.05E1,6.7E0,-7.4E0));
#8219=VERTEX_POINT('',#8218);
#8220=CARTESIAN_POINT('',(-9.990192378865E0,9.E0,-8.2E0));
#8221=VERTEX_POINT('',#8220);
#8222=CARTESIAN_POINT('',(-9.874722325027E0,9.E0,-7.4E0));
#8223=VERTEX_POINT('',#8222);
#8224=CARTESIAN_POINT('',(-9.831421054837E0,9.E0,-7.475E0));
#8225=VERTEX_POINT('',#8224);
#8226=CARTESIAN_POINT('',(-1.012009618943E1,9.E0,-7.975E0));
#8227=VERTEX_POINT('',#8226);
#8228=CARTESIAN_POINT('',(-1.05E1,-1.5E0,-8.2E0));
#8229=VERTEX_POINT('',#8228);
#8230=CARTESIAN_POINT('',(1.05E1,-1.5E0,-8.2E0));
#8231=VERTEX_POINT('',#8230);
#8232=CARTESIAN_POINT('',(1.05E1,9.E0,-7.4E0));
#8233=VERTEX_POINT('',#8232);
#8234=CARTESIAN_POINT('',(-9.05E0,1.134641E1,-5.261895003862E0));
#8235=CARTESIAN_POINT('',(-9.05E0,1.134641E1,-2.938104996138E0));
#8236=VERTEX_POINT('',#8234);
#8237=VERTEX_POINT('',#8235);
#8238=CARTESIAN_POINT('',(-8.45E0,1.134641E1,-2.938104996138E0));
#8239=CARTESIAN_POINT('',(-8.45E0,1.134641E1,-5.261895003862E0));
#8240=VERTEX_POINT('',#8238);
#8241=VERTEX_POINT('',#8239);
#8242=CARTESIAN_POINT('',(-9.05E0,1.114641E1,-2.732520566882E0));
#8243=VERTEX_POINT('',#8242);
#8244=CARTESIAN_POINT('',(-8.45E0,1.114641E1,-2.732520566882E0));
#8245=VERTEX_POINT('',#8244);
#8246=CARTESIAN_POINT('',(-9.05E0,1.114641E1,-5.467479433118E0));
#8247=VERTEX_POINT('',#8246);
#8248=CARTESIAN_POINT('',(-8.45E0,1.114641E1,-5.467479433118E0));
#8249=VERTEX_POINT('',#8248);
#8250=CARTESIAN_POINT('',(-9.2E0,0.E0,-6.851787997812E0));
#8251=CARTESIAN_POINT('',(-9.2E0,0.E0,-7.356350832690E0));
#8252=VERTEX_POINT('',#8250);
#8253=VERTEX_POINT('',#8251);
#8254=CARTESIAN_POINT('',(-8.3E0,0.E0,-6.851787997812E0));
#8255=CARTESIAN_POINT('',(-8.3E0,0.E0,-7.356350832690E0));
#8256=VERTEX_POINT('',#8254);
#8257=VERTEX_POINT('',#8255);
#8258=CARTESIAN_POINT('',(-9.2E0,-6.5E-1,-7.55E0));
#8259=CARTESIAN_POINT('',(-8.3E0,-6.5E-1,-7.55E0));
#8260=VERTEX_POINT('',#8258);
#8261=VERTEX_POINT('',#8259);
#8262=CARTESIAN_POINT('',(-9.2E0,-1.5E-1,-7.55E0));
#8263=CARTESIAN_POINT('',(-8.3E0,-1.5E-1,-7.55E0));
#8264=VERTEX_POINT('',#8262);
#8265=VERTEX_POINT('',#8263);
#8266=CARTESIAN_POINT('',(-8.3E0,-6.5E-1,-1.095358983849E1));
#8267=CARTESIAN_POINT('',(-8.3E0,-1.5E-1,-1.095358983849E1));
#8268=VERTEX_POINT('',#8266);
#8269=VERTEX_POINT('',#8267);
#8270=CARTESIAN_POINT('',(-8.460280232338E0,-6.5E-1,-1.155176380902E1));
#8271=VERTEX_POINT('',#8270);
#8272=CARTESIAN_POINT('',(-8.460280232338E0,-1.5E-1,-1.155176380902E1));
#8273=VERTEX_POINT('',#8272);
#8274=CARTESIAN_POINT('',(-8.846534602404E0,-6.5E-1,-1.17E1));
#8275=CARTESIAN_POINT('',(-8.653465397596E0,-6.5E-1,-1.17E1));
#8276=VERTEX_POINT('',#8274);
#8277=VERTEX_POINT('',#8275);
#8278=CARTESIAN_POINT('',(-8.846534602404E0,-1.5E-1,-1.17E1));
#8279=CARTESIAN_POINT('',(-8.653465397596E0,-1.5E-1,-1.17E1));
#8280=VERTEX_POINT('',#8278);
#8281=VERTEX_POINT('',#8279);
#8282=CARTESIAN_POINT('',(-9.2E0,-6.5E-1,-1.095358983849E1));
#8283=CARTESIAN_POINT('',(-9.2E0,-1.5E-1,-1.095358983849E1));
#8284=VERTEX_POINT('',#8282);
#8285=VERTEX_POINT('',#8283);
#8286=CARTESIAN_POINT('',(-9.039719767662E0,-6.5E-1,-1.155176380902E1));
#8287=VERTEX_POINT('',#8286);
#8288=CARTESIAN_POINT('',(-9.039719767662E0,-1.5E-1,-1.155176380902E1));
#8289=VERTEX_POINT('',#8288);
#8290=CARTESIAN_POINT('',(-9.3E0,-1.3E0,-8.2E0));
#8291=CARTESIAN_POINT('',(-9.5E0,-1.5E0,-8.2E0));
#8292=VERTEX_POINT('',#8290);
#8293=VERTEX_POINT('',#8291);
#8294=CARTESIAN_POINT('',(-9.5E0,-1.5E0,-7.635778670279E0));
#8295=VERTEX_POINT('',#8294);
#8296=CARTESIAN_POINT('',(-9.3E0,-1.3E0,-7.435778670279E0));
#8297=VERTEX_POINT('',#8296);
#8298=CARTESIAN_POINT('',(-1.05E1,-1.5E0,-7.635778670279E0));
#8299=CARTESIAN_POINT('',(-1.05E1,-1.3E0,-7.435778670279E0));
#8300=VERTEX_POINT('',#8298);
#8301=VERTEX_POINT('',#8299);
#8302=CARTESIAN_POINT('',(-8.E0,-1.5E0,-8.2E0));
#8303=CARTESIAN_POINT('',(-8.2E0,-1.3E0,-8.2E0));
#8304=VERTEX_POINT('',#8302);
#8305=VERTEX_POINT('',#8303);
#8306=CARTESIAN_POINT('',(-8.2E0,-1.3E0,-7.435778670279E0));
#8307=VERTEX_POINT('',#8306);
#8308=CARTESIAN_POINT('',(-8.E0,-1.5E0,-7.635778670279E0));
#8309=VERTEX_POINT('',#8308);
#8310=CARTESIAN_POINT('',(-7.155E0,-1.3E0,-7.435778670279E0));
#8311=CARTESIAN_POINT('',(-7.155E0,-1.5E0,-7.635778670279E0));
#8312=VERTEX_POINT('',#8310);
#8313=VERTEX_POINT('',#8311);
#8314=CARTESIAN_POINT('',(9.5E0,-1.5E0,-8.2E0));
#8315=CARTESIAN_POINT('',(9.3E0,-1.3E0,-8.2E0));
#8316=VERTEX_POINT('',#8314);
#8317=VERTEX_POINT('',#8315);
#8318=CARTESIAN_POINT('',(9.3E0,-1.3E0,-7.435778670279E0));
#8319=VERTEX_POINT('',#8318);
#8320=CARTESIAN_POINT('',(9.5E0,-1.5E0,-7.635778670279E0));
#8321=VERTEX_POINT('',#8320);
#8322=CARTESIAN_POINT('',(1.05E1,-1.3E0,-7.435778670279E0));
#8323=CARTESIAN_POINT('',(1.05E1,-1.5E0,-7.635778670279E0));
#8324=VERTEX_POINT('',#8322);
#8325=VERTEX_POINT('',#8323);
#8326=CARTESIAN_POINT('',(8.2E0,-1.3E0,-8.2E0));
#8327=CARTESIAN_POINT('',(8.E0,-1.5E0,-8.2E0));
#8328=VERTEX_POINT('',#8326);
#8329=VERTEX_POINT('',#8327);
#8330=CARTESIAN_POINT('',(8.E0,-1.5E0,-7.635778670279E0));
#8331=VERTEX_POINT('',#8330);
#8332=CARTESIAN_POINT('',(8.2E0,-1.3E0,-7.435778670279E0));
#8333=VERTEX_POINT('',#8332);
#8334=CARTESIAN_POINT('',(7.155E0,-1.5E0,-7.635778670279E0));
#8335=CARTESIAN_POINT('',(7.155E0,-1.3E0,-7.435778670279E0));
#8336=VERTEX_POINT('',#8334);
#8337=VERTEX_POINT('',#8335);
#8338=CARTESIAN_POINT('',(-1.05E1,1.26E1,-6.274135055323E0));
#8339=CARTESIAN_POINT('',(-1.05E1,1.247604722665E1,-6.421856218275E0));
#8340=VERTEX_POINT('',#8338);
#8341=VERTEX_POINT('',#8339);
#8342=CARTESIAN_POINT('',(1.05E1,1.247604722665E1,-6.421856218275E0));
#8343=VERTEX_POINT('',#8342);
#8344=CARTESIAN_POINT('',(1.05E1,1.26E1,-6.274135055323E0));
#8345=VERTEX_POINT('',#8344);
#8346=CARTESIAN_POINT('',(9.990192378865E0,9.E0,-8.2E0));
#8347=VERTEX_POINT('',#8346);
#8348=CARTESIAN_POINT('',(1.012009618943E1,6.7E0,-7.975E0));
#8349=CARTESIAN_POINT('',(9.831421054837E0,6.7E0,-7.475E0));
#8350=VERTEX_POINT('',#8348);
#8351=VERTEX_POINT('',#8349);
#8352=CARTESIAN_POINT('',(9.874722325027E0,6.7E0,-7.4E0));
#8353=VERTEX_POINT('',#8352);
#8354=CARTESIAN_POINT('',(1.012009618943E1,9.E0,-7.975E0));
#8355=CARTESIAN_POINT('',(9.831421054837E0,9.E0,-7.475E0));
#8356=VERTEX_POINT('',#8354);
#8357=VERTEX_POINT('',#8355);
#8358=CARTESIAN_POINT('',(9.874722325027E0,9.E0,-7.4E0));
#8359=VERTEX_POINT('',#8358);
#8360=CARTESIAN_POINT('',(-3.8E0,1.074641E1,-4.1E0));
#8361=CARTESIAN_POINT('',(-6.7E0,1.074641E1,-4.1E0));
#8362=VERTEX_POINT('',#8360);
#8363=VERTEX_POINT('',#8361);
#8364=CARTESIAN_POINT('',(-5.55E0,1.074641E1,-5.467479433118E0));
#8365=CARTESIAN_POINT('',(-5.55E0,1.074641E1,-2.732520566882E0));
#8366=VERTEX_POINT('',#8364);
#8367=VERTEX_POINT('',#8365);
#8368=CARTESIAN_POINT('',(-4.95E0,1.074641E1,-2.732520566882E0));
#8369=CARTESIAN_POINT('',(-4.95E0,1.074641E1,-5.467479433118E0));
#8370=VERTEX_POINT('',#8368);
#8371=VERTEX_POINT('',#8369);
#8372=CARTESIAN_POINT('',(-5.833192750113E0,1.236974900505E1,
-5.427548950591E0));
#8373=CARTESIAN_POINT('',(-6.577548950591E0,1.236974900505E1,
-4.683192750113E0));
#8374=VERTEX_POINT('',#8372);
#8375=VERTEX_POINT('',#8373);
#8376=CARTESIAN_POINT('',(-5.973022537360E0,1.247113248654E1,
-5.356876449962E0));
#8377=CARTESIAN_POINT('',(-6.506876449962E0,1.247113248654E1,
-4.823022537360E0));
#8378=VERTEX_POINT('',#8376);
#8379=VERTEX_POINT('',#8377);
#8380=CARTESIAN_POINT('',(-6.577548950591E0,1.236974900505E1,
-3.516807249887E0));
#8381=CARTESIAN_POINT('',(-5.833192750113E0,1.236974900505E1,
-2.772451049409E0));
#8382=VERTEX_POINT('',#8380);
#8383=VERTEX_POINT('',#8381);
#8384=CARTESIAN_POINT('',(-6.506876449962E0,1.247113248654E1,
-3.376977462640E0));
#8385=CARTESIAN_POINT('',(-5.973022537360E0,1.247113248654E1,
-2.843123550038E0));
#8386=VERTEX_POINT('',#8384);
#8387=VERTEX_POINT('',#8385);
#8388=CARTESIAN_POINT('',(-4.666807249887E0,1.236974900505E1,
-2.772451049409E0));
#8389=CARTESIAN_POINT('',(-3.922451049409E0,1.236974900505E1,
-3.516807249887E0));
#8390=VERTEX_POINT('',#8388);
#8391=VERTEX_POINT('',#8389);
#8392=CARTESIAN_POINT('',(-4.526977462640E0,1.247113248654E1,
-2.843123550038E0));
#8393=CARTESIAN_POINT('',(-3.993123550038E0,1.247113248654E1,
-3.376977462640E0));
#8394=VERTEX_POINT('',#8392);
#8395=VERTEX_POINT('',#8393);
#8396=CARTESIAN_POINT('',(-3.922451049409E0,1.236974900505E1,
-4.683192750113E0));
#8397=CARTESIAN_POINT('',(-4.666807249887E0,1.236974900505E1,
-5.427548950591E0));
#8398=VERTEX_POINT('',#8396);
#8399=VERTEX_POINT('',#8397);
#8400=CARTESIAN_POINT('',(-3.993123550038E0,1.247113248654E1,
-4.823022537360E0));
#8401=CARTESIAN_POINT('',(-4.526977462640E0,1.247113248654E1,
-5.356876449962E0));
#8402=VERTEX_POINT('',#8400);
#8403=VERTEX_POINT('',#8401);
#8404=CARTESIAN_POINT('',(-3.E-1,1.074641E1,-4.1E0));
#8405=CARTESIAN_POINT('',(-3.2E0,1.074641E1,-4.1E0));
#8406=VERTEX_POINT('',#8404);
#8407=VERTEX_POINT('',#8405);
#8408=CARTESIAN_POINT('',(-2.05E0,1.074641E1,-5.467479433118E0));
#8409=CARTESIAN_POINT('',(-2.05E0,1.074641E1,-2.732520566882E0));
#8410=VERTEX_POINT('',#8408);
#8411=VERTEX_POINT('',#8409);
#8412=CARTESIAN_POINT('',(-1.45E0,1.074641E1,-2.732520566882E0));
#8413=CARTESIAN_POINT('',(-1.45E0,1.074641E1,-5.467479433118E0));
#8414=VERTEX_POINT('',#8412);
#8415=VERTEX_POINT('',#8413);
#8416=CARTESIAN_POINT('',(-2.333192750113E0,1.236974900505E1,
-5.427548950591E0));
#8417=CARTESIAN_POINT('',(-3.077548950591E0,1.236974900505E1,
-4.683192750113E0));
#8418=VERTEX_POINT('',#8416);
#8419=VERTEX_POINT('',#8417);
#8420=CARTESIAN_POINT('',(-2.473022537360E0,1.247113248654E1,
-5.356876449962E0));
#8421=CARTESIAN_POINT('',(-3.006876449962E0,1.247113248654E1,
-4.823022537360E0));
#8422=VERTEX_POINT('',#8420);
#8423=VERTEX_POINT('',#8421);
#8424=CARTESIAN_POINT('',(-3.077548950591E0,1.236974900505E1,
-3.516807249887E0));
#8425=CARTESIAN_POINT('',(-2.333192750113E0,1.236974900505E1,
-2.772451049409E0));
#8426=VERTEX_POINT('',#8424);
#8427=VERTEX_POINT('',#8425);
#8428=CARTESIAN_POINT('',(-3.006876449962E0,1.247113248654E1,
-3.376977462640E0));
#8429=CARTESIAN_POINT('',(-2.473022537360E0,1.247113248654E1,
-2.843123550038E0));
#8430=VERTEX_POINT('',#8428);
#8431=VERTEX_POINT('',#8429);
#8432=CARTESIAN_POINT('',(-1.166807249887E0,1.236974900505E1,
-2.772451049409E0));
#8433=CARTESIAN_POINT('',(-4.224510494089E-1,1.236974900505E1,
-3.516807249887E0));
#8434=VERTEX_POINT('',#8432);
#8435=VERTEX_POINT('',#8433);
#8436=CARTESIAN_POINT('',(-1.026977462640E0,1.247113248654E1,
-2.843123550038E0));
#8437=CARTESIAN_POINT('',(-4.931235500381E-1,1.247113248654E1,
-3.376977462640E0));
#8438=VERTEX_POINT('',#8436);
#8439=VERTEX_POINT('',#8437);
#8440=CARTESIAN_POINT('',(-4.224510494089E-1,1.236974900505E1,
-4.683192750113E0));
#8441=CARTESIAN_POINT('',(-1.166807249887E0,1.236974900505E1,
-5.427548950591E0));
#8442=VERTEX_POINT('',#8440);
#8443=VERTEX_POINT('',#8441);
#8444=CARTESIAN_POINT('',(-4.931235500381E-1,1.247113248654E1,
-4.823022537360E0));
#8445=CARTESIAN_POINT('',(-1.026977462640E0,1.247113248654E1,
-5.356876449962E0));
#8446=VERTEX_POINT('',#8444);
#8447=VERTEX_POINT('',#8445);
#8448=CARTESIAN_POINT('',(3.2E0,1.074641E1,-4.1E0));
#8449=CARTESIAN_POINT('',(3.E-1,1.074641E1,-4.1E0));
#8450=VERTEX_POINT('',#8448);
#8451=VERTEX_POINT('',#8449);
#8452=CARTESIAN_POINT('',(1.45E0,1.074641E1,-5.467479433118E0));
#8453=CARTESIAN_POINT('',(1.45E0,1.074641E1,-2.732520566882E0));
#8454=VERTEX_POINT('',#8452);
#8455=VERTEX_POINT('',#8453);
#8456=CARTESIAN_POINT('',(2.05E0,1.074641E1,-2.732520566882E0));
#8457=CARTESIAN_POINT('',(2.05E0,1.074641E1,-5.467479433118E0));
#8458=VERTEX_POINT('',#8456);
#8459=VERTEX_POINT('',#8457);
#8460=CARTESIAN_POINT('',(1.166807249887E0,1.236974900505E1,-5.427548950591E0));
#8461=CARTESIAN_POINT('',(4.224510494089E-1,1.236974900505E1,
-4.683192750113E0));
#8462=VERTEX_POINT('',#8460);
#8463=VERTEX_POINT('',#8461);
#8464=CARTESIAN_POINT('',(1.026977462640E0,1.247113248654E1,-5.356876449962E0));
#8465=CARTESIAN_POINT('',(4.931235500381E-1,1.247113248654E1,
-4.823022537360E0));
#8466=VERTEX_POINT('',#8464);
#8467=VERTEX_POINT('',#8465);
#8468=CARTESIAN_POINT('',(4.224510494089E-1,1.236974900505E1,
-3.516807249887E0));
#8469=CARTESIAN_POINT('',(1.166807249887E0,1.236974900505E1,-2.772451049409E0));
#8470=VERTEX_POINT('',#8468);
#8471=VERTEX_POINT('',#8469);
#8472=CARTESIAN_POINT('',(4.931235500381E-1,1.247113248654E1,
-3.376977462640E0));
#8473=CARTESIAN_POINT('',(1.026977462640E0,1.247113248654E1,-2.843123550038E0));
#8474=VERTEX_POINT('',#8472);
#8475=VERTEX_POINT('',#8473);
#8476=CARTESIAN_POINT('',(2.333192750113E0,1.236974900505E1,-2.772451049409E0));
#8477=CARTESIAN_POINT('',(3.077548950591E0,1.236974900505E1,-3.516807249887E0));
#8478=VERTEX_POINT('',#8476);
#8479=VERTEX_POINT('',#8477);
#8480=CARTESIAN_POINT('',(2.473022537360E0,1.247113248654E1,-2.843123550038E0));
#8481=CARTESIAN_POINT('',(3.006876449962E0,1.247113248654E1,-3.376977462640E0));
#8482=VERTEX_POINT('',#8480);
#8483=VERTEX_POINT('',#8481);
#8484=CARTESIAN_POINT('',(3.077548950591E0,1.236974900505E1,-4.683192750113E0));
#8485=CARTESIAN_POINT('',(2.333192750113E0,1.236974900505E1,-5.427548950591E0));
#8486=VERTEX_POINT('',#8484);
#8487=VERTEX_POINT('',#8485);
#8488=CARTESIAN_POINT('',(3.006876449962E0,1.247113248654E1,-4.823022537360E0));
#8489=CARTESIAN_POINT('',(2.473022537360E0,1.247113248654E1,-5.356876449962E0));
#8490=VERTEX_POINT('',#8488);
#8491=VERTEX_POINT('',#8489);
#8492=CARTESIAN_POINT('',(-3.8E0,1.26E1,-4.1E0));
#8493=CARTESIAN_POINT('',(-6.7E0,1.26E1,-4.1E0));
#8494=VERTEX_POINT('',#8492);
#8495=VERTEX_POINT('',#8493);
#8496=VERTEX_POINT('',#2114);
#8497=VERTEX_POINT('',#2137);
#8498=VERTEX_POINT('',#2139);
#8499=VERTEX_POINT('',#2162);
#8500=VERTEX_POINT('',#2182);
#8501=VERTEX_POINT('',#2205);
#8502=VERTEX_POINT('',#2207);
#8503=VERTEX_POINT('',#2230);
#8504=CARTESIAN_POINT('',(-3.E-1,1.26E1,-4.1E0));
#8505=CARTESIAN_POINT('',(-3.2E0,1.26E1,-4.1E0));
#8506=VERTEX_POINT('',#8504);
#8507=VERTEX_POINT('',#8505);
#8508=VERTEX_POINT('',#2622);
#8509=VERTEX_POINT('',#2645);
#8510=VERTEX_POINT('',#2647);
#8511=VERTEX_POINT('',#2670);
#8512=VERTEX_POINT('',#2690);
#8513=VERTEX_POINT('',#2713);
#8514=VERTEX_POINT('',#2715);
#8515=VERTEX_POINT('',#2738);
#8516=CARTESIAN_POINT('',(3.2E0,1.26E1,-4.1E0));
#8517=CARTESIAN_POINT('',(3.E-1,1.26E1,-4.1E0));
#8518=VERTEX_POINT('',#8516);
#8519=VERTEX_POINT('',#8517);
#8520=VERTEX_POINT('',#3130);
#8521=VERTEX_POINT('',#3153);
#8522=VERTEX_POINT('',#3155);
#8523=VERTEX_POINT('',#3178);
#8524=VERTEX_POINT('',#3198);
#8525=VERTEX_POINT('',#3221);
#8526=VERTEX_POINT('',#3223);
#8527=VERTEX_POINT('',#3246);
#8528=VERTEX_POINT('',#5317);
#8529=CARTESIAN_POINT('',(-9.920987823651E0,6.45E0,-2.E-1));
#8530=VERTEX_POINT('',#8529);
#8531=VERTEX_POINT('',#6719);
#8532=VERTEX_POINT('',#4979);
#8533=VERTEX_POINT('',#5002);
#8534=VERTEX_POINT('',#4654);
#8535=VERTEX_POINT('',#5962);
#8536=VERTEX_POINT('',#5983);
#8537=VERTEX_POINT('',#6042);
#8538=VERTEX_POINT('',#6063);
#8539=VERTEX_POINT('',#5578);
#8540=VERTEX_POINT('',#5599);
#8541=VERTEX_POINT('',#5674);
#8542=VERTEX_POINT('',#5695);
#8543=CARTESIAN_POINT('',(-7.608359334102E0,5.666919739696E0,
-1.337852494577E0));
#8544=VERTEX_POINT('',#8543);
#8545=CARTESIAN_POINT('',(-7.608359334102E0,2.433080260304E0,
-1.337852494577E0));
#8546=VERTEX_POINT('',#8545);
#8547=VERTEX_POINT('',#4408);
#8548=VERTEX_POINT('',#4413);
#8549=VERTEX_POINT('',#4593);
#8550=VERTEX_POINT('',#4598);
#8551=VERTEX_POINT('',#6022);
#8552=VERTEX_POINT('',#6324);
#8553=VERTEX_POINT('',#6303);
#8554=VERTEX_POINT('',#5605);
#8555=VERTEX_POINT('',#5931);
#8556=VERTEX_POINT('',#5952);
#8557=CARTESIAN_POINT('',(-9.395E0,2.65E0,-2.05E0));
#8558=VERTEX_POINT('',#8557);
#8559=CARTESIAN_POINT('',(9.395E0,2.65E0,-2.05E0));
#8560=VERTEX_POINT('',#8559);
#8561=CARTESIAN_POINT('',(-9.395E0,5.45E0,-2.05E0));
#8562=VERTEX_POINT('',#8561);
#8563=CARTESIAN_POINT('',(9.395E0,5.45E0,-2.05E0));
#8564=VERTEX_POINT('',#8563);
#8565=VERTEX_POINT('',#7174);
#8566=VERTEX_POINT('',#6035);
#8567=VERTEX_POINT('',#5702);
#8568=CARTESIAN_POINT('',(-7.825E0,2.65E0,-2.05E0));
#8569=VERTEX_POINT('',#8568);
#8570=CARTESIAN_POINT('',(-6.175E0,2.65E0,-2.05E0));
#8571=VERTEX_POINT('',#8570);
#8572=CARTESIAN_POINT('',(-7.825E0,5.45E0,-2.05E0));
#8573=VERTEX_POINT('',#8572);
#8574=CARTESIAN_POINT('',(-6.175E0,5.45E0,-2.05E0));
#8575=VERTEX_POINT('',#8574);
#8576=VERTEX_POINT('',#4342);
#8577=VERTEX_POINT('',#4345);
#8578=VERTEX_POINT('',#4296);
#8579=VERTEX_POINT('',#4299);
#8580=VERTEX_POINT('',#5357);
#8581=VERTEX_POINT('',#5275);
#8582=CARTESIAN_POINT('',(-6.650987823651E0,6.45E0,-2.E-1));
#8583=VERTEX_POINT('',#8582);
#8584=CARTESIAN_POINT('',(-7.349012176349E0,6.45E0,-2.E-1));
#8585=VERTEX_POINT('',#8584);
#8586=VERTEX_POINT('',#6775);
#8587=VERTEX_POINT('',#6666);
#8588=VERTEX_POINT('',#5030);
#8589=VERTEX_POINT('',#5054);
#8590=VERTEX_POINT('',#4953);
#8591=VERTEX_POINT('',#4977);
#8592=VERTEX_POINT('',#4698);
#8593=VERTEX_POINT('',#4714);
#8594=VERTEX_POINT('',#4632);
#8595=VERTEX_POINT('',#4648);
#8596=VERTEX_POINT('',#4506);
#8597=VERTEX_POINT('',#4477);
#8598=VERTEX_POINT('',#4462);
#8599=VERTEX_POINT('',#7000);
#8600=CARTESIAN_POINT('',(6.7E0,1.074641E1,-4.1E0));
#8601=CARTESIAN_POINT('',(3.8E0,1.074641E1,-4.1E0));
#8602=VERTEX_POINT('',#8600);
#8603=VERTEX_POINT('',#8601);
#8604=CARTESIAN_POINT('',(4.95E0,1.074641E1,-5.467479433118E0));
#8605=CARTESIAN_POINT('',(4.95E0,1.074641E1,-2.732520566882E0));
#8606=VERTEX_POINT('',#8604);
#8607=VERTEX_POINT('',#8605);
#8608=CARTESIAN_POINT('',(5.55E0,1.074641E1,-2.732520566882E0));
#8609=CARTESIAN_POINT('',(5.55E0,1.074641E1,-5.467479433118E0));
#8610=VERTEX_POINT('',#8608);
#8611=VERTEX_POINT('',#8609);
#8612=CARTESIAN_POINT('',(4.666807249887E0,1.236974900505E1,-5.427548950591E0));
#8613=CARTESIAN_POINT('',(3.922451049409E0,1.236974900505E1,-4.683192750113E0));
#8614=VERTEX_POINT('',#8612);
#8615=VERTEX_POINT('',#8613);
#8616=CARTESIAN_POINT('',(4.526977462640E0,1.247113248654E1,-5.356876449962E0));
#8617=CARTESIAN_POINT('',(3.993123550038E0,1.247113248654E1,-4.823022537360E0));
#8618=VERTEX_POINT('',#8616);
#8619=VERTEX_POINT('',#8617);
#8620=CARTESIAN_POINT('',(3.922451049409E0,1.236974900505E1,-3.516807249887E0));
#8621=CARTESIAN_POINT('',(4.666807249887E0,1.236974900505E1,-2.772451049409E0));
#8622=VERTEX_POINT('',#8620);
#8623=VERTEX_POINT('',#8621);
#8624=CARTESIAN_POINT('',(3.993123550038E0,1.247113248654E1,-3.376977462640E0));
#8625=CARTESIAN_POINT('',(4.526977462640E0,1.247113248654E1,-2.843123550038E0));
#8626=VERTEX_POINT('',#8624);
#8627=VERTEX_POINT('',#8625);
#8628=CARTESIAN_POINT('',(5.833192750113E0,1.236974900505E1,-2.772451049409E0));
#8629=CARTESIAN_POINT('',(6.577548950591E0,1.236974900505E1,-3.516807249887E0));
#8630=VERTEX_POINT('',#8628);
#8631=VERTEX_POINT('',#8629);
#8632=CARTESIAN_POINT('',(5.973022537360E0,1.247113248654E1,-2.843123550038E0));
#8633=CARTESIAN_POINT('',(6.506876449962E0,1.247113248654E1,-3.376977462640E0));
#8634=VERTEX_POINT('',#8632);
#8635=VERTEX_POINT('',#8633);
#8636=CARTESIAN_POINT('',(6.577548950591E0,1.236974900505E1,-4.683192750113E0));
#8637=CARTESIAN_POINT('',(5.833192750113E0,1.236974900505E1,-5.427548950591E0));
#8638=VERTEX_POINT('',#8636);
#8639=VERTEX_POINT('',#8637);
#8640=CARTESIAN_POINT('',(6.506876449962E0,1.247113248654E1,-4.823022537360E0));
#8641=CARTESIAN_POINT('',(5.973022537360E0,1.247113248654E1,-5.356876449962E0));
#8642=VERTEX_POINT('',#8640);
#8643=VERTEX_POINT('',#8641);
#8644=CARTESIAN_POINT('',(1.02E1,1.074641E1,-4.1E0));
#8645=CARTESIAN_POINT('',(7.3E0,1.074641E1,-4.1E0));
#8646=VERTEX_POINT('',#8644);
#8647=VERTEX_POINT('',#8645);
#8648=CARTESIAN_POINT('',(8.45E0,1.074641E1,-5.467479433118E0));
#8649=CARTESIAN_POINT('',(8.45E0,1.074641E1,-2.732520566882E0));
#8650=VERTEX_POINT('',#8648);
#8651=VERTEX_POINT('',#8649);
#8652=CARTESIAN_POINT('',(9.05E0,1.074641E1,-2.732520566882E0));
#8653=CARTESIAN_POINT('',(9.05E0,1.074641E1,-5.467479433118E0));
#8654=VERTEX_POINT('',#8652);
#8655=VERTEX_POINT('',#8653);
#8656=CARTESIAN_POINT('',(8.166807249887E0,1.236974900505E1,-5.427548950591E0));
#8657=CARTESIAN_POINT('',(7.422451049409E0,1.236974900505E1,-4.683192750113E0));
#8658=VERTEX_POINT('',#8656);
#8659=VERTEX_POINT('',#8657);
#8660=CARTESIAN_POINT('',(8.026977462640E0,1.247113248654E1,-5.356876449962E0));
#8661=CARTESIAN_POINT('',(7.493123550038E0,1.247113248654E1,-4.823022537360E0));
#8662=VERTEX_POINT('',#8660);
#8663=VERTEX_POINT('',#8661);
#8664=CARTESIAN_POINT('',(7.422451049409E0,1.236974900505E1,-3.516807249887E0));
#8665=CARTESIAN_POINT('',(8.166807249887E0,1.236974900505E1,-2.772451049409E0));
#8666=VERTEX_POINT('',#8664);
#8667=VERTEX_POINT('',#8665);
#8668=CARTESIAN_POINT('',(7.493123550038E0,1.247113248654E1,-3.376977462640E0));
#8669=CARTESIAN_POINT('',(8.026977462640E0,1.247113248654E1,-2.843123550038E0));
#8670=VERTEX_POINT('',#8668);
#8671=VERTEX_POINT('',#8669);
#8672=CARTESIAN_POINT('',(9.333192750113E0,1.236974900505E1,-2.772451049409E0));
#8673=CARTESIAN_POINT('',(1.007754895059E1,1.236974900505E1,-3.516807249887E0));
#8674=VERTEX_POINT('',#8672);
#8675=VERTEX_POINT('',#8673);
#8676=CARTESIAN_POINT('',(9.473022537360E0,1.247113248654E1,-2.843123550038E0));
#8677=CARTESIAN_POINT('',(1.000687644996E1,1.247113248654E1,-3.376977462640E0));
#8678=VERTEX_POINT('',#8676);
#8679=VERTEX_POINT('',#8677);
#8680=CARTESIAN_POINT('',(1.007754895059E1,1.236974900505E1,-4.683192750113E0));
#8681=CARTESIAN_POINT('',(9.333192750113E0,1.236974900505E1,-5.427548950591E0));
#8682=VERTEX_POINT('',#8680);
#8683=VERTEX_POINT('',#8681);
#8684=CARTESIAN_POINT('',(1.000687644996E1,1.247113248654E1,-4.823022537360E0));
#8685=CARTESIAN_POINT('',(9.473022537360E0,1.247113248654E1,-5.356876449962E0));
#8686=VERTEX_POINT('',#8684);
#8687=VERTEX_POINT('',#8685);
#8688=CARTESIAN_POINT('',(6.7E0,1.26E1,-4.1E0));
#8689=CARTESIAN_POINT('',(3.8E0,1.26E1,-4.1E0));
#8690=VERTEX_POINT('',#8688);
#8691=VERTEX_POINT('',#8689);
#8692=VERTEX_POINT('',#3638);
#8693=VERTEX_POINT('',#3661);
#8694=VERTEX_POINT('',#3663);
#8695=VERTEX_POINT('',#3686);
#8696=VERTEX_POINT('',#3706);
#8697=VERTEX_POINT('',#3729);
#8698=VERTEX_POINT('',#3731);
#8699=VERTEX_POINT('',#3754);
#8700=CARTESIAN_POINT('',(1.02E1,1.26E1,-4.1E0));
#8701=CARTESIAN_POINT('',(7.3E0,1.26E1,-4.1E0));
#8702=VERTEX_POINT('',#8700);
#8703=VERTEX_POINT('',#8701);
#8704=VERTEX_POINT('',#4146);
#8705=VERTEX_POINT('',#4169);
#8706=VERTEX_POINT('',#4171);
#8707=VERTEX_POINT('',#4194);
#8708=VERTEX_POINT('',#4214);
#8709=VERTEX_POINT('',#4237);
#8710=VERTEX_POINT('',#4239);
#8711=VERTEX_POINT('',#4262);
#8712=CARTESIAN_POINT('',(-5.7E0,-6.5E-1,-7.55E0));
#8713=CARTESIAN_POINT('',(-4.8E0,-6.5E-1,-7.55E0));
#8714=VERTEX_POINT('',#8712);
#8715=VERTEX_POINT('',#8713);
#8716=CARTESIAN_POINT('',(-5.7E0,-1.5E-1,-7.55E0));
#8717=CARTESIAN_POINT('',(-4.8E0,-1.5E-1,-7.55E0));
#8718=VERTEX_POINT('',#8716);
#8719=VERTEX_POINT('',#8717);
#8720=CARTESIAN_POINT('',(-5.7E0,0.E0,-6.851787997812E0));
#8721=VERTEX_POINT('',#8720);
#8722=CARTESIAN_POINT('',(-5.7E0,0.E0,-7.356350832690E0));
#8723=VERTEX_POINT('',#8722);
#8724=CARTESIAN_POINT('',(-4.8E0,0.E0,-6.851787997812E0));
#8725=VERTEX_POINT('',#8724);
#8726=CARTESIAN_POINT('',(-4.8E0,0.E0,-7.356350832690E0));
#8727=VERTEX_POINT('',#8726);
#8728=CARTESIAN_POINT('',(-4.960280232338E0,-6.5E-1,-1.155176380902E1));
#8729=CARTESIAN_POINT('',(-4.960280232338E0,-1.5E-1,-1.155176380902E1));
#8730=VERTEX_POINT('',#8728);
#8731=VERTEX_POINT('',#8729);
#8732=CARTESIAN_POINT('',(-5.539719767662E0,-6.5E-1,-1.155176380902E1));
#8733=CARTESIAN_POINT('',(-5.539719767662E0,-1.5E-1,-1.155176380902E1));
#8734=VERTEX_POINT('',#8732);
#8735=VERTEX_POINT('',#8733);
#8736=CARTESIAN_POINT('',(-2.2E0,-6.5E-1,-7.55E0));
#8737=CARTESIAN_POINT('',(-1.3E0,-6.5E-1,-7.55E0));
#8738=VERTEX_POINT('',#8736);
#8739=VERTEX_POINT('',#8737);
#8740=CARTESIAN_POINT('',(-2.2E0,-1.5E-1,-7.55E0));
#8741=CARTESIAN_POINT('',(-1.3E0,-1.5E-1,-7.55E0));
#8742=VERTEX_POINT('',#8740);
#8743=VERTEX_POINT('',#8741);
#8744=CARTESIAN_POINT('',(-2.2E0,0.E0,-6.851787997812E0));
#8745=VERTEX_POINT('',#8744);
#8746=CARTESIAN_POINT('',(-2.2E0,0.E0,-7.356350832690E0));
#8747=VERTEX_POINT('',#8746);
#8748=CARTESIAN_POINT('',(-1.3E0,0.E0,-6.851787997812E0));
#8749=VERTEX_POINT('',#8748);
#8750=CARTESIAN_POINT('',(-1.3E0,0.E0,-7.356350832690E0));
#8751=VERTEX_POINT('',#8750);
#8752=CARTESIAN_POINT('',(-1.460280232338E0,-6.5E-1,-1.155176380902E1));
#8753=CARTESIAN_POINT('',(-1.460280232338E0,-1.5E-1,-1.155176380902E1));
#8754=VERTEX_POINT('',#8752);
#8755=VERTEX_POINT('',#8753);
#8756=CARTESIAN_POINT('',(-2.039719767662E0,-6.5E-1,-1.155176380902E1));
#8757=CARTESIAN_POINT('',(-2.039719767662E0,-1.5E-1,-1.155176380902E1));
#8758=VERTEX_POINT('',#8756);
#8759=VERTEX_POINT('',#8757);
#8760=CARTESIAN_POINT('',(1.3E0,-6.5E-1,-7.55E0));
#8761=CARTESIAN_POINT('',(2.2E0,-6.5E-1,-7.55E0));
#8762=VERTEX_POINT('',#8760);
#8763=VERTEX_POINT('',#8761);
#8764=CARTESIAN_POINT('',(1.3E0,-1.5E-1,-7.55E0));
#8765=CARTESIAN_POINT('',(2.2E0,-1.5E-1,-7.55E0));
#8766=VERTEX_POINT('',#8764);
#8767=VERTEX_POINT('',#8765);
#8768=CARTESIAN_POINT('',(1.3E0,0.E0,-6.851787997812E0));
#8769=VERTEX_POINT('',#8768);
#8770=CARTESIAN_POINT('',(1.3E0,0.E0,-7.356350832690E0));
#8771=VERTEX_POINT('',#8770);
#8772=CARTESIAN_POINT('',(2.2E0,0.E0,-6.851787997812E0));
#8773=VERTEX_POINT('',#8772);
#8774=CARTESIAN_POINT('',(2.2E0,0.E0,-7.356350832690E0));
#8775=VERTEX_POINT('',#8774);
#8776=CARTESIAN_POINT('',(2.039719767662E0,-6.5E-1,-1.155176380902E1));
#8777=CARTESIAN_POINT('',(2.039719767662E0,-1.5E-1,-1.155176380902E1));
#8778=VERTEX_POINT('',#8776);
#8779=VERTEX_POINT('',#8777);
#8780=CARTESIAN_POINT('',(1.460280232338E0,-6.5E-1,-1.155176380902E1));
#8781=CARTESIAN_POINT('',(1.460280232338E0,-1.5E-1,-1.155176380902E1));
#8782=VERTEX_POINT('',#8780);
#8783=VERTEX_POINT('',#8781);
#8784=CARTESIAN_POINT('',(-5.7E0,-6.5E-1,-1.095358983849E1));
#8785=CARTESIAN_POINT('',(-5.7E0,-1.5E-1,-1.095358983849E1));
#8786=VERTEX_POINT('',#8784);
#8787=VERTEX_POINT('',#8785);
#8788=CARTESIAN_POINT('',(-4.8E0,-6.5E-1,-1.095358983849E1));
#8789=CARTESIAN_POINT('',(-4.8E0,-1.5E-1,-1.095358983849E1));
#8790=VERTEX_POINT('',#8788);
#8791=VERTEX_POINT('',#8789);
#8792=CARTESIAN_POINT('',(-5.153465397596E0,-6.5E-1,-1.17E1));
#8793=VERTEX_POINT('',#8792);
#8794=CARTESIAN_POINT('',(-5.346534602404E0,-6.5E-1,-1.17E1));
#8795=VERTEX_POINT('',#8794);
#8796=CARTESIAN_POINT('',(-5.153465397596E0,-1.5E-1,-1.17E1));
#8797=VERTEX_POINT('',#8796);
#8798=CARTESIAN_POINT('',(-5.346534602404E0,-1.5E-1,-1.17E1));
#8799=VERTEX_POINT('',#8798);
#8800=CARTESIAN_POINT('',(-2.2E0,-6.5E-1,-1.095358983849E1));
#8801=CARTESIAN_POINT('',(-2.2E0,-1.5E-1,-1.095358983849E1));
#8802=VERTEX_POINT('',#8800);
#8803=VERTEX_POINT('',#8801);
#8804=CARTESIAN_POINT('',(-1.3E0,-6.5E-1,-1.095358983849E1));
#8805=CARTESIAN_POINT('',(-1.3E0,-1.5E-1,-1.095358983849E1));
#8806=VERTEX_POINT('',#8804);
#8807=VERTEX_POINT('',#8805);
#8808=CARTESIAN_POINT('',(-1.653465397596E0,-6.5E-1,-1.17E1));
#8809=VERTEX_POINT('',#8808);
#8810=CARTESIAN_POINT('',(-1.846534602404E0,-6.5E-1,-1.17E1));
#8811=VERTEX_POINT('',#8810);
#8812=CARTESIAN_POINT('',(-1.653465397596E0,-1.5E-1,-1.17E1));
#8813=VERTEX_POINT('',#8812);
#8814=CARTESIAN_POINT('',(-1.846534602404E0,-1.5E-1,-1.17E1));
#8815=VERTEX_POINT('',#8814);
#8816=CARTESIAN_POINT('',(1.3E0,-6.5E-1,-1.095358983849E1));
#8817=CARTESIAN_POINT('',(1.3E0,-1.5E-1,-1.095358983849E1));
#8818=VERTEX_POINT('',#8816);
#8819=VERTEX_POINT('',#8817);
#8820=CARTESIAN_POINT('',(2.2E0,-6.5E-1,-1.095358983849E1));
#8821=CARTESIAN_POINT('',(2.2E0,-1.5E-1,-1.095358983849E1));
#8822=VERTEX_POINT('',#8820);
#8823=VERTEX_POINT('',#8821);
#8824=CARTESIAN_POINT('',(1.846534602404E0,-6.5E-1,-1.17E1));
#8825=VERTEX_POINT('',#8824);
#8826=CARTESIAN_POINT('',(1.653465397596E0,-6.5E-1,-1.17E1));
#8827=VERTEX_POINT('',#8826);
#8828=CARTESIAN_POINT('',(1.846534602404E0,-1.5E-1,-1.17E1));
#8829=VERTEX_POINT('',#8828);
#8830=CARTESIAN_POINT('',(1.653465397596E0,-1.5E-1,-1.17E1));
#8831=VERTEX_POINT('',#8830);
#8832=CARTESIAN_POINT('',(4.8E0,-6.5E-1,-7.55E0));
#8833=CARTESIAN_POINT('',(5.7E0,-6.5E-1,-7.55E0));
#8834=VERTEX_POINT('',#8832);
#8835=VERTEX_POINT('',#8833);
#8836=CARTESIAN_POINT('',(4.8E0,-1.5E-1,-7.55E0));
#8837=CARTESIAN_POINT('',(5.7E0,-1.5E-1,-7.55E0));
#8838=VERTEX_POINT('',#8836);
#8839=VERTEX_POINT('',#8837);
#8840=CARTESIAN_POINT('',(4.8E0,0.E0,-6.851787997812E0));
#8841=VERTEX_POINT('',#8840);
#8842=CARTESIAN_POINT('',(4.8E0,0.E0,-7.356350832690E0));
#8843=VERTEX_POINT('',#8842);
#8844=CARTESIAN_POINT('',(5.7E0,0.E0,-6.851787997812E0));
#8845=VERTEX_POINT('',#8844);
#8846=CARTESIAN_POINT('',(5.7E0,0.E0,-7.356350832690E0));
#8847=VERTEX_POINT('',#8846);
#8848=CARTESIAN_POINT('',(5.539719767662E0,-6.5E-1,-1.155176380902E1));
#8849=CARTESIAN_POINT('',(5.539719767662E0,-1.5E-1,-1.155176380902E1));
#8850=VERTEX_POINT('',#8848);
#8851=VERTEX_POINT('',#8849);
#8852=CARTESIAN_POINT('',(4.960280232338E0,-6.5E-1,-1.155176380902E1));
#8853=CARTESIAN_POINT('',(4.960280232338E0,-1.5E-1,-1.155176380902E1));
#8854=VERTEX_POINT('',#8852);
#8855=VERTEX_POINT('',#8853);
#8856=CARTESIAN_POINT('',(8.3E0,-6.5E-1,-7.55E0));
#8857=CARTESIAN_POINT('',(9.2E0,-6.5E-1,-7.55E0));
#8858=VERTEX_POINT('',#8856);
#8859=VERTEX_POINT('',#8857);
#8860=CARTESIAN_POINT('',(8.3E0,-1.5E-1,-7.55E0));
#8861=CARTESIAN_POINT('',(9.2E0,-1.5E-1,-7.55E0));
#8862=VERTEX_POINT('',#8860);
#8863=VERTEX_POINT('',#8861);
#8864=CARTESIAN_POINT('',(8.3E0,0.E0,-6.851787997812E0));
#8865=VERTEX_POINT('',#8864);
#8866=CARTESIAN_POINT('',(8.3E0,0.E0,-7.356350832690E0));
#8867=VERTEX_POINT('',#8866);
#8868=CARTESIAN_POINT('',(9.2E0,0.E0,-6.851787997812E0));
#8869=VERTEX_POINT('',#8868);
#8870=CARTESIAN_POINT('',(9.2E0,0.E0,-7.356350832690E0));
#8871=VERTEX_POINT('',#8870);
#8872=CARTESIAN_POINT('',(9.039719767662E0,-6.5E-1,-1.155176380902E1));
#8873=CARTESIAN_POINT('',(9.039719767662E0,-1.5E-1,-1.155176380902E1));
#8874=VERTEX_POINT('',#8872);
#8875=VERTEX_POINT('',#8873);
#8876=CARTESIAN_POINT('',(8.460280232338E0,-6.5E-1,-1.155176380902E1));
#8877=CARTESIAN_POINT('',(8.460280232338E0,-1.5E-1,-1.155176380902E1));
#8878=VERTEX_POINT('',#8876);
#8879=VERTEX_POINT('',#8877);
#8880=CARTESIAN_POINT('',(4.8E0,-6.5E-1,-1.095358983849E1));
#8881=CARTESIAN_POINT('',(4.8E0,-1.5E-1,-1.095358983849E1));
#8882=VERTEX_POINT('',#8880);
#8883=VERTEX_POINT('',#8881);
#8884=CARTESIAN_POINT('',(5.7E0,-6.5E-1,-1.095358983849E1));
#8885=CARTESIAN_POINT('',(5.7E0,-1.5E-1,-1.095358983849E1));
#8886=VERTEX_POINT('',#8884);
#8887=VERTEX_POINT('',#8885);
#8888=CARTESIAN_POINT('',(5.346534602404E0,-6.5E-1,-1.17E1));
#8889=VERTEX_POINT('',#8888);
#8890=CARTESIAN_POINT('',(5.153465397596E0,-6.5E-1,-1.17E1));
#8891=VERTEX_POINT('',#8890);
#8892=CARTESIAN_POINT('',(5.346534602404E0,-1.5E-1,-1.17E1));
#8893=VERTEX_POINT('',#8892);
#8894=CARTESIAN_POINT('',(5.153465397596E0,-1.5E-1,-1.17E1));
#8895=VERTEX_POINT('',#8894);
#8896=CARTESIAN_POINT('',(8.3E0,-6.5E-1,-1.095358983849E1));
#8897=CARTESIAN_POINT('',(8.3E0,-1.5E-1,-1.095358983849E1));
#8898=VERTEX_POINT('',#8896);
#8899=VERTEX_POINT('',#8897);
#8900=CARTESIAN_POINT('',(9.2E0,-6.5E-1,-1.095358983849E1));
#8901=CARTESIAN_POINT('',(9.2E0,-1.5E-1,-1.095358983849E1));
#8902=VERTEX_POINT('',#8900);
#8903=VERTEX_POINT('',#8901);
#8904=CARTESIAN_POINT('',(8.846534602404E0,-6.5E-1,-1.17E1));
#8905=VERTEX_POINT('',#8904);
#8906=CARTESIAN_POINT('',(8.653465397596E0,-6.5E-1,-1.17E1));
#8907=VERTEX_POINT('',#8906);
#8908=CARTESIAN_POINT('',(8.846534602404E0,-1.5E-1,-1.17E1));
#8909=VERTEX_POINT('',#8908);
#8910=CARTESIAN_POINT('',(8.653465397596E0,-1.5E-1,-1.17E1));
#8911=VERTEX_POINT('',#8910);
#8912=CARTESIAN_POINT('',(-4.116666666667E0,5.658333333333E0,
-1.343883568966E0));
#8913=CARTESIAN_POINT('',(-4.116666666667E0,2.441666666667E0,
-1.343883568966E0));
#8914=VERTEX_POINT('',#8912);
#8915=VERTEX_POINT('',#8913);
#8916=CARTESIAN_POINT('',(-4.325E0,5.45E0,-1.75E0));
#8917=CARTESIAN_POINT('',(-4.325E0,2.65E0,-1.75E0));
#8918=VERTEX_POINT('',#8916);
#8919=VERTEX_POINT('',#8917);
#8920=CARTESIAN_POINT('',(-2.675E0,5.45E0,-1.75E0));
#8921=CARTESIAN_POINT('',(-2.675E0,2.65E0,-1.75E0));
#8922=VERTEX_POINT('',#8920);
#8923=VERTEX_POINT('',#8921);
#8924=CARTESIAN_POINT('',(-2.883333333333E0,5.658333333333E0,
-1.343883568966E0));
#8925=CARTESIAN_POINT('',(-2.883333333333E0,2.441666666667E0,
-1.343883568966E0));
#8926=VERTEX_POINT('',#8924);
#8927=VERTEX_POINT('',#8925);
#8928=CARTESIAN_POINT('',(-3.875E0,1.45E0,0.E0));
#8929=CARTESIAN_POINT('',(-3.875E0,6.65E0,0.E0));
#8930=VERTEX_POINT('',#8928);
#8931=VERTEX_POINT('',#8929);
#8932=CARTESIAN_POINT('',(-3.125E0,6.65E0,0.E0));
#8933=CARTESIAN_POINT('',(-3.125E0,1.45E0,0.E0));
#8934=VERTEX_POINT('',#8932);
#8935=VERTEX_POINT('',#8933);
#8936=CARTESIAN_POINT('',(-6.166666666667E-1,5.658333333333E0,
-1.343883568966E0));
#8937=CARTESIAN_POINT('',(-6.166666666667E-1,2.441666666667E0,
-1.343883568966E0));
#8938=VERTEX_POINT('',#8936);
#8939=VERTEX_POINT('',#8937);
#8940=CARTESIAN_POINT('',(-8.25E-1,5.45E0,-1.75E0));
#8941=CARTESIAN_POINT('',(-8.25E-1,2.65E0,-1.75E0));
#8942=VERTEX_POINT('',#8940);
#8943=VERTEX_POINT('',#8941);
#8944=CARTESIAN_POINT('',(8.25E-1,5.45E0,-1.75E0));
#8945=CARTESIAN_POINT('',(8.25E-1,2.65E0,-1.75E0));
#8946=VERTEX_POINT('',#8944);
#8947=VERTEX_POINT('',#8945);
#8948=CARTESIAN_POINT('',(6.166666666667E-1,5.658333333333E0,
-1.343883568966E0));
#8949=CARTESIAN_POINT('',(6.166666666666E-1,2.441666666667E0,
-1.343883568966E0));
#8950=VERTEX_POINT('',#8948);
#8951=VERTEX_POINT('',#8949);
#8952=CARTESIAN_POINT('',(-3.75E-1,1.45E0,0.E0));
#8953=CARTESIAN_POINT('',(-3.75E-1,6.65E0,0.E0));
#8954=VERTEX_POINT('',#8952);
#8955=VERTEX_POINT('',#8953);
#8956=CARTESIAN_POINT('',(3.75E-1,6.65E0,0.E0));
#8957=CARTESIAN_POINT('',(3.75E-1,1.45E0,0.E0));
#8958=VERTEX_POINT('',#8956);
#8959=VERTEX_POINT('',#8957);
#8960=CARTESIAN_POINT('',(2.883333333333E0,5.658333333333E0,-1.343883568966E0));
#8961=CARTESIAN_POINT('',(2.883333333333E0,2.441666666667E0,-1.343883568966E0));
#8962=VERTEX_POINT('',#8960);
#8963=VERTEX_POINT('',#8961);
#8964=CARTESIAN_POINT('',(2.675E0,5.45E0,-1.75E0));
#8965=CARTESIAN_POINT('',(2.675E0,2.65E0,-1.75E0));
#8966=VERTEX_POINT('',#8964);
#8967=VERTEX_POINT('',#8965);
#8968=CARTESIAN_POINT('',(4.325E0,5.45E0,-1.75E0));
#8969=CARTESIAN_POINT('',(4.325E0,2.65E0,-1.75E0));
#8970=VERTEX_POINT('',#8968);
#8971=VERTEX_POINT('',#8969);
#8972=CARTESIAN_POINT('',(4.116666666667E0,5.658333333333E0,-1.343883568966E0));
#8973=CARTESIAN_POINT('',(4.116666666667E0,2.441666666667E0,-1.343883568966E0));
#8974=VERTEX_POINT('',#8972);
#8975=VERTEX_POINT('',#8973);
#8976=CARTESIAN_POINT('',(3.125E0,1.45E0,0.E0));
#8977=CARTESIAN_POINT('',(3.125E0,6.65E0,0.E0));
#8978=VERTEX_POINT('',#8976);
#8979=VERTEX_POINT('',#8977);
#8980=CARTESIAN_POINT('',(3.875E0,6.65E0,0.E0));
#8981=CARTESIAN_POINT('',(3.875E0,1.45E0,0.E0));
#8982=VERTEX_POINT('',#8980);
#8983=VERTEX_POINT('',#8981);
#8984=CARTESIAN_POINT('',(6.383333333333E0,5.658333333333E0,-1.343883568966E0));
#8985=CARTESIAN_POINT('',(6.383333333333E0,2.441666666667E0,-1.343883568966E0));
#8986=VERTEX_POINT('',#8984);
#8987=VERTEX_POINT('',#8985);
#8988=CARTESIAN_POINT('',(6.175E0,5.45E0,-1.75E0));
#8989=CARTESIAN_POINT('',(6.175E0,2.65E0,-1.75E0));
#8990=VERTEX_POINT('',#8988);
#8991=VERTEX_POINT('',#8989);
#8992=CARTESIAN_POINT('',(7.825E0,5.45E0,-1.75E0));
#8993=CARTESIAN_POINT('',(7.825E0,2.65E0,-1.75E0));
#8994=VERTEX_POINT('',#8992);
#8995=VERTEX_POINT('',#8993);
#8996=CARTESIAN_POINT('',(7.616666666667E0,5.658333333333E0,-1.343883568966E0));
#8997=CARTESIAN_POINT('',(7.616666666667E0,2.441666666667E0,-1.343883568966E0));
#8998=VERTEX_POINT('',#8996);
#8999=VERTEX_POINT('',#8997);
#9000=CARTESIAN_POINT('',(6.625E0,1.45E0,0.E0));
#9001=CARTESIAN_POINT('',(6.625E0,6.65E0,0.E0));
#9002=VERTEX_POINT('',#9000);
#9003=VERTEX_POINT('',#9001);
#9004=CARTESIAN_POINT('',(7.375E0,6.65E0,0.E0));
#9005=CARTESIAN_POINT('',(7.375E0,1.45E0,0.E0));
#9006=VERTEX_POINT('',#9004);
#9007=VERTEX_POINT('',#9005);
#9008=VERTEX_POINT('',#6029);
#9009=VERTEX_POINT('',#6099);
#9010=VERTEX_POINT('',#5640);
#9011=VERTEX_POINT('',#5766);
#9012=CARTESIAN_POINT('',(-4.325E0,2.65E0,-2.05E0));
#9013=VERTEX_POINT('',#9012);
#9014=CARTESIAN_POINT('',(-2.675E0,2.65E0,-2.05E0));
#9015=VERTEX_POINT('',#9014);
#9016=CARTESIAN_POINT('',(-4.325E0,5.45E0,-2.05E0));
#9017=VERTEX_POINT('',#9016);
#9018=CARTESIAN_POINT('',(-2.675E0,5.45E0,-2.05E0));
#9019=VERTEX_POINT('',#9018);
#9020=VERTEX_POINT('',#4370);
#9021=VERTEX_POINT('',#4373);
#9022=VERTEX_POINT('',#4319);
#9023=VERTEX_POINT('',#4322);
#9024=VERTEX_POINT('',#5397);
#9025=VERTEX_POINT('',#5319);
#9026=CARTESIAN_POINT('',(-3.150987823651E0,6.45E0,-2.E-1));
#9027=VERTEX_POINT('',#9026);
#9028=CARTESIAN_POINT('',(-3.849012176349E0,6.45E0,-2.E-1));
#9029=VERTEX_POINT('',#9028);
#9030=VERTEX_POINT('',#5106);
#9031=VERTEX_POINT('',#5004);
#9032=VERTEX_POINT('',#4738);
#9033=VERTEX_POINT('',#4754);
#9034=VERTEX_POINT('',#4676);
#9035=VERTEX_POINT('',#4692);
#9036=VERTEX_POINT('',#4534);
#9037=VERTEX_POINT('',#4500);
#9038=VERTEX_POINT('',#6582);
#9039=VERTEX_POINT('',#7056);
#9040=VERTEX_POINT('',#6093);
#9041=VERTEX_POINT('',#6163);
#9042=VERTEX_POINT('',#5704);
#9043=VERTEX_POINT('',#5830);
#9044=CARTESIAN_POINT('',(-8.25E-1,2.65E0,-2.05E0));
#9045=VERTEX_POINT('',#9044);
#9046=CARTESIAN_POINT('',(8.25E-1,2.65E0,-2.05E0));
#9047=VERTEX_POINT('',#9046);
#9048=CARTESIAN_POINT('',(-8.25E-1,5.45E0,-2.05E0));
#9049=VERTEX_POINT('',#9048);
#9050=CARTESIAN_POINT('',(8.25E-1,5.45E0,-2.05E0));
#9051=VERTEX_POINT('',#9050);
#9052=VERTEX_POINT('',#4398);
#9053=VERTEX_POINT('',#4401);
#9054=VERTEX_POINT('',#4347);
#9055=VERTEX_POINT('',#4350);
#9056=VERTEX_POINT('',#5437);
#9057=VERTEX_POINT('',#5359);
#9058=CARTESIAN_POINT('',(3.490121763494E-1,6.45E0,-2.E-1));
#9059=VERTEX_POINT('',#9058);
#9060=CARTESIAN_POINT('',(-3.490121763494E-1,6.45E0,-2.E-1));
#9061=VERTEX_POINT('',#9060);
#9062=VERTEX_POINT('',#5158);
#9063=VERTEX_POINT('',#5056);
#9064=VERTEX_POINT('',#4778);
#9065=VERTEX_POINT('',#4794);
#9066=VERTEX_POINT('',#4716);
#9067=VERTEX_POINT('',#4732);
#9068=VERTEX_POINT('',#4562);
#9069=VERTEX_POINT('',#4528);
#9070=VERTEX_POINT('',#7036);
#9071=VERTEX_POINT('',#7112);
#9072=VERTEX_POINT('',#6157);
#9073=VERTEX_POINT('',#6227);
#9074=VERTEX_POINT('',#5768);
#9075=VERTEX_POINT('',#5894);
#9076=CARTESIAN_POINT('',(2.675E0,2.65E0,-2.05E0));
#9077=VERTEX_POINT('',#9076);
#9078=CARTESIAN_POINT('',(4.325E0,2.65E0,-2.05E0));
#9079=VERTEX_POINT('',#9078);
#9080=CARTESIAN_POINT('',(2.675E0,5.45E0,-2.05E0));
#9081=VERTEX_POINT('',#9080);
#9082=CARTESIAN_POINT('',(4.325E0,5.45E0,-2.05E0));
#9083=VERTEX_POINT('',#9082);
#9084=VERTEX_POINT('',#4449);
#9085=VERTEX_POINT('',#4452);
#9086=VERTEX_POINT('',#4375);
#9087=VERTEX_POINT('',#4378);
#9088=VERTEX_POINT('',#5522);
#9089=VERTEX_POINT('',#5399);
#9090=CARTESIAN_POINT('',(3.849012176349E0,6.45E0,-2.E-1));
#9091=VERTEX_POINT('',#9090);
#9092=CARTESIAN_POINT('',(3.150987823651E0,6.45E0,-2.E-1));
#9093=VERTEX_POINT('',#9092);
#9094=VERTEX_POINT('',#5261);
#9095=VERTEX_POINT('',#5108);
#9096=VERTEX_POINT('',#4863);
#9097=VERTEX_POINT('',#4879);
#9098=VERTEX_POINT('',#4756);
#9099=VERTEX_POINT('',#4772);
#9100=VERTEX_POINT('',#4613);
#9101=VERTEX_POINT('',#4556);
#9102=VERTEX_POINT('',#7092);
#9103=VERTEX_POINT('',#7220);
#9104=VERTEX_POINT('',#6221);
#9105=VERTEX_POINT('',#6335);
#9106=VERTEX_POINT('',#5832);
#9107=VERTEX_POINT('',#5924);
#9108=CARTESIAN_POINT('',(6.175E0,2.65E0,-2.05E0));
#9109=VERTEX_POINT('',#9108);
#9110=CARTESIAN_POINT('',(7.825E0,2.65E0,-2.05E0));
#9111=VERTEX_POINT('',#9110);
#9112=CARTESIAN_POINT('',(6.175E0,5.45E0,-2.05E0));
#9113=VERTEX_POINT('',#9112);
#9114=CARTESIAN_POINT('',(7.825E0,5.45E0,-2.05E0));
#9115=VERTEX_POINT('',#9114);
#9116=VERTEX_POINT('',#4403);
#9117=VERTEX_POINT('',#4406);
#9118=VERTEX_POINT('',#4426);
#9119=VERTEX_POINT('',#4429);
#9120=VERTEX_POINT('',#5455);
#9121=VERTEX_POINT('',#5484);
#9122=CARTESIAN_POINT('',(7.349012176349E0,6.45E0,-2.E-1));
#9123=VERTEX_POINT('',#9122);
#9124=CARTESIAN_POINT('',(6.650987823651E0,6.45E0,-2.E-1));
#9125=VERTEX_POINT('',#9124);
#9126=VERTEX_POINT('',#5184);
#9127=VERTEX_POINT('',#5211);
#9128=VERTEX_POINT('',#4796);
#9129=VERTEX_POINT('',#4812);
#9130=VERTEX_POINT('',#4841);
#9131=VERTEX_POINT('',#4857);
#9132=VERTEX_POINT('',#4581);
#9133=VERTEX_POINT('',#4607);
#9134=VERTEX_POINT('',#7200);
#9135=VERTEX_POINT('',#7140);
#9136=CARTESIAN_POINT('',(-1.05E1,0.E0,0.E0));
#9137=DIRECTION('',(1.E0,0.E0,0.E0));
#9138=DIRECTION('',(0.E0,-1.E0,0.E0));
#9139=AXIS2_PLACEMENT_3D('',#9136,#9137,#9138);
#9140=PLANE('',#9139);
#9142=ORIENTED_EDGE('',*,*,#9141,.T.);
#9144=ORIENTED_EDGE('',*,*,#9143,.T.);
#9146=ORIENTED_EDGE('',*,*,#9145,.T.);
#9148=ORIENTED_EDGE('',*,*,#9147,.T.);
#9150=ORIENTED_EDGE('',*,*,#9149,.F.);
#9152=ORIENTED_EDGE('',*,*,#9151,.T.);
#9154=ORIENTED_EDGE('',*,*,#9153,.F.);
#9156=ORIENTED_EDGE('',*,*,#9155,.T.);
#9158=ORIENTED_EDGE('',*,*,#9157,.T.);
#9160=ORIENTED_EDGE('',*,*,#9159,.T.);
#9162=ORIENTED_EDGE('',*,*,#9161,.F.);
#9164=ORIENTED_EDGE('',*,*,#9163,.T.);
#9166=ORIENTED_EDGE('',*,*,#9165,.T.);
#9168=ORIENTED_EDGE('',*,*,#9167,.T.);
#9170=ORIENTED_EDGE('',*,*,#9169,.T.);
#9172=ORIENTED_EDGE('',*,*,#9171,.T.);
#9174=ORIENTED_EDGE('',*,*,#9173,.T.);
#9176=ORIENTED_EDGE('',*,*,#9175,.T.);
#9178=ORIENTED_EDGE('',*,*,#9177,.T.);
#9180=ORIENTED_EDGE('',*,*,#9179,.T.);
#9182=ORIENTED_EDGE('',*,*,#9181,.F.);
#9184=ORIENTED_EDGE('',*,*,#9183,.T.);
#9186=ORIENTED_EDGE('',*,*,#9185,.T.);
#9187=EDGE_LOOP('',(#9142,#9144,#9146,#9148,#9150,#9152,#9154,#9156,#9158,#9160,
#9162,#9164,#9166,#9168,#9170,#9172,#9174,#9176,#9178,#9180,#9182,#9184,#9186));
#9188=FACE_OUTER_BOUND('',#9187,.F.);
#9190=CARTESIAN_POINT('',(-1.05E1,6.7E0,0.E0));
#9191=DIRECTION('',(0.E0,1.E0,0.E0));
#9192=DIRECTION('',(1.E0,0.E0,0.E0));
#9193=AXIS2_PLACEMENT_3D('',#9190,#9191,#9192);
#9194=PLANE('',#9193);
#9196=ORIENTED_EDGE('',*,*,#9195,.T.);
#9198=ORIENTED_EDGE('',*,*,#9197,.F.);
#9200=ORIENTED_EDGE('',*,*,#9199,.F.);
#9202=ORIENTED_EDGE('',*,*,#9201,.F.);
#9204=ORIENTED_EDGE('',*,*,#9203,.F.);
#9205=ORIENTED_EDGE('',*,*,#9141,.F.);
#9206=EDGE_LOOP('',(#9196,#9198,#9200,#9202,#9204,#9205));
#9207=FACE_OUTER_BOUND('',#9206,.F.);
#9209=CARTESIAN_POINT('',(-1.05E1,6.7E0,0.E0));
#9210=DIRECTION('',(0.E0,1.E0,0.E0));
#9211=DIRECTION('',(1.E0,0.E0,0.E0));
#9212=AXIS2_PLACEMENT_3D('',#9209,#9210,#9211);
#9213=PLANE('',#9212);
#9215=ORIENTED_EDGE('',*,*,#9214,.T.);
#9217=ORIENTED_EDGE('',*,*,#9216,.T.);
#9219=ORIENTED_EDGE('',*,*,#9218,.F.);
#9221=ORIENTED_EDGE('',*,*,#9220,.F.);
#9223=ORIENTED_EDGE('',*,*,#9222,.F.);
#9225=ORIENTED_EDGE('',*,*,#9224,.F.);
#9226=EDGE_LOOP('',(#9215,#9217,#9219,#9221,#9223,#9225));
#9227=FACE_OUTER_BOUND('',#9226,.F.);
#9229=CARTESIAN_POINT('',(-1.05E1,-1.5E0,-8.2E0));
#9230=DIRECTION('',(0.E0,0.E0,-1.E0));
#9231=DIRECTION('',(0.E0,1.E0,0.E0));
#9232=AXIS2_PLACEMENT_3D('',#9229,#9230,#9231);
#9233=PLANE('',#9232);
#9234=ORIENTED_EDGE('',*,*,#9195,.F.);
#9235=ORIENTED_EDGE('',*,*,#9185,.F.);
#9237=ORIENTED_EDGE('',*,*,#9236,.T.);
#9239=ORIENTED_EDGE('',*,*,#9238,.F.);
#9241=ORIENTED_EDGE('',*,*,#9240,.T.);
#9243=ORIENTED_EDGE('',*,*,#9242,.T.);
#9245=ORIENTED_EDGE('',*,*,#9244,.F.);
#9247=ORIENTED_EDGE('',*,*,#9246,.F.);
#9249=ORIENTED_EDGE('',*,*,#9248,.T.);
#9251=ORIENTED_EDGE('',*,*,#9250,.T.);
#9253=ORIENTED_EDGE('',*,*,#9252,.T.);
#9255=ORIENTED_EDGE('',*,*,#9254,.F.);
#9257=ORIENTED_EDGE('',*,*,#9256,.T.);
#9259=ORIENTED_EDGE('',*,*,#9258,.F.);
#9261=ORIENTED_EDGE('',*,*,#9260,.T.);
#9263=ORIENTED_EDGE('',*,*,#9262,.T.);
#9265=ORIENTED_EDGE('',*,*,#9264,.F.);
#9267=ORIENTED_EDGE('',*,*,#9266,.F.);
#9269=ORIENTED_EDGE('',*,*,#9268,.T.);
#9271=ORIENTED_EDGE('',*,*,#9270,.T.);
#9272=ORIENTED_EDGE('',*,*,#9214,.F.);
#9274=ORIENTED_EDGE('',*,*,#9273,.T.);
#9276=ORIENTED_EDGE('',*,*,#9275,.F.);
#9278=ORIENTED_EDGE('',*,*,#9277,.F.);
#9279=EDGE_LOOP('',(#9234,#9235,#9237,#9239,#9241,#9243,#9245,#9247,#9249,#9251,
#9253,#9255,#9257,#9259,#9261,#9263,#9265,#9267,#9269,#9271,#9272,#9274,#9276,
#9278));
#9280=FACE_OUTER_BOUND('',#9279,.F.);
#9282=CARTESIAN_POINT('',(-1.05E1,-1.5E0,-7.435778670279E0));
#9283=DIRECTION('',(0.E0,-1.E0,0.E0));
#9284=DIRECTION('',(0.E0,0.E0,-1.E0));
#9285=AXIS2_PLACEMENT_3D('',#9282,#9283,#9284);
#9286=PLANE('',#9285);
#9288=ORIENTED_EDGE('',*,*,#9287,.F.);
#9289=ORIENTED_EDGE('',*,*,#9236,.F.);
#9290=ORIENTED_EDGE('',*,*,#9183,.F.);
#9292=ORIENTED_EDGE('',*,*,#9291,.F.);
#9293=EDGE_LOOP('',(#9288,#9289,#9290,#9292));
#9294=FACE_OUTER_BOUND('',#9293,.F.);
#9296=CARTESIAN_POINT('',(-1.05E1,-1.5E0,-7.435778670279E0));
#9297=DIRECTION('',(0.E0,-1.E0,0.E0));
#9298=DIRECTION('',(0.E0,0.E0,-1.E0));
#9299=AXIS2_PLACEMENT_3D('',#9296,#9297,#9298);
#9300=PLANE('',#9299);
#9302=ORIENTED_EDGE('',*,*,#9301,.F.);
#9304=ORIENTED_EDGE('',*,*,#9303,.F.);
#9306=ORIENTED_EDGE('',*,*,#9305,.T.);
#9307=ORIENTED_EDGE('',*,*,#9248,.F.);
#9308=EDGE_LOOP('',(#9302,#9304,#9306,#9307));
#9309=FACE_OUTER_BOUND('',#9308,.F.);
#9311=CARTESIAN_POINT('',(-1.05E1,-1.5E0,-7.435778670279E0));
#9312=DIRECTION('',(0.E0,-1.E0,0.E0));
#9313=DIRECTION('',(0.E0,0.E0,-1.E0));
#9314=AXIS2_PLACEMENT_3D('',#9311,#9312,#9313);
#9315=PLANE('',#9314);
#9317=ORIENTED_EDGE('',*,*,#9316,.F.);
#9319=ORIENTED_EDGE('',*,*,#9318,.F.);
#9321=ORIENTED_EDGE('',*,*,#9320,.T.);
#9322=ORIENTED_EDGE('',*,*,#9268,.F.);
#9323=EDGE_LOOP('',(#9317,#9319,#9321,#9322));
#9324=FACE_OUTER_BOUND('',#9323,.F.);
#9326=CARTESIAN_POINT('',(-1.05E1,-1.5E0,-7.435778670279E0));
#9327=DIRECTION('',(0.E0,-1.E0,0.E0));
#9328=DIRECTION('',(0.E0,0.E0,-1.E0));
#9329=AXIS2_PLACEMENT_3D('',#9326,#9327,#9328);
#9330=PLANE('',#9329);
#9332=ORIENTED_EDGE('',*,*,#9331,.F.);
#9333=ORIENTED_EDGE('',*,*,#9256,.F.);
#9335=ORIENTED_EDGE('',*,*,#9334,.F.);
#9337=ORIENTED_EDGE('',*,*,#9336,.F.);
#9338=EDGE_LOOP('',(#9332,#9333,#9335,#9337));
#9339=FACE_OUTER_BOUND('',#9338,.F.);
#9341=CARTESIAN_POINT('',(-9.5E0,-1.3E0,-1.888952E1));
#9342=DIRECTION('',(0.E0,0.E0,1.E0));
#9343=DIRECTION('',(0.E0,-1.E0,0.E0));
#9344=AXIS2_PLACEMENT_3D('',#9341,#9342,#9343);
#9345=CYLINDRICAL_SURFACE('',#9344,2.E-1);
#9346=ORIENTED_EDGE('',*,*,#9238,.T.);
#9347=ORIENTED_EDGE('',*,*,#9287,.T.);
#9349=ORIENTED_EDGE('',*,*,#9348,.F.);
#9351=ORIENTED_EDGE('',*,*,#9350,.F.);
#9352=EDGE_LOOP('',(#9346,#9347,#9349,#9351));
#9353=FACE_OUTER_BOUND('',#9352,.F.);
#9355=CARTESIAN_POINT('',(3.90274E1,-1.3E0,-7.635778670279E0));
#9356=DIRECTION('',(-1.E0,0.E0,0.E0));
#9357=DIRECTION('',(0.E0,-1.E0,0.E0));
#9358=AXIS2_PLACEMENT_3D('',#9355,#9356,#9357);
#9359=CYLINDRICAL_SURFACE('',#9358,2.E-1);
#9360=ORIENTED_EDGE('',*,*,#9181,.T.);
#9362=ORIENTED_EDGE('',*,*,#9361,.F.);
#9363=ORIENTED_EDGE('',*,*,#9348,.T.);
#9364=ORIENTED_EDGE('',*,*,#9291,.T.);
#9365=EDGE_LOOP('',(#9360,#9362,#9363,#9364));
#9366=FACE_OUTER_BOUND('',#9365,.F.);
#9368=CARTESIAN_POINT('',(-1.05E1,0.E0,-7.435778670279E0));
#9369=DIRECTION('',(0.E0,0.E0,1.E0));
#9370=DIRECTION('',(0.E0,-1.E0,0.E0));
#9371=AXIS2_PLACEMENT_3D('',#9368,#9369,#9370);
#9372=PLANE('',#9371);
#9373=ORIENTED_EDGE('',*,*,#9361,.T.);
#9374=ORIENTED_EDGE('',*,*,#9179,.F.);
#9376=ORIENTED_EDGE('',*,*,#9375,.T.);
#9378=ORIENTED_EDGE('',*,*,#9377,.T.);
#9379=EDGE_LOOP('',(#9373,#9374,#9376,#9378));
#9380=FACE_OUTER_BOUND('',#9379,.F.);
#9382=CARTESIAN_POINT('',(-1.05E1,0.E0,-7.435778670279E0));
#9383=DIRECTION('',(0.E0,0.E0,1.E0));
#9384=DIRECTION('',(0.E0,-1.E0,0.E0));
#9385=AXIS2_PLACEMENT_3D('',#9382,#9383,#9384);
#9386=PLANE('',#9385);
#9388=ORIENTED_EDGE('',*,*,#9387,.T.);
#9390=ORIENTED_EDGE('',*,*,#9389,.F.);
#9392=ORIENTED_EDGE('',*,*,#9391,.T.);
#9394=ORIENTED_EDGE('',*,*,#9393,.T.);
#9395=EDGE_LOOP('',(#9388,#9390,#9392,#9394));
#9396=FACE_OUTER_BOUND('',#9395,.F.);
#9398=CARTESIAN_POINT('',(-1.05E1,0.E0,-7.435778670279E0));
#9399=DIRECTION('',(0.E0,0.E0,1.E0));
#9400=DIRECTION('',(0.E0,-1.E0,0.E0));
#9401=AXIS2_PLACEMENT_3D('',#9398,#9399,#9400);
#9402=PLANE('',#9401);
#9404=ORIENTED_EDGE('',*,*,#9403,.T.);
#9406=ORIENTED_EDGE('',*,*,#9405,.F.);
#9408=ORIENTED_EDGE('',*,*,#9407,.T.);
#9410=ORIENTED_EDGE('',*,*,#9409,.T.);
#9411=EDGE_LOOP('',(#9404,#9406,#9408,#9410));
#9412=FACE_OUTER_BOUND('',#9411,.F.);
#9414=CARTESIAN_POINT('',(-1.05E1,0.E0,-7.435778670279E0));
#9415=DIRECTION('',(0.E0,0.E0,1.E0));
#9416=DIRECTION('',(0.E0,-1.E0,0.E0));
#9417=AXIS2_PLACEMENT_3D('',#9414,#9415,#9416);
#9418=PLANE('',#9417);
#9420=ORIENTED_EDGE('',*,*,#9419,.T.);
#9422=ORIENTED_EDGE('',*,*,#9421,.F.);
#9424=ORIENTED_EDGE('',*,*,#9423,.T.);
#9426=ORIENTED_EDGE('',*,*,#9425,.T.);
#9427=EDGE_LOOP('',(#9420,#9422,#9424,#9426));
#9428=FACE_OUTER_BOUND('',#9427,.F.);
#9430=CARTESIAN_POINT('',(-1.05E1,0.E0,0.E0));
#9431=DIRECTION('',(0.E0,-1.E0,0.E0));
#9432=DIRECTION('',(0.E0,0.E0,-1.E0));
#9433=AXIS2_PLACEMENT_3D('',#9430,#9431,#9432);
#9434=PLANE('',#9433);
#9435=ORIENTED_EDGE('',*,*,#9391,.F.);
#9437=ORIENTED_EDGE('',*,*,#9436,.F.);
#9438=ORIENTED_EDGE('',*,*,#9242,.F.);
#9440=ORIENTED_EDGE('',*,*,#9439,.T.);
#9441=ORIENTED_EDGE('',*,*,#9375,.F.);
#9442=ORIENTED_EDGE('',*,*,#9177,.F.);
#9444=ORIENTED_EDGE('',*,*,#9443,.T.);
#9446=ORIENTED_EDGE('',*,*,#9445,.T.);
#9447=ORIENTED_EDGE('',*,*,#9407,.F.);
#9449=ORIENTED_EDGE('',*,*,#9448,.F.);
#9450=ORIENTED_EDGE('',*,*,#9262,.F.);
#9452=ORIENTED_EDGE('',*,*,#9451,.T.);
#9453=ORIENTED_EDGE('',*,*,#9423,.F.);
#9455=ORIENTED_EDGE('',*,*,#9454,.F.);
#9456=ORIENTED_EDGE('',*,*,#9252,.F.);
#9458=ORIENTED_EDGE('',*,*,#9457,.T.);
#9459=EDGE_LOOP('',(#9435,#9437,#9438,#9440,#9441,#9442,#9444,#9446,#9447,#9449,
#9450,#9452,#9453,#9455,#9456,#9458));
#9460=FACE_OUTER_BOUND('',#9459,.F.);
#9462=ORIENTED_EDGE('',*,*,#9461,.T.);
#9464=ORIENTED_EDGE('',*,*,#9463,.T.);
#9466=ORIENTED_EDGE('',*,*,#9465,.F.);
#9468=ORIENTED_EDGE('',*,*,#9467,.F.);
#9469=EDGE_LOOP('',(#9462,#9464,#9466,#9468));
#9470=FACE_BOUND('',#9469,.F.);
#9472=ORIENTED_EDGE('',*,*,#9471,.F.);
#9474=ORIENTED_EDGE('',*,*,#9473,.T.);
#9476=ORIENTED_EDGE('',*,*,#9475,.T.);
#9478=ORIENTED_EDGE('',*,*,#9477,.F.);
#9479=EDGE_LOOP('',(#9472,#9474,#9476,#9478));
#9480=FACE_BOUND('',#9479,.F.);
#9482=ORIENTED_EDGE('',*,*,#9481,.F.);
#9484=ORIENTED_EDGE('',*,*,#9483,.T.);
#9486=ORIENTED_EDGE('',*,*,#9485,.T.);
#9488=ORIENTED_EDGE('',*,*,#9487,.F.);
#9489=EDGE_LOOP('',(#9482,#9484,#9486,#9488));
#9490=FACE_BOUND('',#9489,.F.);
#9492=ORIENTED_EDGE('',*,*,#9491,.F.);
#9494=ORIENTED_EDGE('',*,*,#9493,.T.);
#9496=ORIENTED_EDGE('',*,*,#9495,.T.);
#9498=ORIENTED_EDGE('',*,*,#9497,.F.);
#9499=EDGE_LOOP('',(#9492,#9494,#9496,#9498));
#9500=FACE_BOUND('',#9499,.F.);
#9502=ORIENTED_EDGE('',*,*,#9501,.F.);
#9504=ORIENTED_EDGE('',*,*,#9503,.T.);
#9506=ORIENTED_EDGE('',*,*,#9505,.T.);
#9508=ORIENTED_EDGE('',*,*,#9507,.F.);
#9509=EDGE_LOOP('',(#9502,#9504,#9506,#9508));
#9510=FACE_BOUND('',#9509,.F.);
#9512=ORIENTED_EDGE('',*,*,#9511,.F.);
#9514=ORIENTED_EDGE('',*,*,#9513,.T.);
#9516=ORIENTED_EDGE('',*,*,#9515,.T.);
#9518=ORIENTED_EDGE('',*,*,#9517,.F.);
#9519=EDGE_LOOP('',(#9512,#9514,#9516,#9518));
#9520=FACE_BOUND('',#9519,.F.);
#9522=CARTESIAN_POINT('',(-8.2E0,0.E0,-8.2E0));
#9523=DIRECTION('',(1.E0,0.E0,0.E0));
#9524=DIRECTION('',(0.E0,-1.E0,0.E0));
#9525=AXIS2_PLACEMENT_3D('',#9522,#9523,#9524);
#9526=PLANE('',#9525);
#9528=ORIENTED_EDGE('',*,*,#9527,.T.);
#9529=ORIENTED_EDGE('',*,*,#9244,.T.);
#9530=ORIENTED_EDGE('',*,*,#9436,.T.);
#9531=ORIENTED_EDGE('',*,*,#9389,.T.);
#9532=EDGE_LOOP('',(#9528,#9529,#9530,#9531));
#9533=FACE_OUTER_BOUND('',#9532,.F.);
#9535=CARTESIAN_POINT('',(-8.E0,-1.3E0,1.068952E1));
#9536=DIRECTION('',(0.E0,0.E0,-1.E0));
#9537=DIRECTION('',(0.E0,-1.E0,0.E0));
#9538=AXIS2_PLACEMENT_3D('',#9535,#9536,#9537);
#9539=CYLINDRICAL_SURFACE('',#9538,2.E-1);
#9540=ORIENTED_EDGE('',*,*,#9246,.T.);
#9541=ORIENTED_EDGE('',*,*,#9527,.F.);
#9543=ORIENTED_EDGE('',*,*,#9542,.F.);
#9544=ORIENTED_EDGE('',*,*,#9301,.T.);
#9545=EDGE_LOOP('',(#9540,#9541,#9543,#9544));
#9546=FACE_OUTER_BOUND('',#9545,.F.);
#9548=CARTESIAN_POINT('',(3.90274E1,-1.3E0,-7.635778670279E0));
#9549=DIRECTION('',(-1.E0,0.E0,0.E0));
#9550=DIRECTION('',(0.E0,-1.E0,0.E0));
#9551=AXIS2_PLACEMENT_3D('',#9548,#9549,#9550);
#9552=CYLINDRICAL_SURFACE('',#9551,2.E-1);
#9554=ORIENTED_EDGE('',*,*,#9553,.T.);
#9555=ORIENTED_EDGE('',*,*,#9303,.T.);
#9556=ORIENTED_EDGE('',*,*,#9542,.T.);
#9557=ORIENTED_EDGE('',*,*,#9387,.F.);
#9558=EDGE_LOOP('',(#9554,#9555,#9556,#9557));
#9559=FACE_OUTER_BOUND('',#9558,.F.);
#9561=CARTESIAN_POINT('',(-7.155E0,-1.5E0,-8.2E0));
#9562=DIRECTION('',(-1.E0,0.E0,0.E0));
#9563=DIRECTION('',(0.E0,1.E0,0.E0));
#9564=AXIS2_PLACEMENT_3D('',#9561,#9562,#9563);
#9565=PLANE('',#9564);
#9566=ORIENTED_EDGE('',*,*,#9553,.F.);
#9567=ORIENTED_EDGE('',*,*,#9393,.F.);
#9568=ORIENTED_EDGE('',*,*,#9457,.F.);
#9569=ORIENTED_EDGE('',*,*,#9250,.F.);
#9570=ORIENTED_EDGE('',*,*,#9305,.F.);
#9571=EDGE_LOOP('',(#9566,#9567,#9568,#9569,#9570));
#9572=FACE_OUTER_BOUND('',#9571,.F.);
#9574=CARTESIAN_POINT('',(-9.3E0,-1.5E0,-8.2E0));
#9575=DIRECTION('',(-1.E0,0.E0,0.E0));
#9576=DIRECTION('',(0.E0,1.E0,0.E0));
#9577=AXIS2_PLACEMENT_3D('',#9574,#9575,#9576);
#9578=PLANE('',#9577);
#9579=ORIENTED_EDGE('',*,*,#9350,.T.);
#9580=ORIENTED_EDGE('',*,*,#9377,.F.);
#9581=ORIENTED_EDGE('',*,*,#9439,.F.);
#9582=ORIENTED_EDGE('',*,*,#9240,.F.);
#9583=EDGE_LOOP('',(#9579,#9580,#9581,#9582));
#9584=FACE_OUTER_BOUND('',#9583,.F.);
#9586=CARTESIAN_POINT('',(-1.05E1,7.15E0,0.E0));
#9587=DIRECTION('',(0.E0,0.E0,1.E0));
#9588=DIRECTION('',(0.E0,-1.E0,0.E0));
#9589=AXIS2_PLACEMENT_3D('',#9586,#9587,#9588);
#9590=PLANE('',#9589);
#9592=ORIENTED_EDGE('',*,*,#9591,.F.);
#9593=ORIENTED_EDGE('',*,*,#9443,.F.);
#9594=ORIENTED_EDGE('',*,*,#9175,.F.);
#9596=ORIENTED_EDGE('',*,*,#9595,.T.);
#9597=EDGE_LOOP('',(#9592,#9593,#9594,#9596));
#9598=FACE_OUTER_BOUND('',#9597,.F.);
#9600=ORIENTED_EDGE('',*,*,#9599,.T.);
#9602=ORIENTED_EDGE('',*,*,#9601,.F.);
#9604=ORIENTED_EDGE('',*,*,#9603,.F.);
#9606=ORIENTED_EDGE('',*,*,#9605,.F.);
#9608=ORIENTED_EDGE('',*,*,#9607,.F.);
#9610=ORIENTED_EDGE('',*,*,#9609,.T.);
#9611=EDGE_LOOP('',(#9600,#9602,#9604,#9606,#9608,#9610));
#9612=FACE_BOUND('',#9611,.F.);
#9614=ORIENTED_EDGE('',*,*,#9613,.T.);
#9616=ORIENTED_EDGE('',*,*,#9615,.T.);
#9618=ORIENTED_EDGE('',*,*,#9617,.F.);
#9620=ORIENTED_EDGE('',*,*,#9619,.T.);
#9621=EDGE_LOOP('',(#9614,#9616,#9618,#9620));
#9622=FACE_BOUND('',#9621,.F.);
#9624=ORIENTED_EDGE('',*,*,#9623,.T.);
#9626=ORIENTED_EDGE('',*,*,#9625,.T.);
#9628=ORIENTED_EDGE('',*,*,#9627,.F.);
#9630=ORIENTED_EDGE('',*,*,#9629,.T.);
#9631=EDGE_LOOP('',(#9624,#9626,#9628,#9630));
#9632=FACE_BOUND('',#9631,.F.);
#9634=ORIENTED_EDGE('',*,*,#9633,.T.);
#9636=ORIENTED_EDGE('',*,*,#9635,.T.);
#9638=ORIENTED_EDGE('',*,*,#9637,.F.);
#9640=ORIENTED_EDGE('',*,*,#9639,.T.);
#9641=EDGE_LOOP('',(#9634,#9636,#9638,#9640));
#9642=FACE_BOUND('',#9641,.F.);
#9644=ORIENTED_EDGE('',*,*,#9643,.T.);
#9646=ORIENTED_EDGE('',*,*,#9645,.T.);
#9648=ORIENTED_EDGE('',*,*,#9647,.F.);
#9650=ORIENTED_EDGE('',*,*,#9649,.T.);
#9651=EDGE_LOOP('',(#9644,#9646,#9648,#9650));
#9652=FACE_BOUND('',#9651,.F.);
#9654=ORIENTED_EDGE('',*,*,#9653,.F.);
#9656=ORIENTED_EDGE('',*,*,#9655,.T.);
#9658=ORIENTED_EDGE('',*,*,#9657,.T.);
#9660=ORIENTED_EDGE('',*,*,#9659,.T.);
#9661=EDGE_LOOP('',(#9654,#9656,#9658,#9660));
#9662=FACE_BOUND('',#9661,.F.);
#9664=CARTESIAN_POINT('',(1.05E1,0.E0,0.E0));
#9665=DIRECTION('',(1.E0,0.E0,0.E0));
#9666=DIRECTION('',(0.E0,-1.E0,0.E0));
#9667=AXIS2_PLACEMENT_3D('',#9664,#9665,#9666);
#9668=PLANE('',#9667);
#9669=ORIENTED_EDGE('',*,*,#9216,.F.);
#9670=ORIENTED_EDGE('',*,*,#9270,.F.);
#9671=ORIENTED_EDGE('',*,*,#9320,.F.);
#9673=ORIENTED_EDGE('',*,*,#9672,.F.);
#9674=ORIENTED_EDGE('',*,*,#9409,.F.);
#9675=ORIENTED_EDGE('',*,*,#9445,.F.);
#9676=ORIENTED_EDGE('',*,*,#9591,.T.);
#9678=ORIENTED_EDGE('',*,*,#9677,.F.);
#9680=ORIENTED_EDGE('',*,*,#9679,.F.);
#9682=ORIENTED_EDGE('',*,*,#9681,.F.);
#9684=ORIENTED_EDGE('',*,*,#9683,.F.);
#9686=ORIENTED_EDGE('',*,*,#9685,.F.);
#9688=ORIENTED_EDGE('',*,*,#9687,.F.);
#9690=ORIENTED_EDGE('',*,*,#9689,.T.);
#9692=ORIENTED_EDGE('',*,*,#9691,.F.);
#9694=ORIENTED_EDGE('',*,*,#9693,.F.);
#9696=ORIENTED_EDGE('',*,*,#9695,.F.);
#9698=ORIENTED_EDGE('',*,*,#9697,.T.);
#9700=ORIENTED_EDGE('',*,*,#9699,.F.);
#9702=ORIENTED_EDGE('',*,*,#9701,.F.);
#9704=ORIENTED_EDGE('',*,*,#9703,.F.);
#9706=ORIENTED_EDGE('',*,*,#9705,.F.);
#9708=ORIENTED_EDGE('',*,*,#9707,.F.);
#9709=EDGE_LOOP('',(#9669,#9670,#9671,#9673,#9674,#9675,#9676,#9678,#9680,#9682,
#9684,#9686,#9688,#9690,#9692,#9694,#9696,#9698,#9700,#9702,#9704,#9706,#9708));
#9710=FACE_OUTER_BOUND('',#9709,.F.);
#9712=CARTESIAN_POINT('',(3.90274E1,-1.3E0,-7.635778670279E0));
#9713=DIRECTION('',(-1.E0,0.E0,0.E0));
#9714=DIRECTION('',(0.E0,-1.E0,0.E0));
#9715=AXIS2_PLACEMENT_3D('',#9712,#9713,#9714);
#9716=CYLINDRICAL_SURFACE('',#9715,2.E-1);
#9717=ORIENTED_EDGE('',*,*,#9672,.T.);
#9718=ORIENTED_EDGE('',*,*,#9318,.T.);
#9720=ORIENTED_EDGE('',*,*,#9719,.T.);
#9721=ORIENTED_EDGE('',*,*,#9403,.F.);
#9722=EDGE_LOOP('',(#9717,#9718,#9720,#9721));
#9723=FACE_OUTER_BOUND('',#9722,.F.);
#9725=CARTESIAN_POINT('',(9.5E0,-1.3E0,1.068952E1));
#9726=DIRECTION('',(0.E0,0.E0,-1.E0));
#9727=DIRECTION('',(0.E0,-1.E0,0.E0));
#9728=AXIS2_PLACEMENT_3D('',#9725,#9726,#9727);
#9729=CYLINDRICAL_SURFACE('',#9728,2.E-1);
#9730=ORIENTED_EDGE('',*,*,#9266,.T.);
#9732=ORIENTED_EDGE('',*,*,#9731,.F.);
#9733=ORIENTED_EDGE('',*,*,#9719,.F.);
#9734=ORIENTED_EDGE('',*,*,#9316,.T.);
#9735=EDGE_LOOP('',(#9730,#9732,#9733,#9734));
#9736=FACE_OUTER_BOUND('',#9735,.F.);
#9738=CARTESIAN_POINT('',(9.3E0,0.E0,-8.2E0));
#9739=DIRECTION('',(1.E0,0.E0,0.E0));
#9740=DIRECTION('',(0.E0,-1.E0,0.E0));
#9741=AXIS2_PLACEMENT_3D('',#9738,#9739,#9740);
#9742=PLANE('',#9741);
#9743=ORIENTED_EDGE('',*,*,#9731,.T.);
#9744=ORIENTED_EDGE('',*,*,#9264,.T.);
#9745=ORIENTED_EDGE('',*,*,#9448,.T.);
#9746=ORIENTED_EDGE('',*,*,#9405,.T.);
#9747=EDGE_LOOP('',(#9743,#9744,#9745,#9746));
#9748=FACE_OUTER_BOUND('',#9747,.F.);
#9750=CARTESIAN_POINT('',(-1.05E1,7.15E0,-3.372376476145E-1));
#9751=DIRECTION('',(0.E0,1.E0,0.E0));
#9752=DIRECTION('',(0.E0,0.E0,1.E0));
#9753=AXIS2_PLACEMENT_3D('',#9750,#9751,#9752);
#9754=PLANE('',#9753);
#9755=ORIENTED_EDGE('',*,*,#9173,.F.);
#9757=ORIENTED_EDGE('',*,*,#9756,.T.);
#9758=ORIENTED_EDGE('',*,*,#9677,.T.);
#9759=ORIENTED_EDGE('',*,*,#9595,.F.);
#9760=EDGE_LOOP('',(#9755,#9757,#9758,#9759));
#9761=FACE_OUTER_BOUND('',#9760,.F.);
#9763=CARTESIAN_POINT('',(-1.05E1,1.249134560337E1,-1.868843853125E0));
#9764=DIRECTION('',(0.E0,2.756373558170E-1,9.612616959383E-1));
#9765=DIRECTION('',(0.E0,-9.612616959383E-1,2.756373558170E-1));
#9766=AXIS2_PLACEMENT_3D('',#9763,#9764,#9765);
#9767=PLANE('',#9766);
#9768=ORIENTED_EDGE('',*,*,#9171,.F.);
#9770=ORIENTED_EDGE('',*,*,#9769,.T.);
#9771=ORIENTED_EDGE('',*,*,#9679,.T.);
#9772=ORIENTED_EDGE('',*,*,#9756,.F.);
#9773=EDGE_LOOP('',(#9768,#9770,#9771,#9772));
#9774=FACE_OUTER_BOUND('',#9773,.F.);
#9776=CARTESIAN_POINT('',(-1.05E1,1.245E1,-2.013033107515E0));
#9777=DIRECTION('',(1.E0,0.E0,0.E0));
#9778=DIRECTION('',(0.E0,-1.E0,0.E0));
#9779=AXIS2_PLACEMENT_3D('',#9776,#9777,#9778);
#9780=CYLINDRICAL_SURFACE('',#9779,1.5E-1);
#9781=ORIENTED_EDGE('',*,*,#9169,.F.);
#9783=ORIENTED_EDGE('',*,*,#9782,.T.);
#9784=ORIENTED_EDGE('',*,*,#9681,.T.);
#9785=ORIENTED_EDGE('',*,*,#9769,.F.);
#9786=EDGE_LOOP('',(#9781,#9783,#9784,#9785));
#9787=FACE_OUTER_BOUND('',#9786,.F.);
#9789=CARTESIAN_POINT('',(-1.05E1,1.26E1,-6.4E0));
#9790=DIRECTION('',(0.E0,1.E0,0.E0));
#9791=DIRECTION('',(0.E0,0.E0,1.E0));
#9792=AXIS2_PLACEMENT_3D('',#9789,#9790,#9791);
#9793=PLANE('',#9792);
#9795=ORIENTED_EDGE('',*,*,#9794,.F.);
#9796=ORIENTED_EDGE('',*,*,#9699,.T.);
#9798=ORIENTED_EDGE('',*,*,#9797,.F.);
#9800=ORIENTED_EDGE('',*,*,#9799,.F.);
#9802=ORIENTED_EDGE('',*,*,#9801,.F.);
#9804=ORIENTED_EDGE('',*,*,#9803,.F.);
#9806=ORIENTED_EDGE('',*,*,#9805,.F.);
#9808=ORIENTED_EDGE('',*,*,#9807,.F.);
#9810=ORIENTED_EDGE('',*,*,#9809,.F.);
#9811=ORIENTED_EDGE('',*,*,#9691,.T.);
#9813=ORIENTED_EDGE('',*,*,#9812,.F.);
#9815=ORIENTED_EDGE('',*,*,#9814,.F.);
#9817=ORIENTED_EDGE('',*,*,#9816,.F.);
#9819=ORIENTED_EDGE('',*,*,#9818,.F.);
#9821=ORIENTED_EDGE('',*,*,#9820,.F.);
#9823=ORIENTED_EDGE('',*,*,#9822,.F.);
#9825=ORIENTED_EDGE('',*,*,#9824,.F.);
#9826=ORIENTED_EDGE('',*,*,#9683,.T.);
#9827=ORIENTED_EDGE('',*,*,#9782,.F.);
#9828=ORIENTED_EDGE('',*,*,#9167,.F.);
#9830=ORIENTED_EDGE('',*,*,#9829,.F.);
#9832=ORIENTED_EDGE('',*,*,#9831,.T.);
#9834=ORIENTED_EDGE('',*,*,#9833,.T.);
#9836=ORIENTED_EDGE('',*,*,#9835,.T.);
#9838=ORIENTED_EDGE('',*,*,#9837,.T.);
#9840=ORIENTED_EDGE('',*,*,#9839,.T.);
#9842=ORIENTED_EDGE('',*,*,#9841,.F.);
#9843=ORIENTED_EDGE('',*,*,#9159,.F.);
#9845=ORIENTED_EDGE('',*,*,#9844,.F.);
#9847=ORIENTED_EDGE('',*,*,#9846,.T.);
#9849=ORIENTED_EDGE('',*,*,#9848,.T.);
#9851=ORIENTED_EDGE('',*,*,#9850,.T.);
#9853=ORIENTED_EDGE('',*,*,#9852,.T.);
#9855=ORIENTED_EDGE('',*,*,#9854,.T.);
#9857=ORIENTED_EDGE('',*,*,#9856,.F.);
#9858=ORIENTED_EDGE('',*,*,#9151,.F.);
#9859=EDGE_LOOP('',(#9795,#9796,#9798,#9800,#9802,#9804,#9806,#9808,#9810,#9811,
#9813,#9815,#9817,#9819,#9821,#9823,#9825,#9826,#9827,#9828,#9830,#9832,#9834,
#9836,#9838,#9840,#9842,#9843,#9845,#9847,#9849,#9851,#9853,#9855,#9857,#9858));
#9860=FACE_OUTER_BOUND('',#9859,.F.);
#9862=ORIENTED_EDGE('',*,*,#9861,.T.);
#9864=ORIENTED_EDGE('',*,*,#9863,.T.);
#9865=EDGE_LOOP('',(#9862,#9864));
#9866=FACE_BOUND('',#9865,.F.);
#9868=ORIENTED_EDGE('',*,*,#9867,.T.);
#9870=ORIENTED_EDGE('',*,*,#9869,.T.);
#9871=EDGE_LOOP('',(#9868,#9870));
#9872=FACE_BOUND('',#9871,.F.);
#9874=ORIENTED_EDGE('',*,*,#9873,.T.);
#9876=ORIENTED_EDGE('',*,*,#9875,.T.);
#9877=EDGE_LOOP('',(#9874,#9876));
#9878=FACE_BOUND('',#9877,.F.);
#9880=ORIENTED_EDGE('',*,*,#9879,.T.);
#9882=ORIENTED_EDGE('',*,*,#9881,.T.);
#9883=EDGE_LOOP('',(#9880,#9882));
#9884=FACE_BOUND('',#9883,.F.);
#9886=ORIENTED_EDGE('',*,*,#9885,.T.);
#9888=ORIENTED_EDGE('',*,*,#9887,.T.);
#9889=EDGE_LOOP('',(#9886,#9888));
#9890=FACE_BOUND('',#9889,.F.);
#9892=ORIENTED_EDGE('',*,*,#9891,.T.);
#9894=ORIENTED_EDGE('',*,*,#9893,.T.);
#9895=EDGE_LOOP('',(#9892,#9894));
#9896=FACE_BOUND('',#9895,.F.);
#9898=CARTESIAN_POINT('',(3.90274E1,1.245E1,-6.274135055323E0));
#9899=DIRECTION('',(-1.E0,0.E0,0.E0));
#9900=DIRECTION('',(0.E0,1.E0,0.E0));
#9901=AXIS2_PLACEMENT_3D('',#9898,#9899,#9900);
#9902=CYLINDRICAL_SURFACE('',#9901,1.5E-1);
#9903=ORIENTED_EDGE('',*,*,#9149,.T.);
#9905=ORIENTED_EDGE('',*,*,#9904,.F.);
#9906=ORIENTED_EDGE('',*,*,#9701,.T.);
#9907=ORIENTED_EDGE('',*,*,#9794,.T.);
#9908=EDGE_LOOP('',(#9903,#9905,#9906,#9907));
#9909=FACE_OUTER_BOUND('',#9908,.F.);
#9911=CARTESIAN_POINT('',(-1.05E1,9.E0,-7.034777130550E0));
#9912=DIRECTION('',(0.E0,1.736481776669E-1,-9.848077530122E-1));
#9913=DIRECTION('',(0.E0,9.848077530122E-1,1.736481776669E-1));
#9914=AXIS2_PLACEMENT_3D('',#9911,#9912,#9913);
#9915=PLANE('',#9914);
#9916=ORIENTED_EDGE('',*,*,#9904,.T.);
#9917=ORIENTED_EDGE('',*,*,#9147,.F.);
#9919=ORIENTED_EDGE('',*,*,#9918,.T.);
#9920=ORIENTED_EDGE('',*,*,#9703,.T.);
#9921=EDGE_LOOP('',(#9916,#9917,#9919,#9920));
#9922=FACE_OUTER_BOUND('',#9921,.F.);
#9924=CARTESIAN_POINT('',(-1.05E1,9.E0,-8.2E0));
#9925=DIRECTION('',(0.E0,1.E0,0.E0));
#9926=DIRECTION('',(0.E0,0.E0,1.E0));
#9927=AXIS2_PLACEMENT_3D('',#9924,#9925,#9926);
#9928=PLANE('',#9927);
#9930=ORIENTED_EDGE('',*,*,#9929,.T.);
#9932=ORIENTED_EDGE('',*,*,#9931,.T.);
#9934=ORIENTED_EDGE('',*,*,#9933,.T.);
#9936=ORIENTED_EDGE('',*,*,#9935,.F.);
#9937=ORIENTED_EDGE('',*,*,#9275,.T.);
#9939=ORIENTED_EDGE('',*,*,#9938,.F.);
#9941=ORIENTED_EDGE('',*,*,#9940,.T.);
#9943=ORIENTED_EDGE('',*,*,#9942,.T.);
#9945=ORIENTED_EDGE('',*,*,#9944,.F.);
#9946=ORIENTED_EDGE('',*,*,#9705,.T.);
#9947=ORIENTED_EDGE('',*,*,#9918,.F.);
#9948=ORIENTED_EDGE('',*,*,#9145,.F.);
#9949=EDGE_LOOP('',(#9930,#9932,#9934,#9936,#9937,#9939,#9941,#9943,#9945,#9946,
#9947,#9948));
#9950=FACE_OUTER_BOUND('',#9949,.F.);
#9952=CARTESIAN_POINT('',(-1.05E1,9.E0,-7.4E0));
#9953=DIRECTION('',(0.E0,0.E0,1.E0));
#9954=DIRECTION('',(1.E0,0.E0,0.E0));
#9955=AXIS2_PLACEMENT_3D('',#9952,#9953,#9954);
#9956=PLANE('',#9955);
#9957=ORIENTED_EDGE('',*,*,#9143,.F.);
#9958=ORIENTED_EDGE('',*,*,#9203,.T.);
#9960=ORIENTED_EDGE('',*,*,#9959,.F.);
#9961=ORIENTED_EDGE('',*,*,#9929,.F.);
#9962=EDGE_LOOP('',(#9957,#9958,#9960,#9961));
#9963=FACE_OUTER_BOUND('',#9962,.F.);
#9965=CARTESIAN_POINT('',(-9.874722325027E0,9.E0,-7.45E0));
#9966=DIRECTION('',(0.E0,1.E0,0.E0));
#9967=DIRECTION('',(1.E0,0.E0,0.E0));
#9968=AXIS2_PLACEMENT_3D('',#9965,#9966,#9967);
#9969=CYLINDRICAL_SURFACE('',#9968,5.E-2);
#9970=ORIENTED_EDGE('',*,*,#9931,.F.);
#9971=ORIENTED_EDGE('',*,*,#9959,.T.);
#9972=ORIENTED_EDGE('',*,*,#9201,.T.);
#9974=ORIENTED_EDGE('',*,*,#9973,.F.);
#9975=EDGE_LOOP('',(#9970,#9971,#9972,#9974));
#9976=FACE_OUTER_BOUND('',#9975,.F.);
#9978=CARTESIAN_POINT('',(-9.831421054837E0,9.E0,-7.475E0));
#9979=DIRECTION('',(8.660254037844E-1,0.E0,-5.E-1));
#9980=DIRECTION('',(-5.E-1,0.E0,-8.660254037844E-1));
#9981=AXIS2_PLACEMENT_3D('',#9978,#9979,#9980);
#9982=PLANE('',#9981);
#9983=ORIENTED_EDGE('',*,*,#9933,.F.);
#9984=ORIENTED_EDGE('',*,*,#9973,.T.);
#9985=ORIENTED_EDGE('',*,*,#9199,.T.);
#9987=ORIENTED_EDGE('',*,*,#9986,.F.);
#9988=EDGE_LOOP('',(#9983,#9984,#9985,#9987));
#9989=FACE_OUTER_BOUND('',#9988,.F.);
#9991=CARTESIAN_POINT('',(-9.990192378865E0,9.E0,-8.05E0));
#9992=DIRECTION('',(0.E0,1.E0,0.E0));
#9993=DIRECTION('',(1.E0,0.E0,0.E0));
#9994=AXIS2_PLACEMENT_3D('',#9991,#9992,#9993);
#9995=CYLINDRICAL_SURFACE('',#9994,1.5E-1);
#9996=ORIENTED_EDGE('',*,*,#9277,.T.);
#9997=ORIENTED_EDGE('',*,*,#9935,.T.);
#9998=ORIENTED_EDGE('',*,*,#9986,.T.);
#9999=ORIENTED_EDGE('',*,*,#9197,.T.);
#10000=EDGE_LOOP('',(#9996,#9997,#9998,#9999));
#10001=FACE_OUTER_BOUND('',#10000,.F.);
#10003=CARTESIAN_POINT('',(9.990192378865E0,9.E0,-8.05E0));
#10004=DIRECTION('',(0.E0,1.E0,0.E0));
#10005=DIRECTION('',(1.E0,0.E0,0.E0));
#10006=AXIS2_PLACEMENT_3D('',#10003,#10004,#10005);
#10007=CYLINDRICAL_SURFACE('',#10006,1.5E-1);
#10008=ORIENTED_EDGE('',*,*,#9273,.F.);
#10009=ORIENTED_EDGE('',*,*,#9224,.T.);
#10011=ORIENTED_EDGE('',*,*,#10010,.F.);
#10012=ORIENTED_EDGE('',*,*,#9938,.T.);
#10013=EDGE_LOOP('',(#10008,#10009,#10011,#10012));
#10014=FACE_OUTER_BOUND('',#10013,.F.);
#10016=CARTESIAN_POINT('',(1.012009618943E1,9.E0,-7.975E0));
#10017=DIRECTION('',(-8.660254037844E-1,0.E0,-5.E-1));
#10018=DIRECTION('',(-5.E-1,0.E0,8.660254037844E-1));
#10019=AXIS2_PLACEMENT_3D('',#10016,#10017,#10018);
#10020=PLANE('',#10019);
#10021=ORIENTED_EDGE('',*,*,#9940,.F.);
#10022=ORIENTED_EDGE('',*,*,#10010,.T.);
#10023=ORIENTED_EDGE('',*,*,#9222,.T.);
#10025=ORIENTED_EDGE('',*,*,#10024,.F.);
#10026=EDGE_LOOP('',(#10021,#10022,#10023,#10025));
#10027=FACE_OUTER_BOUND('',#10026,.F.);
#10029=CARTESIAN_POINT('',(9.874722325027E0,9.E0,-7.45E0));
#10030=DIRECTION('',(0.E0,1.E0,0.E0));
#10031=DIRECTION('',(1.E0,0.E0,0.E0));
#10032=AXIS2_PLACEMENT_3D('',#10029,#10030,#10031);
#10033=CYLINDRICAL_SURFACE('',#10032,5.E-2);
#10034=ORIENTED_EDGE('',*,*,#9942,.F.);
#10035=ORIENTED_EDGE('',*,*,#10024,.T.);
#10036=ORIENTED_EDGE('',*,*,#9220,.T.);
#10038=ORIENTED_EDGE('',*,*,#10037,.F.);
#10039=EDGE_LOOP('',(#10034,#10035,#10036,#10038));
#10040=FACE_OUTER_BOUND('',#10039,.F.);
#10042=CARTESIAN_POINT('',(9.874722325027E0,9.E0,-7.4E0));
#10043=DIRECTION('',(0.E0,0.E0,1.E0));
#10044=DIRECTION('',(1.E0,0.E0,0.E0));
#10045=AXIS2_PLACEMENT_3D('',#10042,#10043,#10044);
#10046=PLANE('',#10045);
#10047=ORIENTED_EDGE('',*,*,#9707,.T.);
#10048=ORIENTED_EDGE('',*,*,#9944,.T.);
#10049=ORIENTED_EDGE('',*,*,#10037,.T.);
#10050=ORIENTED_EDGE('',*,*,#9218,.T.);
#10051=EDGE_LOOP('',(#10047,#10048,#10049,#10050));
#10052=FACE_OUTER_BOUND('',#10051,.F.);
#10054=CARTESIAN_POINT('',(1.055E1,1.26E1,-5.997927405784E0));
#10055=DIRECTION('',(0.E0,1.E0,0.E0));
#10056=DIRECTION('',(0.E0,0.E0,1.E0));
#10057=AXIS2_PLACEMENT_3D('',#10054,#10055,#10056);
#10058=CYLINDRICAL_SURFACE('',#10057,5.E-2);
#10059=ORIENTED_EDGE('',*,*,#9697,.F.);
#10061=ORIENTED_EDGE('',*,*,#10060,.F.);
#10063=ORIENTED_EDGE('',*,*,#10062,.F.);
#10064=ORIENTED_EDGE('',*,*,#9797,.T.);
#10065=EDGE_LOOP('',(#10059,#10061,#10063,#10064));
#10066=FACE_OUTER_BOUND('',#10065,.F.);
#10068=CARTESIAN_POINT('',(-1.05E1,1.04E1,0.E0));
#10069=DIRECTION('',(0.E0,1.E0,0.E0));
#10070=DIRECTION('',(0.E0,0.E0,1.E0));
#10071=AXIS2_PLACEMENT_3D('',#10068,#10069,#10070);
#10072=PLANE('',#10071);
#10073=ORIENTED_EDGE('',*,*,#9695,.T.);
#10075=ORIENTED_EDGE('',*,*,#10074,.T.);
#10077=ORIENTED_EDGE('',*,*,#10076,.T.);
#10079=ORIENTED_EDGE('',*,*,#10078,.T.);
#10081=ORIENTED_EDGE('',*,*,#10080,.T.);
#10083=ORIENTED_EDGE('',*,*,#10082,.T.);
#10085=ORIENTED_EDGE('',*,*,#10084,.T.);
#10086=ORIENTED_EDGE('',*,*,#10060,.T.);
#10087=EDGE_LOOP('',(#10073,#10075,#10077,#10079,#10081,#10083,#10085,#10086));
#10088=FACE_OUTER_BOUND('',#10087,.F.);
#10090=CARTESIAN_POINT('',(-1.05E1,1.04E1,0.E0));
#10091=DIRECTION('',(0.E0,1.E0,0.E0));
#10092=DIRECTION('',(0.E0,0.E0,1.E0));
#10093=AXIS2_PLACEMENT_3D('',#10090,#10091,#10092);
#10094=PLANE('',#10093);
#10095=ORIENTED_EDGE('',*,*,#9687,.T.);
#10097=ORIENTED_EDGE('',*,*,#10096,.T.);
#10099=ORIENTED_EDGE('',*,*,#10098,.T.);
#10101=ORIENTED_EDGE('',*,*,#10100,.T.);
#10103=ORIENTED_EDGE('',*,*,#10102,.T.);
#10105=ORIENTED_EDGE('',*,*,#10104,.T.);
#10107=ORIENTED_EDGE('',*,*,#10106,.T.);
#10109=ORIENTED_EDGE('',*,*,#10108,.T.);
#10110=EDGE_LOOP('',(#10095,#10097,#10099,#10101,#10103,#10105,#10107,#10109));
#10111=FACE_OUTER_BOUND('',#10110,.F.);
#10113=CARTESIAN_POINT('',(1.055E1,1.26E1,-5.402072594216E0));
#10114=DIRECTION('',(0.E0,1.E0,0.E0));
#10115=DIRECTION('',(0.E0,0.E0,1.E0));
#10116=AXIS2_PLACEMENT_3D('',#10113,#10114,#10115);
#10117=CYLINDRICAL_SURFACE('',#10116,5.E-2);
#10118=ORIENTED_EDGE('',*,*,#9693,.T.);
#10119=ORIENTED_EDGE('',*,*,#9809,.T.);
#10121=ORIENTED_EDGE('',*,*,#10120,.T.);
#10122=ORIENTED_EDGE('',*,*,#10074,.F.);
#10123=EDGE_LOOP('',(#10118,#10119,#10121,#10122));
#10124=FACE_OUTER_BOUND('',#10123,.F.);
#10126=CARTESIAN_POINT('',(1.0575E1,1.26E1,-5.445373864406E0));
#10127=DIRECTION('',(-5.E-1,0.E0,8.660254037844E-1));
#10128=DIRECTION('',(8.660254037844E-1,0.E0,5.E-1));
#10129=AXIS2_PLACEMENT_3D('',#10126,#10127,#10128);
#10130=PLANE('',#10129);
#10131=ORIENTED_EDGE('',*,*,#9807,.T.);
#10133=ORIENTED_EDGE('',*,*,#10132,.T.);
#10134=ORIENTED_EDGE('',*,*,#10076,.F.);
#10135=ORIENTED_EDGE('',*,*,#10120,.F.);
#10136=EDGE_LOOP('',(#10131,#10133,#10134,#10135));
#10137=FACE_OUTER_BOUND('',#10136,.F.);
#10139=CARTESIAN_POINT('',(1.085E1,1.26E1,-5.459807621135E0));
#10140=DIRECTION('',(0.E0,1.E0,0.E0));
#10141=DIRECTION('',(0.E0,0.E0,1.E0));
#10142=AXIS2_PLACEMENT_3D('',#10139,#10140,#10141);
#10143=CYLINDRICAL_SURFACE('',#10142,1.5E-1);
#10144=ORIENTED_EDGE('',*,*,#9805,.T.);
#10146=ORIENTED_EDGE('',*,*,#10145,.T.);
#10147=ORIENTED_EDGE('',*,*,#10078,.F.);
#10148=ORIENTED_EDGE('',*,*,#10132,.F.);
#10149=EDGE_LOOP('',(#10144,#10146,#10147,#10148));
#10150=FACE_OUTER_BOUND('',#10149,.F.);
#10152=CARTESIAN_POINT('',(1.1E1,1.26E1,-5.459807621135E0));
#10153=DIRECTION('',(1.E0,0.E0,0.E0));
#10154=DIRECTION('',(0.E0,0.E0,-1.E0));
#10155=AXIS2_PLACEMENT_3D('',#10152,#10153,#10154);
#10156=PLANE('',#10155);
#10157=ORIENTED_EDGE('',*,*,#9803,.T.);
#10159=ORIENTED_EDGE('',*,*,#10158,.T.);
#10160=ORIENTED_EDGE('',*,*,#10080,.F.);
#10161=ORIENTED_EDGE('',*,*,#10145,.F.);
#10162=EDGE_LOOP('',(#10157,#10159,#10160,#10161));
#10163=FACE_OUTER_BOUND('',#10162,.F.);
#10165=CARTESIAN_POINT('',(1.085E1,1.26E1,-5.940192378865E0));
#10166=DIRECTION('',(0.E0,1.E0,0.E0));
#10167=DIRECTION('',(0.E0,0.E0,1.E0));
#10168=AXIS2_PLACEMENT_3D('',#10165,#10166,#10167);
#10169=CYLINDRICAL_SURFACE('',#10168,1.5E-1);
#10170=ORIENTED_EDGE('',*,*,#9801,.T.);
#10172=ORIENTED_EDGE('',*,*,#10171,.T.);
#10173=ORIENTED_EDGE('',*,*,#10082,.F.);
#10174=ORIENTED_EDGE('',*,*,#10158,.F.);
#10175=EDGE_LOOP('',(#10170,#10172,#10173,#10174));
#10176=FACE_OUTER_BOUND('',#10175,.F.);
#10178=CARTESIAN_POINT('',(1.0775E1,1.26E1,-6.070096189432E0));
#10179=DIRECTION('',(-5.E-1,0.E0,-8.660254037845E-1));
#10180=DIRECTION('',(-8.660254037845E-1,0.E0,5.E-1));
#10181=AXIS2_PLACEMENT_3D('',#10178,#10179,#10180);
#10182=PLANE('',#10181);
#10183=ORIENTED_EDGE('',*,*,#9799,.T.);
#10184=ORIENTED_EDGE('',*,*,#10062,.T.);
#10185=ORIENTED_EDGE('',*,*,#10084,.F.);
#10186=ORIENTED_EDGE('',*,*,#10171,.F.);
#10187=EDGE_LOOP('',(#10183,#10184,#10185,#10186));
#10188=FACE_OUTER_BOUND('',#10187,.F.);
#10190=CARTESIAN_POINT('',(1.055E1,1.26E1,-2.202072594216E0));
#10191=DIRECTION('',(0.E0,1.E0,0.E0));
#10192=DIRECTION('',(0.E0,0.E0,1.E0));
#10193=AXIS2_PLACEMENT_3D('',#10190,#10191,#10192);
#10194=CYLINDRICAL_SURFACE('',#10193,5.E-2);
#10195=ORIENTED_EDGE('',*,*,#9685,.T.);
#10196=ORIENTED_EDGE('',*,*,#9824,.T.);
#10198=ORIENTED_EDGE('',*,*,#10197,.T.);
#10199=ORIENTED_EDGE('',*,*,#10096,.F.);
#10200=EDGE_LOOP('',(#10195,#10196,#10198,#10199));
#10201=FACE_OUTER_BOUND('',#10200,.F.);
#10203=CARTESIAN_POINT('',(1.0575E1,1.26E1,-2.245373864406E0));
#10204=DIRECTION('',(-5.E-1,0.E0,8.660254037844E-1));
#10205=DIRECTION('',(8.660254037844E-1,0.E0,5.E-1));
#10206=AXIS2_PLACEMENT_3D('',#10203,#10204,#10205);
#10207=PLANE('',#10206);
#10208=ORIENTED_EDGE('',*,*,#9822,.T.);
#10210=ORIENTED_EDGE('',*,*,#10209,.T.);
#10211=ORIENTED_EDGE('',*,*,#10098,.F.);
#10212=ORIENTED_EDGE('',*,*,#10197,.F.);
#10213=EDGE_LOOP('',(#10208,#10210,#10211,#10212));
#10214=FACE_OUTER_BOUND('',#10213,.F.);
#10216=CARTESIAN_POINT('',(1.085E1,1.26E1,-2.259807621135E0));
#10217=DIRECTION('',(0.E0,1.E0,0.E0));
#10218=DIRECTION('',(0.E0,0.E0,1.E0));
#10219=AXIS2_PLACEMENT_3D('',#10216,#10217,#10218);
#10220=CYLINDRICAL_SURFACE('',#10219,1.5E-1);
#10221=ORIENTED_EDGE('',*,*,#9820,.T.);
#10223=ORIENTED_EDGE('',*,*,#10222,.T.);
#10224=ORIENTED_EDGE('',*,*,#10100,.F.);
#10225=ORIENTED_EDGE('',*,*,#10209,.F.);
#10226=EDGE_LOOP('',(#10221,#10223,#10224,#10225));
#10227=FACE_OUTER_BOUND('',#10226,.F.);
#10229=CARTESIAN_POINT('',(1.1E1,1.26E1,-2.259807621135E0));
#10230=DIRECTION('',(1.E0,0.E0,0.E0));
#10231=DIRECTION('',(0.E0,0.E0,-1.E0));
#10232=AXIS2_PLACEMENT_3D('',#10229,#10230,#10231);
#10233=PLANE('',#10232);
#10234=ORIENTED_EDGE('',*,*,#9818,.T.);
#10236=ORIENTED_EDGE('',*,*,#10235,.T.);
#10237=ORIENTED_EDGE('',*,*,#10102,.F.);
#10238=ORIENTED_EDGE('',*,*,#10222,.F.);
#10239=EDGE_LOOP('',(#10234,#10236,#10237,#10238));
#10240=FACE_OUTER_BOUND('',#10239,.F.);
#10242=CARTESIAN_POINT('',(1.085E1,1.26E1,-2.740192378865E0));
#10243=DIRECTION('',(0.E0,1.E0,0.E0));
#10244=DIRECTION('',(0.E0,0.E0,1.E0));
#10245=AXIS2_PLACEMENT_3D('',#10242,#10243,#10244);
#10246=CYLINDRICAL_SURFACE('',#10245,1.5E-1);
#10247=ORIENTED_EDGE('',*,*,#9816,.T.);
#10249=ORIENTED_EDGE('',*,*,#10248,.T.);
#10250=ORIENTED_EDGE('',*,*,#10104,.F.);
#10251=ORIENTED_EDGE('',*,*,#10235,.F.);
#10252=EDGE_LOOP('',(#10247,#10249,#10250,#10251));
#10253=FACE_OUTER_BOUND('',#10252,.F.);
#10255=CARTESIAN_POINT('',(1.0775E1,1.26E1,-2.870096189432E0));
#10256=DIRECTION('',(-5.E-1,0.E0,-8.660254037845E-1));
#10257=DIRECTION('',(-8.660254037845E-1,0.E0,5.E-1));
#10258=AXIS2_PLACEMENT_3D('',#10255,#10256,#10257);
#10259=PLANE('',#10258);
#10260=ORIENTED_EDGE('',*,*,#9814,.T.);
#10262=ORIENTED_EDGE('',*,*,#10261,.T.);
#10263=ORIENTED_EDGE('',*,*,#10106,.F.);
#10264=ORIENTED_EDGE('',*,*,#10248,.F.);
#10265=EDGE_LOOP('',(#10260,#10262,#10263,#10264));
#10266=FACE_OUTER_BOUND('',#10265,.F.);
#10268=CARTESIAN_POINT('',(1.055E1,1.26E1,-2.797927405784E0));
#10269=DIRECTION('',(0.E0,1.E0,0.E0));
#10270=DIRECTION('',(0.E0,0.E0,1.E0));
#10271=AXIS2_PLACEMENT_3D('',#10268,#10269,#10270);
#10272=CYLINDRICAL_SURFACE('',#10271,5.E-2);
#10273=ORIENTED_EDGE('',*,*,#9689,.F.);
#10274=ORIENTED_EDGE('',*,*,#10108,.F.);
#10275=ORIENTED_EDGE('',*,*,#10261,.F.);
#10276=ORIENTED_EDGE('',*,*,#9812,.T.);
#10277=EDGE_LOOP('',(#10273,#10274,#10275,#10276));
#10278=FACE_OUTER_BOUND('',#10277,.F.);
#10280=CARTESIAN_POINT('',(-1.035E1,1.26E1,-2.028867513459E0));
#10281=DIRECTION('',(0.E0,1.E0,0.E0));
#10282=DIRECTION('',(0.E0,0.E0,1.E0));
#10283=AXIS2_PLACEMENT_3D('',#10280,#10281,#10282);
#10284=CYLINDRICAL_SURFACE('',#10283,1.5E-1);
#10285=ORIENTED_EDGE('',*,*,#9165,.F.);
#10287=ORIENTED_EDGE('',*,*,#10286,.T.);
#10289=ORIENTED_EDGE('',*,*,#10288,.F.);
#10290=ORIENTED_EDGE('',*,*,#9829,.T.);
#10291=EDGE_LOOP('',(#10285,#10287,#10289,#10290));
#10292=FACE_OUTER_BOUND('',#10291,.F.);
#10294=CARTESIAN_POINT('',(-1.05E1,1.04E1,0.E0));
#10295=DIRECTION('',(0.E0,1.E0,0.E0));
#10296=DIRECTION('',(0.E0,0.E0,1.E0));
#10297=AXIS2_PLACEMENT_3D('',#10294,#10295,#10296);
#10298=PLANE('',#10297);
#10299=ORIENTED_EDGE('',*,*,#9155,.F.);
#10301=ORIENTED_EDGE('',*,*,#10300,.F.);
#10303=ORIENTED_EDGE('',*,*,#10302,.F.);
#10305=ORIENTED_EDGE('',*,*,#10304,.F.);
#10307=ORIENTED_EDGE('',*,*,#10306,.F.);
#10309=ORIENTED_EDGE('',*,*,#10308,.F.);
#10311=ORIENTED_EDGE('',*,*,#10310,.F.);
#10313=ORIENTED_EDGE('',*,*,#10312,.F.);
#10314=EDGE_LOOP('',(#10299,#10301,#10303,#10305,#10307,#10309,#10311,#10313));
#10315=FACE_OUTER_BOUND('',#10314,.F.);
#10317=CARTESIAN_POINT('',(-1.05E1,1.04E1,0.E0));
#10318=DIRECTION('',(0.E0,1.E0,0.E0));
#10319=DIRECTION('',(0.E0,0.E0,1.E0));
#10320=AXIS2_PLACEMENT_3D('',#10317,#10318,#10319);
#10321=PLANE('',#10320);
#10322=ORIENTED_EDGE('',*,*,#9163,.F.);
#10324=ORIENTED_EDGE('',*,*,#10323,.F.);
#10326=ORIENTED_EDGE('',*,*,#10325,.F.);
#10328=ORIENTED_EDGE('',*,*,#10327,.F.);
#10330=ORIENTED_EDGE('',*,*,#10329,.F.);
#10332=ORIENTED_EDGE('',*,*,#10331,.F.);
#10334=ORIENTED_EDGE('',*,*,#10333,.F.);
#10335=ORIENTED_EDGE('',*,*,#10286,.F.);
#10336=EDGE_LOOP('',(#10322,#10324,#10326,#10328,#10330,#10332,#10334,#10335));
#10337=FACE_OUTER_BOUND('',#10336,.F.);
#10339=CARTESIAN_POINT('',(-1.035E1,1.26E1,-6.171132486540E0));
#10340=DIRECTION('',(0.E0,1.E0,0.E0));
#10341=DIRECTION('',(0.E0,0.E0,1.E0));
#10342=AXIS2_PLACEMENT_3D('',#10339,#10340,#10341);
#10343=CYLINDRICAL_SURFACE('',#10342,1.5E-1);
#10344=ORIENTED_EDGE('',*,*,#9153,.T.);
#10345=ORIENTED_EDGE('',*,*,#9856,.T.);
#10347=ORIENTED_EDGE('',*,*,#10346,.T.);
#10348=ORIENTED_EDGE('',*,*,#10300,.T.);
#10349=EDGE_LOOP('',(#10344,#10345,#10347,#10348));
#10350=FACE_OUTER_BOUND('',#10349,.F.);
#10352=CARTESIAN_POINT('',(-1.0075E1,1.26E1,-6.156698729811E0));
#10353=DIRECTION('',(-5.E-1,0.E0,-8.660254037844E-1));
#10354=DIRECTION('',(-8.660254037844E-1,0.E0,5.E-1));
#10355=AXIS2_PLACEMENT_3D('',#10352,#10353,#10354);
#10356=PLANE('',#10355);
#10357=ORIENTED_EDGE('',*,*,#9854,.F.);
#10359=ORIENTED_EDGE('',*,*,#10358,.T.);
#10360=ORIENTED_EDGE('',*,*,#10302,.T.);
#10361=ORIENTED_EDGE('',*,*,#10346,.F.);
#10362=EDGE_LOOP('',(#10357,#10359,#10360,#10361));
#10363=FACE_OUTER_BOUND('',#10362,.F.);
#10365=CARTESIAN_POINT('',(-1.005E1,1.26E1,-6.113397459622E0));
#10366=DIRECTION('',(0.E0,1.E0,0.E0));
#10367=DIRECTION('',(0.E0,0.E0,1.E0));
#10368=AXIS2_PLACEMENT_3D('',#10365,#10366,#10367);
#10369=CYLINDRICAL_SURFACE('',#10368,5.E-2);
#10370=ORIENTED_EDGE('',*,*,#9852,.F.);
#10372=ORIENTED_EDGE('',*,*,#10371,.T.);
#10373=ORIENTED_EDGE('',*,*,#10304,.T.);
#10374=ORIENTED_EDGE('',*,*,#10358,.F.);
#10375=EDGE_LOOP('',(#10370,#10372,#10373,#10374));
#10376=FACE_OUTER_BOUND('',#10375,.F.);
#10378=CARTESIAN_POINT('',(-1.E1,1.26E1,-5.286602540378E0));
#10379=DIRECTION('',(1.E0,0.E0,0.E0));
#10380=DIRECTION('',(0.E0,0.E0,-1.E0));
#10381=AXIS2_PLACEMENT_3D('',#10378,#10379,#10380);
#10382=PLANE('',#10381);
#10383=ORIENTED_EDGE('',*,*,#9850,.F.);
#10385=ORIENTED_EDGE('',*,*,#10384,.T.);
#10386=ORIENTED_EDGE('',*,*,#10306,.T.);
#10387=ORIENTED_EDGE('',*,*,#10371,.F.);
#10388=EDGE_LOOP('',(#10383,#10385,#10386,#10387));
#10389=FACE_OUTER_BOUND('',#10388,.F.);
#10391=CARTESIAN_POINT('',(-1.005E1,1.26E1,-5.286602540378E0));
#10392=DIRECTION('',(0.E0,1.E0,0.E0));
#10393=DIRECTION('',(0.E0,0.E0,1.E0));
#10394=AXIS2_PLACEMENT_3D('',#10391,#10392,#10393);
#10395=CYLINDRICAL_SURFACE('',#10394,5.E-2);
#10396=ORIENTED_EDGE('',*,*,#9848,.F.);
#10398=ORIENTED_EDGE('',*,*,#10397,.T.);
#10399=ORIENTED_EDGE('',*,*,#10308,.T.);
#10400=ORIENTED_EDGE('',*,*,#10384,.F.);
#10401=EDGE_LOOP('',(#10396,#10398,#10399,#10400));
#10402=FACE_OUTER_BOUND('',#10401,.F.);
#10404=CARTESIAN_POINT('',(-1.0275E1,1.26E1,-5.358771324027E0));
#10405=DIRECTION('',(-5.E-1,0.E0,8.660254037844E-1));
#10406=DIRECTION('',(8.660254037844E-1,0.E0,5.E-1));
#10407=AXIS2_PLACEMENT_3D('',#10404,#10405,#10406);
#10408=PLANE('',#10407);
#10409=ORIENTED_EDGE('',*,*,#9846,.F.);
#10411=ORIENTED_EDGE('',*,*,#10410,.T.);
#10412=ORIENTED_EDGE('',*,*,#10310,.T.);
#10413=ORIENTED_EDGE('',*,*,#10397,.F.);
#10414=EDGE_LOOP('',(#10409,#10411,#10412,#10413));
#10415=FACE_OUTER_BOUND('',#10414,.F.);
#10417=CARTESIAN_POINT('',(-1.035E1,1.26E1,-5.228867513459E0));
#10418=DIRECTION('',(0.E0,1.E0,0.E0));
#10419=DIRECTION('',(0.E0,0.E0,1.E0));
#10420=AXIS2_PLACEMENT_3D('',#10417,#10418,#10419);
#10421=CYLINDRICAL_SURFACE('',#10420,1.5E-1);
#10422=ORIENTED_EDGE('',*,*,#9157,.F.);
#10423=ORIENTED_EDGE('',*,*,#10312,.T.);
#10424=ORIENTED_EDGE('',*,*,#10410,.F.);
#10425=ORIENTED_EDGE('',*,*,#9844,.T.);
#10426=EDGE_LOOP('',(#10422,#10423,#10424,#10425));
#10427=FACE_OUTER_BOUND('',#10426,.F.);
#10429=CARTESIAN_POINT('',(-1.035E1,1.26E1,-2.971132486540E0));
#10430=DIRECTION('',(0.E0,1.E0,0.E0));
#10431=DIRECTION('',(0.E0,0.E0,1.E0));
#10432=AXIS2_PLACEMENT_3D('',#10429,#10430,#10431);
#10433=CYLINDRICAL_SURFACE('',#10432,1.5E-1);
#10434=ORIENTED_EDGE('',*,*,#9161,.T.);
#10435=ORIENTED_EDGE('',*,*,#9841,.T.);
#10437=ORIENTED_EDGE('',*,*,#10436,.T.);
#10438=ORIENTED_EDGE('',*,*,#10323,.T.);
#10439=EDGE_LOOP('',(#10434,#10435,#10437,#10438));
#10440=FACE_OUTER_BOUND('',#10439,.F.);
#10442=CARTESIAN_POINT('',(-1.0075E1,1.26E1,-2.956698729811E0));
#10443=DIRECTION('',(-5.E-1,0.E0,-8.660254037844E-1));
#10444=DIRECTION('',(-8.660254037844E-1,0.E0,5.E-1));
#10445=AXIS2_PLACEMENT_3D('',#10442,#10443,#10444);
#10446=PLANE('',#10445);
#10447=ORIENTED_EDGE('',*,*,#9839,.F.);
#10449=ORIENTED_EDGE('',*,*,#10448,.T.);
#10450=ORIENTED_EDGE('',*,*,#10325,.T.);
#10451=ORIENTED_EDGE('',*,*,#10436,.F.);
#10452=EDGE_LOOP('',(#10447,#10449,#10450,#10451));
#10453=FACE_OUTER_BOUND('',#10452,.F.);
#10455=CARTESIAN_POINT('',(-1.005E1,1.26E1,-2.913397459622E0));
#10456=DIRECTION('',(0.E0,1.E0,0.E0));
#10457=DIRECTION('',(0.E0,0.E0,1.E0));
#10458=AXIS2_PLACEMENT_3D('',#10455,#10456,#10457);
#10459=CYLINDRICAL_SURFACE('',#10458,5.E-2);
#10460=ORIENTED_EDGE('',*,*,#9837,.F.);
#10462=ORIENTED_EDGE('',*,*,#10461,.T.);
#10463=ORIENTED_EDGE('',*,*,#10327,.T.);
#10464=ORIENTED_EDGE('',*,*,#10448,.F.);
#10465=EDGE_LOOP('',(#10460,#10462,#10463,#10464));
#10466=FACE_OUTER_BOUND('',#10465,.F.);
#10468=CARTESIAN_POINT('',(-1.E1,1.26E1,-2.086602540378E0));
#10469=DIRECTION('',(1.E0,0.E0,0.E0));
#10470=DIRECTION('',(0.E0,0.E0,-1.E0));
#10471=AXIS2_PLACEMENT_3D('',#10468,#10469,#10470);
#10472=PLANE('',#10471);
#10473=ORIENTED_EDGE('',*,*,#9835,.F.);
#10475=ORIENTED_EDGE('',*,*,#10474,.T.);
#10476=ORIENTED_EDGE('',*,*,#10329,.T.);
#10477=ORIENTED_EDGE('',*,*,#10461,.F.);
#10478=EDGE_LOOP('',(#10473,#10475,#10476,#10477));
#10479=FACE_OUTER_BOUND('',#10478,.F.);
#10481=CARTESIAN_POINT('',(-1.005E1,1.26E1,-2.086602540378E0));
#10482=DIRECTION('',(0.E0,1.E0,0.E0));
#10483=DIRECTION('',(0.E0,0.E0,1.E0));
#10484=AXIS2_PLACEMENT_3D('',#10481,#10482,#10483);
#10485=CYLINDRICAL_SURFACE('',#10484,5.E-2);
#10486=ORIENTED_EDGE('',*,*,#9833,.F.);
#10488=ORIENTED_EDGE('',*,*,#10487,.T.);
#10489=ORIENTED_EDGE('',*,*,#10331,.T.);
#10490=ORIENTED_EDGE('',*,*,#10474,.F.);
#10491=EDGE_LOOP('',(#10486,#10488,#10489,#10490));
#10492=FACE_OUTER_BOUND('',#10491,.F.);
#10494=CARTESIAN_POINT('',(-1.0275E1,1.26E1,-2.158771324027E0));
#10495=DIRECTION('',(-5.E-1,0.E0,8.660254037844E-1));
#10496=DIRECTION('',(8.660254037844E-1,0.E0,5.E-1));
#10497=AXIS2_PLACEMENT_3D('',#10494,#10495,#10496);
#10498=PLANE('',#10497);
#10499=ORIENTED_EDGE('',*,*,#9831,.F.);
#10500=ORIENTED_EDGE('',*,*,#10288,.T.);
#10501=ORIENTED_EDGE('',*,*,#10333,.T.);
#10502=ORIENTED_EDGE('',*,*,#10487,.F.);
#10503=EDGE_LOOP('',(#10499,#10500,#10501,#10502));
#10504=FACE_OUTER_BOUND('',#10503,.F.);
#10506=CARTESIAN_POINT('',(-8.75E0,1.26E1,-4.1E0));
#10507=DIRECTION('',(0.E0,1.E0,0.E0));
#10508=DIRECTION('',(1.E0,0.E0,0.E0));
#10509=AXIS2_PLACEMENT_3D('',#10506,#10507,#10508);
#10510=CYLINDRICAL_SURFACE('',#10509,1.45E0);
#10512=ORIENTED_EDGE('',*,*,#10511,.F.);
#10514=ORIENTED_EDGE('',*,*,#10513,.T.);
#10516=ORIENTED_EDGE('',*,*,#10515,.F.);
#10517=ORIENTED_EDGE('',*,*,#9861,.F.);
#10518=EDGE_LOOP('',(#10512,#10514,#10516,#10517));
#10519=FACE_OUTER_BOUND('',#10518,.F.);
#10521=ORIENTED_EDGE('',*,*,#10520,.T.);
#10523=ORIENTED_EDGE('',*,*,#10522,.T.);
#10525=ORIENTED_EDGE('',*,*,#10524,.T.);
#10527=ORIENTED_EDGE('',*,*,#10526,.T.);
#10528=EDGE_LOOP('',(#10521,#10523,#10525,#10527));
#10529=FACE_BOUND('',#10528,.F.);
#10531=ORIENTED_EDGE('',*,*,#10530,.T.);
#10533=ORIENTED_EDGE('',*,*,#10532,.T.);
#10535=ORIENTED_EDGE('',*,*,#10534,.T.);
#10537=ORIENTED_EDGE('',*,*,#10536,.T.);
#10538=EDGE_LOOP('',(#10531,#10533,#10535,#10537));
#10539=FACE_BOUND('',#10538,.F.);
#10541=CARTESIAN_POINT('',(-8.75E0,1.26E1,-4.1E0));
#10542=DIRECTION('',(0.E0,1.E0,0.E0));
#10543=DIRECTION('',(1.E0,0.E0,0.E0));
#10544=AXIS2_PLACEMENT_3D('',#10541,#10542,#10543);
#10545=CYLINDRICAL_SURFACE('',#10544,1.45E0);
#10546=ORIENTED_EDGE('',*,*,#10515,.T.);
#10548=ORIENTED_EDGE('',*,*,#10547,.T.);
#10549=ORIENTED_EDGE('',*,*,#10511,.T.);
#10550=ORIENTED_EDGE('',*,*,#9863,.F.);
#10551=EDGE_LOOP('',(#10546,#10548,#10549,#10550));
#10552=FACE_OUTER_BOUND('',#10551,.F.);
#10554=ORIENTED_EDGE('',*,*,#10553,.T.);
#10556=ORIENTED_EDGE('',*,*,#10555,.T.);
#10558=ORIENTED_EDGE('',*,*,#10557,.T.);
#10560=ORIENTED_EDGE('',*,*,#10559,.T.);
#10561=EDGE_LOOP('',(#10554,#10556,#10558,#10560));
#10562=FACE_BOUND('',#10561,.F.);
#10564=ORIENTED_EDGE('',*,*,#10563,.T.);
#10566=ORIENTED_EDGE('',*,*,#10565,.T.);
#10568=ORIENTED_EDGE('',*,*,#10567,.T.);
#10570=ORIENTED_EDGE('',*,*,#10569,.T.);
#10571=EDGE_LOOP('',(#10564,#10566,#10568,#10570));
#10572=FACE_BOUND('',#10571,.F.);
#10574=CARTESIAN_POINT('',(-1.05E1,1.074641E1,0.E0));
#10575=DIRECTION('',(0.E0,1.E0,0.E0));
#10576=DIRECTION('',(1.E0,0.E0,0.E0));
#10577=AXIS2_PLACEMENT_3D('',#10574,#10575,#10576);
#10578=PLANE('',#10577);
#10579=ORIENTED_EDGE('',*,*,#10513,.F.);
#10580=ORIENTED_EDGE('',*,*,#10547,.F.);
#10581=EDGE_LOOP('',(#10579,#10580));
#10582=FACE_OUTER_BOUND('',#10581,.F.);
#10584=ORIENTED_EDGE('',*,*,#10583,.F.);
#10586=ORIENTED_EDGE('',*,*,#10585,.F.);
#10587=EDGE_LOOP('',(#10584,#10586));
#10588=FACE_BOUND('',#10587,.F.);
#10590=ORIENTED_EDGE('',*,*,#10589,.F.);
#10592=ORIENTED_EDGE('',*,*,#10591,.F.);
#10593=EDGE_LOOP('',(#10590,#10592));
#10594=FACE_BOUND('',#10593,.F.);
#10596=CARTESIAN_POINT('',(-8.75E0,1.134641E1,-4.1E0));
#10597=DIRECTION('',(0.E0,1.E0,0.E0));
#10598=DIRECTION('',(1.E0,0.E0,0.E0));
#10599=AXIS2_PLACEMENT_3D('',#10596,#10597,#10598);
#10600=CYLINDRICAL_SURFACE('',#10599,1.4E0);
#10602=ORIENTED_EDGE('',*,*,#10601,.F.);
#10604=ORIENTED_EDGE('',*,*,#10603,.F.);
#10605=ORIENTED_EDGE('',*,*,#10589,.T.);
#10607=ORIENTED_EDGE('',*,*,#10606,.T.);
#10608=EDGE_LOOP('',(#10602,#10604,#10605,#10607));
#10609=FACE_OUTER_BOUND('',#10608,.F.);
#10611=CARTESIAN_POINT('',(-8.75E0,1.134641E1,-4.1E0));
#10612=DIRECTION('',(0.E0,1.E0,0.E0));
#10613=DIRECTION('',(1.E0,0.E0,0.E0));
#10614=AXIS2_PLACEMENT_3D('',#10611,#10612,#10613);
#10615=CYLINDRICAL_SURFACE('',#10614,1.4E0);
#10617=ORIENTED_EDGE('',*,*,#10616,.F.);
#10619=ORIENTED_EDGE('',*,*,#10618,.F.);
#10620=ORIENTED_EDGE('',*,*,#10583,.T.);
#10622=ORIENTED_EDGE('',*,*,#10621,.T.);
#10623=EDGE_LOOP('',(#10617,#10619,#10620,#10622));
#10624=FACE_OUTER_BOUND('',#10623,.F.);
#10626=CARTESIAN_POINT('',(-8.75E0,1.114641E1,-4.1E0));
#10627=DIRECTION('',(0.E0,1.E0,0.E0));
#10628=DIRECTION('',(1.532696542765E-3,0.E0,-9.999988254200E-1));
#10629=AXIS2_PLACEMENT_3D('',#10626,#10627,#10628);
#10630=TOROIDAL_SURFACE('',#10629,1.2E0,2.E-1);
#10631=ORIENTED_EDGE('',*,*,#10601,.T.);
#10633=ORIENTED_EDGE('',*,*,#10632,.T.);
#10635=ORIENTED_EDGE('',*,*,#10634,.T.);
#10637=ORIENTED_EDGE('',*,*,#10636,.T.);
#10638=EDGE_LOOP('',(#10631,#10633,#10635,#10637));
#10639=FACE_OUTER_BOUND('',#10638,.F.);
#10641=CARTESIAN_POINT('',(-8.45E0,1.134641E1,-2.732520566882E0));
#10642=DIRECTION('',(1.E0,0.E0,0.E0));
#10643=DIRECTION('',(0.E0,0.E0,-1.E0));
#10644=AXIS2_PLACEMENT_3D('',#10641,#10642,#10643);
#10645=PLANE('',#10644);
#10647=ORIENTED_EDGE('',*,*,#10646,.F.);
#10648=ORIENTED_EDGE('',*,*,#10632,.F.);
#10649=ORIENTED_EDGE('',*,*,#10606,.F.);
#10650=ORIENTED_EDGE('',*,*,#10591,.T.);
#10651=ORIENTED_EDGE('',*,*,#10603,.T.);
#10652=ORIENTED_EDGE('',*,*,#10636,.F.);
#10653=EDGE_LOOP('',(#10647,#10648,#10649,#10650,#10651,#10652));
#10654=FACE_OUTER_BOUND('',#10653,.F.);
#10656=CARTESIAN_POINT('',(-1.05E1,1.134641E1,0.E0));
#10657=DIRECTION('',(0.E0,1.E0,0.E0));
#10658=DIRECTION('',(1.E0,0.E0,0.E0));
#10659=AXIS2_PLACEMENT_3D('',#10656,#10657,#10658);
#10660=PLANE('',#10659);
#10661=ORIENTED_EDGE('',*,*,#10634,.F.);
#10662=ORIENTED_EDGE('',*,*,#10646,.T.);
#10663=EDGE_LOOP('',(#10661,#10662));
#10664=FACE_OUTER_BOUND('',#10663,.F.);
#10666=CARTESIAN_POINT('',(-1.05E1,1.134641E1,0.E0));
#10667=DIRECTION('',(0.E0,1.E0,0.E0));
#10668=DIRECTION('',(1.E0,0.E0,0.E0));
#10669=AXIS2_PLACEMENT_3D('',#10666,#10667,#10668);
#10670=PLANE('',#10669);
#10672=ORIENTED_EDGE('',*,*,#10671,.F.);
#10674=ORIENTED_EDGE('',*,*,#10673,.T.);
#10675=EDGE_LOOP('',(#10672,#10674));
#10676=FACE_OUTER_BOUND('',#10675,.F.);
#10678=CARTESIAN_POINT('',(-8.75E0,1.114641E1,-4.1E0));
#10679=DIRECTION('',(0.E0,1.E0,0.E0));
#10680=DIRECTION('',(1.532696542765E-3,0.E0,-9.999988254200E-1));
#10681=AXIS2_PLACEMENT_3D('',#10678,#10679,#10680);
#10682=TOROIDAL_SURFACE('',#10681,1.2E0,2.E-1);
#10683=ORIENTED_EDGE('',*,*,#10616,.T.);
#10685=ORIENTED_EDGE('',*,*,#10684,.T.);
#10686=ORIENTED_EDGE('',*,*,#10671,.T.);
#10688=ORIENTED_EDGE('',*,*,#10687,.T.);
#10689=EDGE_LOOP('',(#10683,#10685,#10686,#10688));
#10690=FACE_OUTER_BOUND('',#10689,.F.);
#10692=CARTESIAN_POINT('',(-9.05E0,1.134641E1,-5.467479433118E0));
#10693=DIRECTION('',(-1.E0,0.E0,0.E0));
#10694=DIRECTION('',(0.E0,0.E0,1.E0));
#10695=AXIS2_PLACEMENT_3D('',#10692,#10693,#10694);
#10696=PLANE('',#10695);
#10697=ORIENTED_EDGE('',*,*,#10673,.F.);
#10698=ORIENTED_EDGE('',*,*,#10684,.F.);
#10699=ORIENTED_EDGE('',*,*,#10621,.F.);
#10700=ORIENTED_EDGE('',*,*,#10585,.T.);
#10701=ORIENTED_EDGE('',*,*,#10618,.T.);
#10702=ORIENTED_EDGE('',*,*,#10687,.F.);
#10703=EDGE_LOOP('',(#10697,#10698,#10699,#10700,#10701,#10702));
#10704=FACE_OUTER_BOUND('',#10703,.F.);
#10706=CARTESIAN_POINT('',(-1.418530483272E1,1.238452994616E1,
-7.484695167280E0));
#10707=DIRECTION('',(7.071067811865E-1,0.E0,7.071067811865E-1));
#10708=DIRECTION('',(7.071067811865E-1,0.E0,-7.071067811865E-1));
#10709=AXIS2_PLACEMENT_3D('',#10706,#10707,#10708);
#10710=CYLINDRICAL_SURFACE('',#10709,1.E-1);
#10711=ORIENTED_EDGE('',*,*,#10553,.F.);
#10713=ORIENTED_EDGE('',*,*,#10712,.T.);
#10714=ORIENTED_EDGE('',*,*,#10557,.F.);
#10716=ORIENTED_EDGE('',*,*,#10715,.F.);
#10717=EDGE_LOOP('',(#10711,#10713,#10714,#10716));
#10718=FACE_OUTER_BOUND('',#10717,.F.);
#10720=CARTESIAN_POINT('',(-1.418530483272E1,1.170798303866E1,
-7.484695167280E0));
#10721=DIRECTION('',(6.993398236843E-1,-1.478094111296E-1,-6.993398236843E-1));
#10722=DIRECTION('',(1.045170369329E-1,9.890158633619E-1,-1.045170369329E-1));
#10723=AXIS2_PLACEMENT_3D('',#10720,#10721,#10722);
#10724=PLANE('',#10723);
#10725=ORIENTED_EDGE('',*,*,#10559,.F.);
#10726=ORIENTED_EDGE('',*,*,#10712,.F.);
#10727=EDGE_LOOP('',(#10725,#10726));
#10728=FACE_OUTER_BOUND('',#10727,.F.);
#10730=CARTESIAN_POINT('',(-1.414994949366E1,1.247113248654E1,
-7.520050506339E0));
#10731=DIRECTION('',(3.535533905931E-1,8.660254037846E-1,-3.535533905931E-1));
#10732=DIRECTION('',(-6.123724356959E-1,4.999999999997E-1,6.123724356959E-1));
#10733=AXIS2_PLACEMENT_3D('',#10730,#10731,#10732);
#10734=PLANE('',#10733);
#10735=ORIENTED_EDGE('',*,*,#10555,.F.);
#10736=ORIENTED_EDGE('',*,*,#10715,.T.);
#10737=EDGE_LOOP('',(#10735,#10736));
#10738=FACE_OUTER_BOUND('',#10737,.F.);
#10740=CARTESIAN_POINT('',(-1.213469516728E1,1.238452994616E1,
1.335304832720E0));
#10741=DIRECTION('',(7.071067811865E-1,0.E0,-7.071067811865E-1));
#10742=DIRECTION('',(-7.071067811865E-1,0.E0,-7.071067811865E-1));
#10743=AXIS2_PLACEMENT_3D('',#10740,#10741,#10742);
#10744=CYLINDRICAL_SURFACE('',#10743,1.E-1);
#10745=ORIENTED_EDGE('',*,*,#10563,.F.);
#10747=ORIENTED_EDGE('',*,*,#10746,.T.);
#10748=ORIENTED_EDGE('',*,*,#10567,.F.);
#10750=ORIENTED_EDGE('',*,*,#10749,.F.);
#10751=EDGE_LOOP('',(#10745,#10747,#10748,#10750));
#10752=FACE_OUTER_BOUND('',#10751,.F.);
#10754=CARTESIAN_POINT('',(-1.213469516728E1,1.170798303866E1,
1.335304832720E0));
#10755=DIRECTION('',(-6.993398236843E-1,-1.478094111296E-1,-6.993398236843E-1));
#10756=DIRECTION('',(-1.045170369329E-1,9.890158633619E-1,-1.045170369329E-1));
#10757=AXIS2_PLACEMENT_3D('',#10754,#10755,#10756);
#10758=PLANE('',#10757);
#10759=ORIENTED_EDGE('',*,*,#10569,.F.);
#10760=ORIENTED_EDGE('',*,*,#10746,.F.);
#10761=EDGE_LOOP('',(#10759,#10760));
#10762=FACE_OUTER_BOUND('',#10761,.F.);
#10764=CARTESIAN_POINT('',(-1.217005050634E1,1.247113248654E1,
1.299949493661E0));
#10765=DIRECTION('',(-3.535533905931E-1,8.660254037846E-1,-3.535533905931E-1));
#10766=DIRECTION('',(6.123724356959E-1,4.999999999997E-1,6.123724356959E-1));
#10767=AXIS2_PLACEMENT_3D('',#10764,#10765,#10766);
#10768=PLANE('',#10767);
#10769=ORIENTED_EDGE('',*,*,#10565,.F.);
#10770=ORIENTED_EDGE('',*,*,#10749,.T.);
#10771=EDGE_LOOP('',(#10769,#10770));
#10772=FACE_OUTER_BOUND('',#10771,.F.);
#10774=CARTESIAN_POINT('',(3.634695167280E0,1.238452994616E1,
-1.853530483272E1));
#10775=DIRECTION('',(-7.071067811865E-1,0.E0,7.071067811865E-1));
#10776=DIRECTION('',(7.071067811865E-1,0.E0,7.071067811865E-1));
#10777=AXIS2_PLACEMENT_3D('',#10774,#10775,#10776);
#10778=CYLINDRICAL_SURFACE('',#10777,1.E-1);
#10779=ORIENTED_EDGE('',*,*,#10520,.F.);
#10781=ORIENTED_EDGE('',*,*,#10780,.T.);
#10782=ORIENTED_EDGE('',*,*,#10524,.F.);
#10784=ORIENTED_EDGE('',*,*,#10783,.F.);
#10785=EDGE_LOOP('',(#10779,#10781,#10782,#10784));
#10786=FACE_OUTER_BOUND('',#10785,.F.);
#10788=CARTESIAN_POINT('',(3.634695167280E0,1.170798303866E1,
-1.853530483272E1));
#10789=DIRECTION('',(6.993398236843E-1,-1.478094111296E-1,6.993398236843E-1));
#10790=DIRECTION('',(1.045170369329E-1,9.890158633619E-1,1.045170369329E-1));
#10791=AXIS2_PLACEMENT_3D('',#10788,#10789,#10790);
#10792=PLANE('',#10791);
#10793=ORIENTED_EDGE('',*,*,#10526,.F.);
#10794=ORIENTED_EDGE('',*,*,#10780,.F.);
#10795=EDGE_LOOP('',(#10793,#10794));
#10796=FACE_OUTER_BOUND('',#10795,.F.);
#10798=CARTESIAN_POINT('',(3.670050506339E0,1.247113248654E1,
-1.849994949366E1));
#10799=DIRECTION('',(3.535533905931E-1,8.660254037846E-1,3.535533905931E-1));
#10800=DIRECTION('',(-6.123724356959E-1,4.999999999997E-1,-6.123724356959E-1));
#10801=AXIS2_PLACEMENT_3D('',#10798,#10799,#10800);
#10802=PLANE('',#10801);
#10803=ORIENTED_EDGE('',*,*,#10522,.F.);
#10804=ORIENTED_EDGE('',*,*,#10783,.T.);
#10805=EDGE_LOOP('',(#10803,#10804));
#10806=FACE_OUTER_BOUND('',#10805,.F.);
#10808=CARTESIAN_POINT('',(5.685304832720E0,1.238452994616E1,8.284695167280E0));
#10809=DIRECTION('',(-7.071067811865E-1,0.E0,-7.071067811865E-1));
#10810=DIRECTION('',(-7.071067811865E-1,0.E0,7.071067811865E-1));
#10811=AXIS2_PLACEMENT_3D('',#10808,#10809,#10810);
#10812=CYLINDRICAL_SURFACE('',#10811,1.E-1);
#10813=ORIENTED_EDGE('',*,*,#10530,.F.);
#10815=ORIENTED_EDGE('',*,*,#10814,.T.);
#10816=ORIENTED_EDGE('',*,*,#10534,.F.);
#10818=ORIENTED_EDGE('',*,*,#10817,.F.);
#10819=EDGE_LOOP('',(#10813,#10815,#10816,#10818));
#10820=FACE_OUTER_BOUND('',#10819,.F.);
#10822=CARTESIAN_POINT('',(5.685304832720E0,1.170798303866E1,8.284695167280E0));
#10823=DIRECTION('',(-6.993398236843E-1,-1.478094111296E-1,6.993398236843E-1));
#10824=DIRECTION('',(-1.045170369329E-1,9.890158633619E-1,1.045170369329E-1));
#10825=AXIS2_PLACEMENT_3D('',#10822,#10823,#10824);
#10826=PLANE('',#10825);
#10827=ORIENTED_EDGE('',*,*,#10536,.F.);
#10828=ORIENTED_EDGE('',*,*,#10814,.F.);
#10829=EDGE_LOOP('',(#10827,#10828));
#10830=FACE_OUTER_BOUND('',#10829,.F.);
#10832=CARTESIAN_POINT('',(5.649949493661E0,1.247113248654E1,8.320050506339E0));
#10833=DIRECTION('',(-3.535533905931E-1,8.660254037846E-1,3.535533905931E-1));
#10834=DIRECTION('',(6.123724356959E-1,4.999999999997E-1,-6.123724356959E-1));
#10835=AXIS2_PLACEMENT_3D('',#10832,#10833,#10834);
#10836=PLANE('',#10835);
#10837=ORIENTED_EDGE('',*,*,#10532,.F.);
#10838=ORIENTED_EDGE('',*,*,#10817,.T.);
#10839=EDGE_LOOP('',(#10837,#10838));
#10840=FACE_OUTER_BOUND('',#10839,.F.);
#10842=CARTESIAN_POINT('',(-5.25E0,1.26E1,-4.1E0));
#10843=DIRECTION('',(0.E0,1.E0,0.E0));
#10844=DIRECTION('',(1.E0,0.E0,0.E0));
#10845=AXIS2_PLACEMENT_3D('',#10842,#10843,#10844);
#10846=CYLINDRICAL_SURFACE('',#10845,1.45E0);
#10848=ORIENTED_EDGE('',*,*,#10847,.F.);
#10850=ORIENTED_EDGE('',*,*,#10849,.T.);
#10852=ORIENTED_EDGE('',*,*,#10851,.F.);
#10853=ORIENTED_EDGE('',*,*,#9867,.F.);
#10854=EDGE_LOOP('',(#10848,#10850,#10852,#10853));
#10855=FACE_OUTER_BOUND('',#10854,.F.);
#10857=ORIENTED_EDGE('',*,*,#10856,.T.);
#10859=ORIENTED_EDGE('',*,*,#10858,.T.);
#10861=ORIENTED_EDGE('',*,*,#10860,.T.);
#10863=ORIENTED_EDGE('',*,*,#10862,.T.);
#10864=EDGE_LOOP('',(#10857,#10859,#10861,#10863));
#10865=FACE_BOUND('',#10864,.F.);
#10867=ORIENTED_EDGE('',*,*,#10866,.T.);
#10869=ORIENTED_EDGE('',*,*,#10868,.T.);
#10871=ORIENTED_EDGE('',*,*,#10870,.T.);
#10873=ORIENTED_EDGE('',*,*,#10872,.T.);
#10874=EDGE_LOOP('',(#10867,#10869,#10871,#10873));
#10875=FACE_BOUND('',#10874,.F.);
#10877=CARTESIAN_POINT('',(-5.25E0,1.26E1,-4.1E0));
#10878=DIRECTION('',(0.E0,1.E0,0.E0));
#10879=DIRECTION('',(1.E0,0.E0,0.E0));
#10880=AXIS2_PLACEMENT_3D('',#10877,#10878,#10879);
#10881=CYLINDRICAL_SURFACE('',#10880,1.45E0);
#10882=ORIENTED_EDGE('',*,*,#10851,.T.);
#10884=ORIENTED_EDGE('',*,*,#10883,.T.);
#10885=ORIENTED_EDGE('',*,*,#10847,.T.);
#10886=ORIENTED_EDGE('',*,*,#9869,.F.);
#10887=EDGE_LOOP('',(#10882,#10884,#10885,#10886));
#10888=FACE_OUTER_BOUND('',#10887,.F.);
#10890=ORIENTED_EDGE('',*,*,#10889,.T.);
#10892=ORIENTED_EDGE('',*,*,#10891,.T.);
#10894=ORIENTED_EDGE('',*,*,#10893,.T.);
#10896=ORIENTED_EDGE('',*,*,#10895,.T.);
#10897=EDGE_LOOP('',(#10890,#10892,#10894,#10896));
#10898=FACE_BOUND('',#10897,.F.);
#10900=ORIENTED_EDGE('',*,*,#10899,.T.);
#10902=ORIENTED_EDGE('',*,*,#10901,.T.);
#10904=ORIENTED_EDGE('',*,*,#10903,.T.);
#10906=ORIENTED_EDGE('',*,*,#10905,.T.);
#10907=EDGE_LOOP('',(#10900,#10902,#10904,#10906));
#10908=FACE_BOUND('',#10907,.F.);
#10910=CARTESIAN_POINT('',(-7.E0,1.074641E1,0.E0));
#10911=DIRECTION('',(0.E0,1.E0,0.E0));
#10912=DIRECTION('',(1.E0,0.E0,0.E0));
#10913=AXIS2_PLACEMENT_3D('',#10910,#10911,#10912);
#10914=PLANE('',#10913);
#10915=ORIENTED_EDGE('',*,*,#10849,.F.);
#10916=ORIENTED_EDGE('',*,*,#10883,.F.);
#10917=EDGE_LOOP('',(#10915,#10916));
#10918=FACE_OUTER_BOUND('',#10917,.F.);
#10920=ORIENTED_EDGE('',*,*,#10919,.F.);
#10922=ORIENTED_EDGE('',*,*,#10921,.F.);
#10923=EDGE_LOOP('',(#10920,#10922));
#10924=FACE_BOUND('',#10923,.F.);
#10926=ORIENTED_EDGE('',*,*,#10925,.F.);
#10928=ORIENTED_EDGE('',*,*,#10927,.F.);
#10929=EDGE_LOOP('',(#10926,#10928));
#10930=FACE_BOUND('',#10929,.F.);
#10932=CARTESIAN_POINT('',(-5.25E0,1.134641E1,-4.1E0));
#10933=DIRECTION('',(0.E0,1.E0,0.E0));
#10934=DIRECTION('',(1.E0,0.E0,0.E0));
#10935=AXIS2_PLACEMENT_3D('',#10932,#10933,#10934);
#10936=CYLINDRICAL_SURFACE('',#10935,1.4E0);
#10938=ORIENTED_EDGE('',*,*,#10937,.F.);
#10940=ORIENTED_EDGE('',*,*,#10939,.F.);
#10941=ORIENTED_EDGE('',*,*,#10919,.T.);
#10943=ORIENTED_EDGE('',*,*,#10942,.T.);
#10944=EDGE_LOOP('',(#10938,#10940,#10941,#10943));
#10945=FACE_OUTER_BOUND('',#10944,.F.);
#10947=CARTESIAN_POINT('',(-5.25E0,1.134641E1,-4.1E0));
#10948=DIRECTION('',(0.E0,1.E0,0.E0));
#10949=DIRECTION('',(1.E0,0.E0,0.E0));
#10950=AXIS2_PLACEMENT_3D('',#10947,#10948,#10949);
#10951=CYLINDRICAL_SURFACE('',#10950,1.4E0);
#10953=ORIENTED_EDGE('',*,*,#10952,.F.);
#10955=ORIENTED_EDGE('',*,*,#10954,.F.);
#10956=ORIENTED_EDGE('',*,*,#10925,.T.);
#10958=ORIENTED_EDGE('',*,*,#10957,.T.);
#10959=EDGE_LOOP('',(#10953,#10955,#10956,#10958));
#10960=FACE_OUTER_BOUND('',#10959,.F.);
#10962=CARTESIAN_POINT('',(-5.25E0,1.114641E1,-4.1E0));
#10963=DIRECTION('',(0.E0,1.E0,0.E0));
#10964=DIRECTION('',(1.532696542765E-3,0.E0,-9.999988254200E-1));
#10965=AXIS2_PLACEMENT_3D('',#10962,#10963,#10964);
#10966=TOROIDAL_SURFACE('',#10965,1.2E0,2.E-1);
#10967=ORIENTED_EDGE('',*,*,#10937,.T.);
#10969=ORIENTED_EDGE('',*,*,#10968,.T.);
#10971=ORIENTED_EDGE('',*,*,#10970,.T.);
#10973=ORIENTED_EDGE('',*,*,#10972,.T.);
#10974=EDGE_LOOP('',(#10967,#10969,#10971,#10973));
#10975=FACE_OUTER_BOUND('',#10974,.F.);
#10977=CARTESIAN_POINT('',(-5.55E0,1.134641E1,-5.467479433118E0));
#10978=DIRECTION('',(-1.E0,0.E0,0.E0));
#10979=DIRECTION('',(0.E0,0.E0,1.E0));
#10980=AXIS2_PLACEMENT_3D('',#10977,#10978,#10979);
#10981=PLANE('',#10980);
#10982=ORIENTED_EDGE('',*,*,#10968,.F.);
#10983=ORIENTED_EDGE('',*,*,#10942,.F.);
#10984=ORIENTED_EDGE('',*,*,#10921,.T.);
#10985=ORIENTED_EDGE('',*,*,#10939,.T.);
#10986=ORIENTED_EDGE('',*,*,#10972,.F.);
#10988=ORIENTED_EDGE('',*,*,#10987,.F.);
#10989=EDGE_LOOP('',(#10982,#10983,#10984,#10985,#10986,#10988));
#10990=FACE_OUTER_BOUND('',#10989,.F.);
#10992=CARTESIAN_POINT('',(-7.E0,1.134641E1,0.E0));
#10993=DIRECTION('',(0.E0,1.E0,0.E0));
#10994=DIRECTION('',(1.E0,0.E0,0.E0));
#10995=AXIS2_PLACEMENT_3D('',#10992,#10993,#10994);
#10996=PLANE('',#10995);
#10997=ORIENTED_EDGE('',*,*,#10970,.F.);
#10998=ORIENTED_EDGE('',*,*,#10987,.T.);
#10999=EDGE_LOOP('',(#10997,#10998));
#11000=FACE_OUTER_BOUND('',#10999,.F.);
#11002=CARTESIAN_POINT('',(-7.E0,1.134641E1,0.E0));
#11003=DIRECTION('',(0.E0,1.E0,0.E0));
#11004=DIRECTION('',(1.E0,0.E0,0.E0));
#11005=AXIS2_PLACEMENT_3D('',#11002,#11003,#11004);
#11006=PLANE('',#11005);
#11008=ORIENTED_EDGE('',*,*,#11007,.F.);
#11010=ORIENTED_EDGE('',*,*,#11009,.T.);
#11011=EDGE_LOOP('',(#11008,#11010));
#11012=FACE_OUTER_BOUND('',#11011,.F.);
#11014=CARTESIAN_POINT('',(-5.25E0,1.114641E1,-4.1E0));
#11015=DIRECTION('',(0.E0,1.E0,0.E0));
#11016=DIRECTION('',(1.532696542765E-3,0.E0,-9.999988254200E-1));
#11017=AXIS2_PLACEMENT_3D('',#11014,#11015,#11016);
#11018=TOROIDAL_SURFACE('',#11017,1.2E0,2.E-1);
#11019=ORIENTED_EDGE('',*,*,#10952,.T.);
#11021=ORIENTED_EDGE('',*,*,#11020,.T.);
#11022=ORIENTED_EDGE('',*,*,#11007,.T.);
#11024=ORIENTED_EDGE('',*,*,#11023,.T.);
#11025=EDGE_LOOP('',(#11019,#11021,#11022,#11024));
#11026=FACE_OUTER_BOUND('',#11025,.F.);
#11028=CARTESIAN_POINT('',(-4.95E0,1.134641E1,-2.732520566882E0));
#11029=DIRECTION('',(1.E0,0.E0,0.E0));
#11030=DIRECTION('',(0.E0,0.E0,-1.E0));
#11031=AXIS2_PLACEMENT_3D('',#11028,#11029,#11030);
#11032=PLANE('',#11031);
#11033=ORIENTED_EDGE('',*,*,#11020,.F.);
#11034=ORIENTED_EDGE('',*,*,#10957,.F.);
#11035=ORIENTED_EDGE('',*,*,#10927,.T.);
#11036=ORIENTED_EDGE('',*,*,#10954,.T.);
#11037=ORIENTED_EDGE('',*,*,#11023,.F.);
#11038=ORIENTED_EDGE('',*,*,#11009,.F.);
#11039=EDGE_LOOP('',(#11033,#11034,#11035,#11036,#11037,#11038));
#11040=FACE_OUTER_BOUND('',#11039,.F.);
#11042=CARTESIAN_POINT('',(-1.243530483272E1,1.238452994616E1,
-9.234695167280E0));
#11043=DIRECTION('',(7.071067811865E-1,0.E0,7.071067811865E-1));
#11044=DIRECTION('',(7.071067811865E-1,0.E0,-7.071067811865E-1));
#11045=AXIS2_PLACEMENT_3D('',#11042,#11043,#11044);
#11046=CYLINDRICAL_SURFACE('',#11045,1.E-1);
#11048=ORIENTED_EDGE('',*,*,#11047,.T.);
#11049=ORIENTED_EDGE('',*,*,#10893,.F.);
#11051=ORIENTED_EDGE('',*,*,#11050,.F.);
#11052=ORIENTED_EDGE('',*,*,#10889,.F.);
#11053=EDGE_LOOP('',(#11048,#11049,#11051,#11052));
#11054=FACE_OUTER_BOUND('',#11053,.F.);
#11056=CARTESIAN_POINT('',(-1.243530483272E1,1.170798303866E1,
-9.234695167280E0));
#11057=DIRECTION('',(6.993398236843E-1,-1.478094111296E-1,-6.993398236843E-1));
#11058=DIRECTION('',(1.045170369329E-1,9.890158633619E-1,-1.045170369329E-1));
#11059=AXIS2_PLACEMENT_3D('',#11056,#11057,#11058);
#11060=PLANE('',#11059);
#11061=ORIENTED_EDGE('',*,*,#11047,.F.);
#11062=ORIENTED_EDGE('',*,*,#10895,.F.);
#11063=EDGE_LOOP('',(#11061,#11062));
#11064=FACE_OUTER_BOUND('',#11063,.F.);
#11066=CARTESIAN_POINT('',(-1.239994949366E1,1.247113248654E1,
-9.270050506339E0));
#11067=DIRECTION('',(3.535533905931E-1,8.660254037846E-1,-3.535533905931E-1));
#11068=DIRECTION('',(-6.123724356959E-1,4.999999999997E-1,6.123724356959E-1));
#11069=AXIS2_PLACEMENT_3D('',#11066,#11067,#11068);
#11070=PLANE('',#11069);
#11071=ORIENTED_EDGE('',*,*,#11050,.T.);
#11072=ORIENTED_EDGE('',*,*,#10891,.F.);
#11073=EDGE_LOOP('',(#11071,#11072));
#11074=FACE_OUTER_BOUND('',#11073,.F.);
#11076=CARTESIAN_POINT('',(-1.038469516728E1,1.238452994616E1,
3.085304832720E0));
#11077=DIRECTION('',(7.071067811865E-1,0.E0,-7.071067811865E-1));
#11078=DIRECTION('',(-7.071067811865E-1,0.E0,-7.071067811865E-1));
#11079=AXIS2_PLACEMENT_3D('',#11076,#11077,#11078);
#11080=CYLINDRICAL_SURFACE('',#11079,1.E-1);
#11082=ORIENTED_EDGE('',*,*,#11081,.T.);
#11083=ORIENTED_EDGE('',*,*,#10903,.F.);
#11085=ORIENTED_EDGE('',*,*,#11084,.F.);
#11086=ORIENTED_EDGE('',*,*,#10899,.F.);
#11087=EDGE_LOOP('',(#11082,#11083,#11085,#11086));
#11088=FACE_OUTER_BOUND('',#11087,.F.);
#11090=CARTESIAN_POINT('',(-1.038469516728E1,1.170798303866E1,
3.085304832720E0));
#11091=DIRECTION('',(-6.993398236843E-1,-1.478094111296E-1,-6.993398236843E-1));
#11092=DIRECTION('',(-1.045170369329E-1,9.890158633619E-1,-1.045170369329E-1));
#11093=AXIS2_PLACEMENT_3D('',#11090,#11091,#11092);
#11094=PLANE('',#11093);
#11095=ORIENTED_EDGE('',*,*,#11081,.F.);
#11096=ORIENTED_EDGE('',*,*,#10905,.F.);
#11097=EDGE_LOOP('',(#11095,#11096));
#11098=FACE_OUTER_BOUND('',#11097,.F.);
#11100=CARTESIAN_POINT('',(-1.042005050634E1,1.247113248654E1,
3.049949493661E0));
#11101=DIRECTION('',(-3.535533905931E-1,8.660254037846E-1,-3.535533905931E-1));
#11102=DIRECTION('',(6.123724356959E-1,4.999999999997E-1,6.123724356959E-1));
#11103=AXIS2_PLACEMENT_3D('',#11100,#11101,#11102);
#11104=PLANE('',#11103);
#11105=ORIENTED_EDGE('',*,*,#11084,.T.);
#11106=ORIENTED_EDGE('',*,*,#10901,.F.);
#11107=EDGE_LOOP('',(#11105,#11106));
#11108=FACE_OUTER_BOUND('',#11107,.F.);
#11110=CARTESIAN_POINT('',(5.384695167280E0,1.238452994616E1,
-1.678530483272E1));
#11111=DIRECTION('',(-7.071067811865E-1,0.E0,7.071067811865E-1));
#11112=DIRECTION('',(7.071067811865E-1,0.E0,7.071067811865E-1));
#11113=AXIS2_PLACEMENT_3D('',#11110,#11111,#11112);
#11114=CYLINDRICAL_SURFACE('',#11113,1.E-1);
#11116=ORIENTED_EDGE('',*,*,#11115,.T.);
#11117=ORIENTED_EDGE('',*,*,#10860,.F.);
#11119=ORIENTED_EDGE('',*,*,#11118,.F.);
#11120=ORIENTED_EDGE('',*,*,#10856,.F.);
#11121=EDGE_LOOP('',(#11116,#11117,#11119,#11120));
#11122=FACE_OUTER_BOUND('',#11121,.F.);
#11124=CARTESIAN_POINT('',(5.384695167280E0,1.170798303866E1,
-1.678530483272E1));
#11125=DIRECTION('',(6.993398236843E-1,-1.478094111296E-1,6.993398236843E-1));
#11126=DIRECTION('',(1.045170369329E-1,9.890158633619E-1,1.045170369329E-1));
#11127=AXIS2_PLACEMENT_3D('',#11124,#11125,#11126);
#11128=PLANE('',#11127);
#11129=ORIENTED_EDGE('',*,*,#11115,.F.);
#11130=ORIENTED_EDGE('',*,*,#10862,.F.);
#11131=EDGE_LOOP('',(#11129,#11130));
#11132=FACE_OUTER_BOUND('',#11131,.F.);
#11134=CARTESIAN_POINT('',(5.420050506339E0,1.247113248654E1,
-1.674994949366E1));
#11135=DIRECTION('',(3.535533905931E-1,8.660254037846E-1,3.535533905931E-1));
#11136=DIRECTION('',(-6.123724356959E-1,4.999999999997E-1,-6.123724356959E-1));
#11137=AXIS2_PLACEMENT_3D('',#11134,#11135,#11136);
#11138=PLANE('',#11137);
#11139=ORIENTED_EDGE('',*,*,#11118,.T.);
#11140=ORIENTED_EDGE('',*,*,#10858,.F.);
#11141=EDGE_LOOP('',(#11139,#11140));
#11142=FACE_OUTER_BOUND('',#11141,.F.);
#11144=CARTESIAN_POINT('',(7.435304832720E0,1.238452994616E1,6.534695167280E0));
#11145=DIRECTION('',(-7.071067811865E-1,0.E0,-7.071067811865E-1));
#11146=DIRECTION('',(-7.071067811865E-1,0.E0,7.071067811865E-1));
#11147=AXIS2_PLACEMENT_3D('',#11144,#11145,#11146);
#11148=CYLINDRICAL_SURFACE('',#11147,1.E-1);
#11150=ORIENTED_EDGE('',*,*,#11149,.T.);
#11151=ORIENTED_EDGE('',*,*,#10870,.F.);
#11153=ORIENTED_EDGE('',*,*,#11152,.F.);
#11154=ORIENTED_EDGE('',*,*,#10866,.F.);
#11155=EDGE_LOOP('',(#11150,#11151,#11153,#11154));
#11156=FACE_OUTER_BOUND('',#11155,.F.);
#11158=CARTESIAN_POINT('',(7.435304832720E0,1.170798303866E1,6.534695167280E0));
#11159=DIRECTION('',(-6.993398236843E-1,-1.478094111296E-1,6.993398236843E-1));
#11160=DIRECTION('',(-1.045170369329E-1,9.890158633619E-1,1.045170369329E-1));
#11161=AXIS2_PLACEMENT_3D('',#11158,#11159,#11160);
#11162=PLANE('',#11161);
#11163=ORIENTED_EDGE('',*,*,#11149,.F.);
#11164=ORIENTED_EDGE('',*,*,#10872,.F.);
#11165=EDGE_LOOP('',(#11163,#11164));
#11166=FACE_OUTER_BOUND('',#11165,.F.);
#11168=CARTESIAN_POINT('',(7.399949493661E0,1.247113248654E1,6.570050506339E0));
#11169=DIRECTION('',(-3.535533905931E-1,8.660254037846E-1,3.535533905931E-1));
#11170=DIRECTION('',(6.123724356959E-1,4.999999999997E-1,-6.123724356959E-1));
#11171=AXIS2_PLACEMENT_3D('',#11168,#11169,#11170);
#11172=PLANE('',#11171);
#11173=ORIENTED_EDGE('',*,*,#11152,.T.);
#11174=ORIENTED_EDGE('',*,*,#10868,.F.);
#11175=EDGE_LOOP('',(#11173,#11174));
#11176=FACE_OUTER_BOUND('',#11175,.F.);
#11178=CARTESIAN_POINT('',(-1.75E0,1.26E1,-4.1E0));
#11179=DIRECTION('',(0.E0,1.E0,0.E0));
#11180=DIRECTION('',(1.E0,0.E0,0.E0));
#11181=AXIS2_PLACEMENT_3D('',#11178,#11179,#11180);
#11182=CYLINDRICAL_SURFACE('',#11181,1.45E0);
#11184=ORIENTED_EDGE('',*,*,#11183,.F.);
#11186=ORIENTED_EDGE('',*,*,#11185,.T.);
#11188=ORIENTED_EDGE('',*,*,#11187,.F.);
#11189=ORIENTED_EDGE('',*,*,#9873,.F.);
#11190=EDGE_LOOP('',(#11184,#11186,#11188,#11189));
#11191=FACE_OUTER_BOUND('',#11190,.F.);
#11193=ORIENTED_EDGE('',*,*,#11192,.T.);
#11195=ORIENTED_EDGE('',*,*,#11194,.T.);
#11197=ORIENTED_EDGE('',*,*,#11196,.T.);
#11199=ORIENTED_EDGE('',*,*,#11198,.T.);
#11200=EDGE_LOOP('',(#11193,#11195,#11197,#11199));
#11201=FACE_BOUND('',#11200,.F.);
#11203=ORIENTED_EDGE('',*,*,#11202,.T.);
#11205=ORIENTED_EDGE('',*,*,#11204,.T.);
#11207=ORIENTED_EDGE('',*,*,#11206,.T.);
#11209=ORIENTED_EDGE('',*,*,#11208,.T.);
#11210=EDGE_LOOP('',(#11203,#11205,#11207,#11209));
#11211=FACE_BOUND('',#11210,.F.);
#11213=CARTESIAN_POINT('',(-1.75E0,1.26E1,-4.1E0));
#11214=DIRECTION('',(0.E0,1.E0,0.E0));
#11215=DIRECTION('',(1.E0,0.E0,0.E0));
#11216=AXIS2_PLACEMENT_3D('',#11213,#11214,#11215);
#11217=CYLINDRICAL_SURFACE('',#11216,1.45E0);
#11218=ORIENTED_EDGE('',*,*,#11187,.T.);
#11220=ORIENTED_EDGE('',*,*,#11219,.T.);
#11221=ORIENTED_EDGE('',*,*,#11183,.T.);
#11222=ORIENTED_EDGE('',*,*,#9875,.F.);
#11223=EDGE_LOOP('',(#11218,#11220,#11221,#11222));
#11224=FACE_OUTER_BOUND('',#11223,.F.);
#11226=ORIENTED_EDGE('',*,*,#11225,.T.);
#11228=ORIENTED_EDGE('',*,*,#11227,.T.);
#11230=ORIENTED_EDGE('',*,*,#11229,.T.);
#11232=ORIENTED_EDGE('',*,*,#11231,.T.);
#11233=EDGE_LOOP('',(#11226,#11228,#11230,#11232));
#11234=FACE_BOUND('',#11233,.F.);
#11236=ORIENTED_EDGE('',*,*,#11235,.T.);
#11238=ORIENTED_EDGE('',*,*,#11237,.T.);
#11240=ORIENTED_EDGE('',*,*,#11239,.T.);
#11242=ORIENTED_EDGE('',*,*,#11241,.T.);
#11243=EDGE_LOOP('',(#11236,#11238,#11240,#11242));
#11244=FACE_BOUND('',#11243,.F.);
#11246=CARTESIAN_POINT('',(-3.5E0,1.074641E1,0.E0));
#11247=DIRECTION('',(0.E0,1.E0,0.E0));
#11248=DIRECTION('',(1.E0,0.E0,0.E0));
#11249=AXIS2_PLACEMENT_3D('',#11246,#11247,#11248);
#11250=PLANE('',#11249);
#11251=ORIENTED_EDGE('',*,*,#11185,.F.);
#11252=ORIENTED_EDGE('',*,*,#11219,.F.);
#11253=EDGE_LOOP('',(#11251,#11252));
#11254=FACE_OUTER_BOUND('',#11253,.F.);
#11256=ORIENTED_EDGE('',*,*,#11255,.F.);
#11258=ORIENTED_EDGE('',*,*,#11257,.F.);
#11259=EDGE_LOOP('',(#11256,#11258));
#11260=FACE_BOUND('',#11259,.F.);
#11262=ORIENTED_EDGE('',*,*,#11261,.F.);
#11264=ORIENTED_EDGE('',*,*,#11263,.F.);
#11265=EDGE_LOOP('',(#11262,#11264));
#11266=FACE_BOUND('',#11265,.F.);
#11268=CARTESIAN_POINT('',(-1.75E0,1.134641E1,-4.1E0));
#11269=DIRECTION('',(0.E0,1.E0,0.E0));
#11270=DIRECTION('',(1.E0,0.E0,0.E0));
#11271=AXIS2_PLACEMENT_3D('',#11268,#11269,#11270);
#11272=CYLINDRICAL_SURFACE('',#11271,1.4E0);
#11274=ORIENTED_EDGE('',*,*,#11273,.F.);
#11276=ORIENTED_EDGE('',*,*,#11275,.F.);
#11277=ORIENTED_EDGE('',*,*,#11255,.T.);
#11279=ORIENTED_EDGE('',*,*,#11278,.T.);
#11280=EDGE_LOOP('',(#11274,#11276,#11277,#11279));
#11281=FACE_OUTER_BOUND('',#11280,.F.);
#11283=CARTESIAN_POINT('',(-1.75E0,1.134641E1,-4.1E0));
#11284=DIRECTION('',(0.E0,1.E0,0.E0));
#11285=DIRECTION('',(1.E0,0.E0,0.E0));
#11286=AXIS2_PLACEMENT_3D('',#11283,#11284,#11285);
#11287=CYLINDRICAL_SURFACE('',#11286,1.4E0);
#11289=ORIENTED_EDGE('',*,*,#11288,.F.);
#11291=ORIENTED_EDGE('',*,*,#11290,.F.);
#11292=ORIENTED_EDGE('',*,*,#11261,.T.);
#11294=ORIENTED_EDGE('',*,*,#11293,.T.);
#11295=EDGE_LOOP('',(#11289,#11291,#11292,#11294));
#11296=FACE_OUTER_BOUND('',#11295,.F.);
#11298=CARTESIAN_POINT('',(-1.75E0,1.114641E1,-4.1E0));
#11299=DIRECTION('',(0.E0,1.E0,0.E0));
#11300=DIRECTION('',(1.532696542765E-3,0.E0,-9.999988254200E-1));
#11301=AXIS2_PLACEMENT_3D('',#11298,#11299,#11300);
#11302=TOROIDAL_SURFACE('',#11301,1.2E0,2.E-1);
#11303=ORIENTED_EDGE('',*,*,#11273,.T.);
#11305=ORIENTED_EDGE('',*,*,#11304,.T.);
#11307=ORIENTED_EDGE('',*,*,#11306,.T.);
#11309=ORIENTED_EDGE('',*,*,#11308,.T.);
#11310=EDGE_LOOP('',(#11303,#11305,#11307,#11309));
#11311=FACE_OUTER_BOUND('',#11310,.F.);
#11313=CARTESIAN_POINT('',(-2.05E0,1.134641E1,-5.467479433118E0));
#11314=DIRECTION('',(-1.E0,0.E0,0.E0));
#11315=DIRECTION('',(0.E0,0.E0,1.E0));
#11316=AXIS2_PLACEMENT_3D('',#11313,#11314,#11315);
#11317=PLANE('',#11316);
#11318=ORIENTED_EDGE('',*,*,#11304,.F.);
#11319=ORIENTED_EDGE('',*,*,#11278,.F.);
#11320=ORIENTED_EDGE('',*,*,#11257,.T.);
#11321=ORIENTED_EDGE('',*,*,#11275,.T.);
#11322=ORIENTED_EDGE('',*,*,#11308,.F.);
#11324=ORIENTED_EDGE('',*,*,#11323,.F.);
#11325=EDGE_LOOP('',(#11318,#11319,#11320,#11321,#11322,#11324));
#11326=FACE_OUTER_BOUND('',#11325,.F.);
#11328=CARTESIAN_POINT('',(-3.5E0,1.134641E1,0.E0));
#11329=DIRECTION('',(0.E0,1.E0,0.E0));
#11330=DIRECTION('',(1.E0,0.E0,0.E0));
#11331=AXIS2_PLACEMENT_3D('',#11328,#11329,#11330);
#11332=PLANE('',#11331);
#11333=ORIENTED_EDGE('',*,*,#11306,.F.);
#11334=ORIENTED_EDGE('',*,*,#11323,.T.);
#11335=EDGE_LOOP('',(#11333,#11334));
#11336=FACE_OUTER_BOUND('',#11335,.F.);
#11338=CARTESIAN_POINT('',(-3.5E0,1.134641E1,0.E0));
#11339=DIRECTION('',(0.E0,1.E0,0.E0));
#11340=DIRECTION('',(1.E0,0.E0,0.E0));
#11341=AXIS2_PLACEMENT_3D('',#11338,#11339,#11340);
#11342=PLANE('',#11341);
#11344=ORIENTED_EDGE('',*,*,#11343,.F.);
#11346=ORIENTED_EDGE('',*,*,#11345,.T.);
#11347=EDGE_LOOP('',(#11344,#11346));
#11348=FACE_OUTER_BOUND('',#11347,.F.);
#11350=CARTESIAN_POINT('',(-1.75E0,1.114641E1,-4.1E0));
#11351=DIRECTION('',(0.E0,1.E0,0.E0));
#11352=DIRECTION('',(1.532696542765E-3,0.E0,-9.999988254200E-1));
#11353=AXIS2_PLACEMENT_3D('',#11350,#11351,#11352);
#11354=TOROIDAL_SURFACE('',#11353,1.2E0,2.E-1);
#11355=ORIENTED_EDGE('',*,*,#11288,.T.);
#11357=ORIENTED_EDGE('',*,*,#11356,.T.);
#11358=ORIENTED_EDGE('',*,*,#11343,.T.);
#11360=ORIENTED_EDGE('',*,*,#11359,.T.);
#11361=EDGE_LOOP('',(#11355,#11357,#11358,#11360));
#11362=FACE_OUTER_BOUND('',#11361,.F.);
#11364=CARTESIAN_POINT('',(-1.45E0,1.134641E1,-2.732520566882E0));
#11365=DIRECTION('',(1.E0,0.E0,0.E0));
#11366=DIRECTION('',(0.E0,0.E0,-1.E0));
#11367=AXIS2_PLACEMENT_3D('',#11364,#11365,#11366);
#11368=PLANE('',#11367);
#11369=ORIENTED_EDGE('',*,*,#11356,.F.);
#11370=ORIENTED_EDGE('',*,*,#11293,.F.);
#11371=ORIENTED_EDGE('',*,*,#11263,.T.);
#11372=ORIENTED_EDGE('',*,*,#11290,.T.);
#11373=ORIENTED_EDGE('',*,*,#11359,.F.);
#11374=ORIENTED_EDGE('',*,*,#11345,.F.);
#11375=EDGE_LOOP('',(#11369,#11370,#11371,#11372,#11373,#11374));
#11376=FACE_OUTER_BOUND('',#11375,.F.);
#11378=CARTESIAN_POINT('',(-1.068530483272E1,1.238452994616E1,
-1.098469516728E1));
#11379=DIRECTION('',(7.071067811865E-1,0.E0,7.071067811865E-1));
#11380=DIRECTION('',(7.071067811865E-1,0.E0,-7.071067811865E-1));
#11381=AXIS2_PLACEMENT_3D('',#11378,#11379,#11380);
#11382=CYLINDRICAL_SURFACE('',#11381,1.E-1);
#11384=ORIENTED_EDGE('',*,*,#11383,.T.);
#11385=ORIENTED_EDGE('',*,*,#11229,.F.);
#11387=ORIENTED_EDGE('',*,*,#11386,.F.);
#11388=ORIENTED_EDGE('',*,*,#11225,.F.);
#11389=EDGE_LOOP('',(#11384,#11385,#11387,#11388));
#11390=FACE_OUTER_BOUND('',#11389,.F.);
#11392=CARTESIAN_POINT('',(-1.068530483272E1,1.170798303866E1,
-1.098469516728E1));
#11393=DIRECTION('',(6.993398236843E-1,-1.478094111296E-1,-6.993398236843E-1));
#11394=DIRECTION('',(1.045170369329E-1,9.890158633619E-1,-1.045170369329E-1));
#11395=AXIS2_PLACEMENT_3D('',#11392,#11393,#11394);
#11396=PLANE('',#11395);
#11397=ORIENTED_EDGE('',*,*,#11383,.F.);
#11398=ORIENTED_EDGE('',*,*,#11231,.F.);
#11399=EDGE_LOOP('',(#11397,#11398));
#11400=FACE_OUTER_BOUND('',#11399,.F.);
#11402=CARTESIAN_POINT('',(-1.064994949366E1,1.247113248654E1,
-1.102005050634E1));
#11403=DIRECTION('',(3.535533905931E-1,8.660254037846E-1,-3.535533905931E-1));
#11404=DIRECTION('',(-6.123724356959E-1,4.999999999997E-1,6.123724356959E-1));
#11405=AXIS2_PLACEMENT_3D('',#11402,#11403,#11404);
#11406=PLANE('',#11405);
#11407=ORIENTED_EDGE('',*,*,#11386,.T.);
#11408=ORIENTED_EDGE('',*,*,#11227,.F.);
#11409=EDGE_LOOP('',(#11407,#11408));
#11410=FACE_OUTER_BOUND('',#11409,.F.);
#11412=CARTESIAN_POINT('',(-8.634695167280E0,1.238452994616E1,
4.835304832720E0));
#11413=DIRECTION('',(7.071067811865E-1,0.E0,-7.071067811865E-1));
#11414=DIRECTION('',(-7.071067811865E-1,0.E0,-7.071067811865E-1));
#11415=AXIS2_PLACEMENT_3D('',#11412,#11413,#11414);
#11416=CYLINDRICAL_SURFACE('',#11415,1.E-1);
#11418=ORIENTED_EDGE('',*,*,#11417,.T.);
#11419=ORIENTED_EDGE('',*,*,#11239,.F.);
#11421=ORIENTED_EDGE('',*,*,#11420,.F.);
#11422=ORIENTED_EDGE('',*,*,#11235,.F.);
#11423=EDGE_LOOP('',(#11418,#11419,#11421,#11422));
#11424=FACE_OUTER_BOUND('',#11423,.F.);
#11426=CARTESIAN_POINT('',(-8.634695167280E0,1.170798303866E1,
4.835304832720E0));
#11427=DIRECTION('',(-6.993398236843E-1,-1.478094111296E-1,-6.993398236843E-1));
#11428=DIRECTION('',(-1.045170369329E-1,9.890158633619E-1,-1.045170369329E-1));
#11429=AXIS2_PLACEMENT_3D('',#11426,#11427,#11428);
#11430=PLANE('',#11429);
#11431=ORIENTED_EDGE('',*,*,#11417,.F.);
#11432=ORIENTED_EDGE('',*,*,#11241,.F.);
#11433=EDGE_LOOP('',(#11431,#11432));
#11434=FACE_OUTER_BOUND('',#11433,.F.);
#11436=CARTESIAN_POINT('',(-8.670050506339E0,1.247113248654E1,
4.799949493661E0));
#11437=DIRECTION('',(-3.535533905931E-1,8.660254037846E-1,-3.535533905931E-1));
#11438=DIRECTION('',(6.123724356959E-1,4.999999999997E-1,6.123724356959E-1));
#11439=AXIS2_PLACEMENT_3D('',#11436,#11437,#11438);
#11440=PLANE('',#11439);
#11441=ORIENTED_EDGE('',*,*,#11420,.T.);
#11442=ORIENTED_EDGE('',*,*,#11237,.F.);
#11443=EDGE_LOOP('',(#11441,#11442));
#11444=FACE_OUTER_BOUND('',#11443,.F.);
#11446=CARTESIAN_POINT('',(7.134695167280E0,1.238452994616E1,
-1.503530483272E1));
#11447=DIRECTION('',(-7.071067811865E-1,0.E0,7.071067811865E-1));
#11448=DIRECTION('',(7.071067811865E-1,0.E0,7.071067811865E-1));
#11449=AXIS2_PLACEMENT_3D('',#11446,#11447,#11448);
#11450=CYLINDRICAL_SURFACE('',#11449,1.E-1);
#11452=ORIENTED_EDGE('',*,*,#11451,.T.);
#11453=ORIENTED_EDGE('',*,*,#11196,.F.);
#11455=ORIENTED_EDGE('',*,*,#11454,.F.);
#11456=ORIENTED_EDGE('',*,*,#11192,.F.);
#11457=EDGE_LOOP('',(#11452,#11453,#11455,#11456));
#11458=FACE_OUTER_BOUND('',#11457,.F.);
#11460=CARTESIAN_POINT('',(7.134695167280E0,1.170798303866E1,
-1.503530483272E1));
#11461=DIRECTION('',(6.993398236843E-1,-1.478094111296E-1,6.993398236843E-1));
#11462=DIRECTION('',(1.045170369329E-1,9.890158633619E-1,1.045170369329E-1));
#11463=AXIS2_PLACEMENT_3D('',#11460,#11461,#11462);
#11464=PLANE('',#11463);
#11465=ORIENTED_EDGE('',*,*,#11451,.F.);
#11466=ORIENTED_EDGE('',*,*,#11198,.F.);
#11467=EDGE_LOOP('',(#11465,#11466));
#11468=FACE_OUTER_BOUND('',#11467,.F.);
#11470=CARTESIAN_POINT('',(7.170050506339E0,1.247113248654E1,
-1.499994949366E1));
#11471=DIRECTION('',(3.535533905931E-1,8.660254037846E-1,3.535533905931E-1));
#11472=DIRECTION('',(-6.123724356959E-1,4.999999999997E-1,-6.123724356959E-1));
#11473=AXIS2_PLACEMENT_3D('',#11470,#11471,#11472);
#11474=PLANE('',#11473);
#11475=ORIENTED_EDGE('',*,*,#11454,.T.);
#11476=ORIENTED_EDGE('',*,*,#11194,.F.);
#11477=EDGE_LOOP('',(#11475,#11476));
#11478=FACE_OUTER_BOUND('',#11477,.F.);
#11480=CARTESIAN_POINT('',(9.185304832720E0,1.238452994616E1,4.784695167280E0));
#11481=DIRECTION('',(-7.071067811865E-1,0.E0,-7.071067811865E-1));
#11482=DIRECTION('',(-7.071067811865E-1,0.E0,7.071067811865E-1));
#11483=AXIS2_PLACEMENT_3D('',#11480,#11481,#11482);
#11484=CYLINDRICAL_SURFACE('',#11483,1.E-1);
#11486=ORIENTED_EDGE('',*,*,#11485,.T.);
#11487=ORIENTED_EDGE('',*,*,#11206,.F.);
#11489=ORIENTED_EDGE('',*,*,#11488,.F.);
#11490=ORIENTED_EDGE('',*,*,#11202,.F.);
#11491=EDGE_LOOP('',(#11486,#11487,#11489,#11490));
#11492=FACE_OUTER_BOUND('',#11491,.F.);
#11494=CARTESIAN_POINT('',(9.185304832720E0,1.170798303866E1,4.784695167280E0));
#11495=DIRECTION('',(-6.993398236843E-1,-1.478094111296E-1,6.993398236843E-1));
#11496=DIRECTION('',(-1.045170369329E-1,9.890158633619E-1,1.045170369329E-1));
#11497=AXIS2_PLACEMENT_3D('',#11494,#11495,#11496);
#11498=PLANE('',#11497);
#11499=ORIENTED_EDGE('',*,*,#11485,.F.);
#11500=ORIENTED_EDGE('',*,*,#11208,.F.);
#11501=EDGE_LOOP('',(#11499,#11500));
#11502=FACE_OUTER_BOUND('',#11501,.F.);
#11504=CARTESIAN_POINT('',(9.149949493661E0,1.247113248654E1,4.820050506339E0));
#11505=DIRECTION('',(-3.535533905931E-1,8.660254037846E-1,3.535533905931E-1));
#11506=DIRECTION('',(6.123724356959E-1,4.999999999997E-1,-6.123724356959E-1));
#11507=AXIS2_PLACEMENT_3D('',#11504,#11505,#11506);
#11508=PLANE('',#11507);
#11509=ORIENTED_EDGE('',*,*,#11488,.T.);
#11510=ORIENTED_EDGE('',*,*,#11204,.F.);
#11511=EDGE_LOOP('',(#11509,#11510));
#11512=FACE_OUTER_BOUND('',#11511,.F.);
#11514=CARTESIAN_POINT('',(1.75E0,1.26E1,-4.1E0));
#11515=DIRECTION('',(0.E0,1.E0,0.E0));
#11516=DIRECTION('',(1.E0,0.E0,0.E0));
#11517=AXIS2_PLACEMENT_3D('',#11514,#11515,#11516);
#11518=CYLINDRICAL_SURFACE('',#11517,1.45E0);
#11520=ORIENTED_EDGE('',*,*,#11519,.F.);
#11522=ORIENTED_EDGE('',*,*,#11521,.T.);
#11524=ORIENTED_EDGE('',*,*,#11523,.F.);
#11525=ORIENTED_EDGE('',*,*,#9879,.F.);
#11526=EDGE_LOOP('',(#11520,#11522,#11524,#11525));
#11527=FACE_OUTER_BOUND('',#11526,.F.);
#11529=ORIENTED_EDGE('',*,*,#11528,.T.);
#11531=ORIENTED_EDGE('',*,*,#11530,.T.);
#11533=ORIENTED_EDGE('',*,*,#11532,.T.);
#11535=ORIENTED_EDGE('',*,*,#11534,.T.);
#11536=EDGE_LOOP('',(#11529,#11531,#11533,#11535));
#11537=FACE_BOUND('',#11536,.F.);
#11539=ORIENTED_EDGE('',*,*,#11538,.T.);
#11541=ORIENTED_EDGE('',*,*,#11540,.T.);
#11543=ORIENTED_EDGE('',*,*,#11542,.T.);
#11545=ORIENTED_EDGE('',*,*,#11544,.T.);
#11546=EDGE_LOOP('',(#11539,#11541,#11543,#11545));
#11547=FACE_BOUND('',#11546,.F.);
#11549=CARTESIAN_POINT('',(1.75E0,1.26E1,-4.1E0));
#11550=DIRECTION('',(0.E0,1.E0,0.E0));
#11551=DIRECTION('',(1.E0,0.E0,0.E0));
#11552=AXIS2_PLACEMENT_3D('',#11549,#11550,#11551);
#11553=CYLINDRICAL_SURFACE('',#11552,1.45E0);
#11554=ORIENTED_EDGE('',*,*,#11523,.T.);
#11556=ORIENTED_EDGE('',*,*,#11555,.T.);
#11557=ORIENTED_EDGE('',*,*,#11519,.T.);
#11558=ORIENTED_EDGE('',*,*,#9881,.F.);
#11559=EDGE_LOOP('',(#11554,#11556,#11557,#11558));
#11560=FACE_OUTER_BOUND('',#11559,.F.);
#11562=ORIENTED_EDGE('',*,*,#11561,.T.);
#11564=ORIENTED_EDGE('',*,*,#11563,.T.);
#11566=ORIENTED_EDGE('',*,*,#11565,.T.);
#11568=ORIENTED_EDGE('',*,*,#11567,.T.);
#11569=EDGE_LOOP('',(#11562,#11564,#11566,#11568));
#11570=FACE_BOUND('',#11569,.F.);
#11572=ORIENTED_EDGE('',*,*,#11571,.T.);
#11574=ORIENTED_EDGE('',*,*,#11573,.T.);
#11576=ORIENTED_EDGE('',*,*,#11575,.T.);
#11578=ORIENTED_EDGE('',*,*,#11577,.T.);
#11579=EDGE_LOOP('',(#11572,#11574,#11576,#11578));
#11580=FACE_BOUND('',#11579,.F.);
#11582=CARTESIAN_POINT('',(0.E0,1.074641E1,0.E0));
#11583=DIRECTION('',(0.E0,1.E0,0.E0));
#11584=DIRECTION('',(1.E0,0.E0,0.E0));
#11585=AXIS2_PLACEMENT_3D('',#11582,#11583,#11584);
#11586=PLANE('',#11585);
#11587=ORIENTED_EDGE('',*,*,#11521,.F.);
#11588=ORIENTED_EDGE('',*,*,#11555,.F.);
#11589=EDGE_LOOP('',(#11587,#11588));
#11590=FACE_OUTER_BOUND('',#11589,.F.);
#11592=ORIENTED_EDGE('',*,*,#11591,.F.);
#11594=ORIENTED_EDGE('',*,*,#11593,.F.);
#11595=EDGE_LOOP('',(#11592,#11594));
#11596=FACE_BOUND('',#11595,.F.);
#11598=ORIENTED_EDGE('',*,*,#11597,.F.);
#11600=ORIENTED_EDGE('',*,*,#11599,.F.);
#11601=EDGE_LOOP('',(#11598,#11600));
#11602=FACE_BOUND('',#11601,.F.);
#11604=CARTESIAN_POINT('',(1.75E0,1.134641E1,-4.1E0));
#11605=DIRECTION('',(0.E0,1.E0,0.E0));
#11606=DIRECTION('',(1.E0,0.E0,0.E0));
#11607=AXIS2_PLACEMENT_3D('',#11604,#11605,#11606);
#11608=CYLINDRICAL_SURFACE('',#11607,1.4E0);
#11610=ORIENTED_EDGE('',*,*,#11609,.F.);
#11612=ORIENTED_EDGE('',*,*,#11611,.F.);
#11613=ORIENTED_EDGE('',*,*,#11591,.T.);
#11615=ORIENTED_EDGE('',*,*,#11614,.T.);
#11616=EDGE_LOOP('',(#11610,#11612,#11613,#11615));
#11617=FACE_OUTER_BOUND('',#11616,.F.);
#11619=CARTESIAN_POINT('',(1.75E0,1.134641E1,-4.1E0));
#11620=DIRECTION('',(0.E0,1.E0,0.E0));
#11621=DIRECTION('',(1.E0,0.E0,0.E0));
#11622=AXIS2_PLACEMENT_3D('',#11619,#11620,#11621);
#11623=CYLINDRICAL_SURFACE('',#11622,1.4E0);
#11625=ORIENTED_EDGE('',*,*,#11624,.F.);
#11627=ORIENTED_EDGE('',*,*,#11626,.F.);
#11628=ORIENTED_EDGE('',*,*,#11597,.T.);
#11630=ORIENTED_EDGE('',*,*,#11629,.T.);
#11631=EDGE_LOOP('',(#11625,#11627,#11628,#11630));
#11632=FACE_OUTER_BOUND('',#11631,.F.);
#11634=CARTESIAN_POINT('',(1.75E0,1.114641E1,-4.1E0));
#11635=DIRECTION('',(0.E0,1.E0,0.E0));
#11636=DIRECTION('',(1.532696542765E-3,0.E0,-9.999988254200E-1));
#11637=AXIS2_PLACEMENT_3D('',#11634,#11635,#11636);
#11638=TOROIDAL_SURFACE('',#11637,1.2E0,2.E-1);
#11639=ORIENTED_EDGE('',*,*,#11609,.T.);
#11641=ORIENTED_EDGE('',*,*,#11640,.T.);
#11643=ORIENTED_EDGE('',*,*,#11642,.T.);
#11645=ORIENTED_EDGE('',*,*,#11644,.T.);
#11646=EDGE_LOOP('',(#11639,#11641,#11643,#11645));
#11647=FACE_OUTER_BOUND('',#11646,.F.);
#11649=CARTESIAN_POINT('',(1.45E0,1.134641E1,-5.467479433118E0));
#11650=DIRECTION('',(-1.E0,0.E0,0.E0));
#11651=DIRECTION('',(0.E0,0.E0,1.E0));
#11652=AXIS2_PLACEMENT_3D('',#11649,#11650,#11651);
#11653=PLANE('',#11652);
#11654=ORIENTED_EDGE('',*,*,#11640,.F.);
#11655=ORIENTED_EDGE('',*,*,#11614,.F.);
#11656=ORIENTED_EDGE('',*,*,#11593,.T.);
#11657=ORIENTED_EDGE('',*,*,#11611,.T.);
#11658=ORIENTED_EDGE('',*,*,#11644,.F.);
#11660=ORIENTED_EDGE('',*,*,#11659,.F.);
#11661=EDGE_LOOP('',(#11654,#11655,#11656,#11657,#11658,#11660));
#11662=FACE_OUTER_BOUND('',#11661,.F.);
#11664=CARTESIAN_POINT('',(0.E0,1.134641E1,0.E0));
#11665=DIRECTION('',(0.E0,1.E0,0.E0));
#11666=DIRECTION('',(1.E0,0.E0,0.E0));
#11667=AXIS2_PLACEMENT_3D('',#11664,#11665,#11666);
#11668=PLANE('',#11667);
#11669=ORIENTED_EDGE('',*,*,#11642,.F.);
#11670=ORIENTED_EDGE('',*,*,#11659,.T.);
#11671=EDGE_LOOP('',(#11669,#11670));
#11672=FACE_OUTER_BOUND('',#11671,.F.);
#11674=CARTESIAN_POINT('',(0.E0,1.134641E1,0.E0));
#11675=DIRECTION('',(0.E0,1.E0,0.E0));
#11676=DIRECTION('',(1.E0,0.E0,0.E0));
#11677=AXIS2_PLACEMENT_3D('',#11674,#11675,#11676);
#11678=PLANE('',#11677);
#11680=ORIENTED_EDGE('',*,*,#11679,.F.);
#11682=ORIENTED_EDGE('',*,*,#11681,.T.);
#11683=EDGE_LOOP('',(#11680,#11682));
#11684=FACE_OUTER_BOUND('',#11683,.F.);
#11686=CARTESIAN_POINT('',(1.75E0,1.114641E1,-4.1E0));
#11687=DIRECTION('',(0.E0,1.E0,0.E0));
#11688=DIRECTION('',(1.532696542765E-3,0.E0,-9.999988254200E-1));
#11689=AXIS2_PLACEMENT_3D('',#11686,#11687,#11688);
#11690=TOROIDAL_SURFACE('',#11689,1.2E0,2.E-1);
#11691=ORIENTED_EDGE('',*,*,#11624,.T.);
#11693=ORIENTED_EDGE('',*,*,#11692,.T.);
#11694=ORIENTED_EDGE('',*,*,#11679,.T.);
#11696=ORIENTED_EDGE('',*,*,#11695,.T.);
#11697=EDGE_LOOP('',(#11691,#11693,#11694,#11696));
#11698=FACE_OUTER_BOUND('',#11697,.F.);
#11700=CARTESIAN_POINT('',(2.05E0,1.134641E1,-2.732520566882E0));
#11701=DIRECTION('',(1.E0,0.E0,0.E0));
#11702=DIRECTION('',(0.E0,0.E0,-1.E0));
#11703=AXIS2_PLACEMENT_3D('',#11700,#11701,#11702);
#11704=PLANE('',#11703);
#11705=ORIENTED_EDGE('',*,*,#11692,.F.);
#11706=ORIENTED_EDGE('',*,*,#11629,.F.);
#11707=ORIENTED_EDGE('',*,*,#11599,.T.);
#11708=ORIENTED_EDGE('',*,*,#11626,.T.);
#11709=ORIENTED_EDGE('',*,*,#11695,.F.);
#11710=ORIENTED_EDGE('',*,*,#11681,.F.);
#11711=EDGE_LOOP('',(#11705,#11706,#11707,#11708,#11709,#11710));
#11712=FACE_OUTER_BOUND('',#11711,.F.);
#11714=CARTESIAN_POINT('',(-8.935304832720E0,1.238452994616E1,
-1.273469516728E1));
#11715=DIRECTION('',(7.071067811865E-1,0.E0,7.071067811865E-1));
#11716=DIRECTION('',(7.071067811865E-1,0.E0,-7.071067811865E-1));
#11717=AXIS2_PLACEMENT_3D('',#11714,#11715,#11716);
#11718=CYLINDRICAL_SURFACE('',#11717,1.E-1);
#11720=ORIENTED_EDGE('',*,*,#11719,.T.);
#11721=ORIENTED_EDGE('',*,*,#11565,.F.);
#11723=ORIENTED_EDGE('',*,*,#11722,.F.);
#11724=ORIENTED_EDGE('',*,*,#11561,.F.);
#11725=EDGE_LOOP('',(#11720,#11721,#11723,#11724));
#11726=FACE_OUTER_BOUND('',#11725,.F.);
#11728=CARTESIAN_POINT('',(-8.935304832720E0,1.170798303866E1,
-1.273469516728E1));
#11729=DIRECTION('',(6.993398236843E-1,-1.478094111296E-1,-6.993398236843E-1));
#11730=DIRECTION('',(1.045170369329E-1,9.890158633619E-1,-1.045170369329E-1));
#11731=AXIS2_PLACEMENT_3D('',#11728,#11729,#11730);
#11732=PLANE('',#11731);
#11733=ORIENTED_EDGE('',*,*,#11719,.F.);
#11734=ORIENTED_EDGE('',*,*,#11567,.F.);
#11735=EDGE_LOOP('',(#11733,#11734));
#11736=FACE_OUTER_BOUND('',#11735,.F.);
#11738=CARTESIAN_POINT('',(-8.899949493661E0,1.247113248654E1,
-1.277005050634E1));
#11739=DIRECTION('',(3.535533905931E-1,8.660254037846E-1,-3.535533905931E-1));
#11740=DIRECTION('',(-6.123724356959E-1,4.999999999997E-1,6.123724356959E-1));
#11741=AXIS2_PLACEMENT_3D('',#11738,#11739,#11740);
#11742=PLANE('',#11741);
#11743=ORIENTED_EDGE('',*,*,#11722,.T.);
#11744=ORIENTED_EDGE('',*,*,#11563,.F.);
#11745=EDGE_LOOP('',(#11743,#11744));
#11746=FACE_OUTER_BOUND('',#11745,.F.);
#11748=CARTESIAN_POINT('',(-6.884695167280E0,1.238452994616E1,
6.585304832720E0));
#11749=DIRECTION('',(7.071067811865E-1,0.E0,-7.071067811865E-1));
#11750=DIRECTION('',(-7.071067811865E-1,0.E0,-7.071067811865E-1));
#11751=AXIS2_PLACEMENT_3D('',#11748,#11749,#11750);
#11752=CYLINDRICAL_SURFACE('',#11751,1.E-1);
#11754=ORIENTED_EDGE('',*,*,#11753,.T.);
#11755=ORIENTED_EDGE('',*,*,#11575,.F.);
#11757=ORIENTED_EDGE('',*,*,#11756,.F.);
#11758=ORIENTED_EDGE('',*,*,#11571,.F.);
#11759=EDGE_LOOP('',(#11754,#11755,#11757,#11758));
#11760=FACE_OUTER_BOUND('',#11759,.F.);
#11762=CARTESIAN_POINT('',(-6.884695167280E0,1.170798303866E1,
6.585304832720E0));
#11763=DIRECTION('',(-6.993398236843E-1,-1.478094111296E-1,-6.993398236843E-1));
#11764=DIRECTION('',(-1.045170369329E-1,9.890158633619E-1,-1.045170369329E-1));
#11765=AXIS2_PLACEMENT_3D('',#11762,#11763,#11764);
#11766=PLANE('',#11765);
#11767=ORIENTED_EDGE('',*,*,#11753,.F.);
#11768=ORIENTED_EDGE('',*,*,#11577,.F.);
#11769=EDGE_LOOP('',(#11767,#11768));
#11770=FACE_OUTER_BOUND('',#11769,.F.);
#11772=CARTESIAN_POINT('',(-6.920050506339E0,1.247113248654E1,
6.549949493661E0));
#11773=DIRECTION('',(-3.535533905931E-1,8.660254037846E-1,-3.535533905931E-1));
#11774=DIRECTION('',(6.123724356959E-1,4.999999999997E-1,6.123724356959E-1));
#11775=AXIS2_PLACEMENT_3D('',#11772,#11773,#11774);
#11776=PLANE('',#11775);
#11777=ORIENTED_EDGE('',*,*,#11756,.T.);
#11778=ORIENTED_EDGE('',*,*,#11573,.F.);
#11779=EDGE_LOOP('',(#11777,#11778));
#11780=FACE_OUTER_BOUND('',#11779,.F.);
#11782=CARTESIAN_POINT('',(8.884695167280E0,1.238452994616E1,
-1.328530483272E1));
#11783=DIRECTION('',(-7.071067811865E-1,0.E0,7.071067811865E-1));
#11784=DIRECTION('',(7.071067811865E-1,0.E0,7.071067811865E-1));
#11785=AXIS2_PLACEMENT_3D('',#11782,#11783,#11784);
#11786=CYLINDRICAL_SURFACE('',#11785,1.E-1);
#11788=ORIENTED_EDGE('',*,*,#11787,.T.);
#11789=ORIENTED_EDGE('',*,*,#11532,.F.);
#11791=ORIENTED_EDGE('',*,*,#11790,.F.);
#11792=ORIENTED_EDGE('',*,*,#11528,.F.);
#11793=EDGE_LOOP('',(#11788,#11789,#11791,#11792));
#11794=FACE_OUTER_BOUND('',#11793,.F.);
#11796=CARTESIAN_POINT('',(8.884695167280E0,1.170798303866E1,
-1.328530483272E1));
#11797=DIRECTION('',(6.993398236843E-1,-1.478094111296E-1,6.993398236843E-1));
#11798=DIRECTION('',(1.045170369329E-1,9.890158633619E-1,1.045170369329E-1));
#11799=AXIS2_PLACEMENT_3D('',#11796,#11797,#11798);
#11800=PLANE('',#11799);
#11801=ORIENTED_EDGE('',*,*,#11787,.F.);
#11802=ORIENTED_EDGE('',*,*,#11534,.F.);
#11803=EDGE_LOOP('',(#11801,#11802));
#11804=FACE_OUTER_BOUND('',#11803,.F.);
#11806=CARTESIAN_POINT('',(8.920050506339E0,1.247113248654E1,
-1.324994949366E1));
#11807=DIRECTION('',(3.535533905931E-1,8.660254037846E-1,3.535533905931E-1));
#11808=DIRECTION('',(-6.123724356959E-1,4.999999999997E-1,-6.123724356959E-1));
#11809=AXIS2_PLACEMENT_3D('',#11806,#11807,#11808);
#11810=PLANE('',#11809);
#11811=ORIENTED_EDGE('',*,*,#11790,.T.);
#11812=ORIENTED_EDGE('',*,*,#11530,.F.);
#11813=EDGE_LOOP('',(#11811,#11812));
#11814=FACE_OUTER_BOUND('',#11813,.F.);
#11816=CARTESIAN_POINT('',(1.093530483272E1,1.238452994616E1,3.034695167280E0));
#11817=DIRECTION('',(-7.071067811865E-1,0.E0,-7.071067811865E-1));
#11818=DIRECTION('',(-7.071067811865E-1,0.E0,7.071067811865E-1));
#11819=AXIS2_PLACEMENT_3D('',#11816,#11817,#11818);
#11820=CYLINDRICAL_SURFACE('',#11819,1.E-1);
#11822=ORIENTED_EDGE('',*,*,#11821,.T.);
#11823=ORIENTED_EDGE('',*,*,#11542,.F.);
#11825=ORIENTED_EDGE('',*,*,#11824,.F.);
#11826=ORIENTED_EDGE('',*,*,#11538,.F.);
#11827=EDGE_LOOP('',(#11822,#11823,#11825,#11826));
#11828=FACE_OUTER_BOUND('',#11827,.F.);
#11830=CARTESIAN_POINT('',(1.093530483272E1,1.170798303866E1,3.034695167280E0));
#11831=DIRECTION('',(-6.993398236843E-1,-1.478094111296E-1,6.993398236843E-1));
#11832=DIRECTION('',(-1.045170369329E-1,9.890158633619E-1,1.045170369329E-1));
#11833=AXIS2_PLACEMENT_3D('',#11830,#11831,#11832);
#11834=PLANE('',#11833);
#11835=ORIENTED_EDGE('',*,*,#11821,.F.);
#11836=ORIENTED_EDGE('',*,*,#11544,.F.);
#11837=EDGE_LOOP('',(#11835,#11836));
#11838=FACE_OUTER_BOUND('',#11837,.F.);
#11840=CARTESIAN_POINT('',(1.089994949366E1,1.247113248654E1,3.070050506339E0));
#11841=DIRECTION('',(-3.535533905931E-1,8.660254037846E-1,3.535533905931E-1));
#11842=DIRECTION('',(6.123724356959E-1,4.999999999997E-1,-6.123724356959E-1));
#11843=AXIS2_PLACEMENT_3D('',#11840,#11841,#11842);
#11844=PLANE('',#11843);
#11845=ORIENTED_EDGE('',*,*,#11824,.T.);
#11846=ORIENTED_EDGE('',*,*,#11540,.F.);
#11847=EDGE_LOOP('',(#11845,#11846));
#11848=FACE_OUTER_BOUND('',#11847,.F.);
#11850=CARTESIAN_POINT('',(5.25E0,1.26E1,-4.1E0));
#11851=DIRECTION('',(0.E0,1.E0,0.E0));
#11852=DIRECTION('',(1.E0,0.E0,0.E0));
#11853=AXIS2_PLACEMENT_3D('',#11850,#11851,#11852);
#11854=CYLINDRICAL_SURFACE('',#11853,1.45E0);
#11856=ORIENTED_EDGE('',*,*,#11855,.F.);
#11858=ORIENTED_EDGE('',*,*,#11857,.T.);
#11860=ORIENTED_EDGE('',*,*,#11859,.F.);
#11861=ORIENTED_EDGE('',*,*,#9885,.F.);
#11862=EDGE_LOOP('',(#11856,#11858,#11860,#11861));
#11863=FACE_OUTER_BOUND('',#11862,.F.);
#11865=ORIENTED_EDGE('',*,*,#11864,.T.);
#11867=ORIENTED_EDGE('',*,*,#11866,.T.);
#11869=ORIENTED_EDGE('',*,*,#11868,.T.);
#11871=ORIENTED_EDGE('',*,*,#11870,.T.);
#11872=EDGE_LOOP('',(#11865,#11867,#11869,#11871));
#11873=FACE_BOUND('',#11872,.F.);
#11875=ORIENTED_EDGE('',*,*,#11874,.T.);
#11877=ORIENTED_EDGE('',*,*,#11876,.T.);
#11879=ORIENTED_EDGE('',*,*,#11878,.T.);
#11881=ORIENTED_EDGE('',*,*,#11880,.T.);
#11882=EDGE_LOOP('',(#11875,#11877,#11879,#11881));
#11883=FACE_BOUND('',#11882,.F.);
#11885=CARTESIAN_POINT('',(5.25E0,1.26E1,-4.1E0));
#11886=DIRECTION('',(0.E0,1.E0,0.E0));
#11887=DIRECTION('',(1.E0,0.E0,0.E0));
#11888=AXIS2_PLACEMENT_3D('',#11885,#11886,#11887);
#11889=CYLINDRICAL_SURFACE('',#11888,1.45E0);
#11890=ORIENTED_EDGE('',*,*,#11859,.T.);
#11892=ORIENTED_EDGE('',*,*,#11891,.T.);
#11893=ORIENTED_EDGE('',*,*,#11855,.T.);
#11894=ORIENTED_EDGE('',*,*,#9887,.F.);
#11895=EDGE_LOOP('',(#11890,#11892,#11893,#11894));
#11896=FACE_OUTER_BOUND('',#11895,.F.);
#11898=ORIENTED_EDGE('',*,*,#11897,.T.);
#11900=ORIENTED_EDGE('',*,*,#11899,.T.);
#11902=ORIENTED_EDGE('',*,*,#11901,.T.);
#11904=ORIENTED_EDGE('',*,*,#11903,.T.);
#11905=EDGE_LOOP('',(#11898,#11900,#11902,#11904));
#11906=FACE_BOUND('',#11905,.F.);
#11908=ORIENTED_EDGE('',*,*,#11907,.T.);
#11910=ORIENTED_EDGE('',*,*,#11909,.T.);
#11912=ORIENTED_EDGE('',*,*,#11911,.T.);
#11914=ORIENTED_EDGE('',*,*,#11913,.T.);
#11915=EDGE_LOOP('',(#11908,#11910,#11912,#11914));
#11916=FACE_BOUND('',#11915,.F.);
#11918=CARTESIAN_POINT('',(3.5E0,1.074641E1,0.E0));
#11919=DIRECTION('',(0.E0,1.E0,0.E0));
#11920=DIRECTION('',(1.E0,0.E0,0.E0));
#11921=AXIS2_PLACEMENT_3D('',#11918,#11919,#11920);
#11922=PLANE('',#11921);
#11923=ORIENTED_EDGE('',*,*,#11857,.F.);
#11924=ORIENTED_EDGE('',*,*,#11891,.F.);
#11925=EDGE_LOOP('',(#11923,#11924));
#11926=FACE_OUTER_BOUND('',#11925,.F.);
#11928=ORIENTED_EDGE('',*,*,#11927,.F.);
#11930=ORIENTED_EDGE('',*,*,#11929,.F.);
#11931=EDGE_LOOP('',(#11928,#11930));
#11932=FACE_BOUND('',#11931,.F.);
#11934=ORIENTED_EDGE('',*,*,#11933,.F.);
#11936=ORIENTED_EDGE('',*,*,#11935,.F.);
#11937=EDGE_LOOP('',(#11934,#11936));
#11938=FACE_BOUND('',#11937,.F.);
#11940=CARTESIAN_POINT('',(5.25E0,1.134641E1,-4.1E0));
#11941=DIRECTION('',(0.E0,1.E0,0.E0));
#11942=DIRECTION('',(1.E0,0.E0,0.E0));
#11943=AXIS2_PLACEMENT_3D('',#11940,#11941,#11942);
#11944=CYLINDRICAL_SURFACE('',#11943,1.4E0);
#11946=ORIENTED_EDGE('',*,*,#11945,.F.);
#11948=ORIENTED_EDGE('',*,*,#11947,.F.);
#11949=ORIENTED_EDGE('',*,*,#11927,.T.);
#11951=ORIENTED_EDGE('',*,*,#11950,.T.);
#11952=EDGE_LOOP('',(#11946,#11948,#11949,#11951));
#11953=FACE_OUTER_BOUND('',#11952,.F.);
#11955=CARTESIAN_POINT('',(5.25E0,1.134641E1,-4.1E0));
#11956=DIRECTION('',(0.E0,1.E0,0.E0));
#11957=DIRECTION('',(1.E0,0.E0,0.E0));
#11958=AXIS2_PLACEMENT_3D('',#11955,#11956,#11957);
#11959=CYLINDRICAL_SURFACE('',#11958,1.4E0);
#11961=ORIENTED_EDGE('',*,*,#11960,.F.);
#11963=ORIENTED_EDGE('',*,*,#11962,.F.);
#11964=ORIENTED_EDGE('',*,*,#11933,.T.);
#11966=ORIENTED_EDGE('',*,*,#11965,.T.);
#11967=EDGE_LOOP('',(#11961,#11963,#11964,#11966));
#11968=FACE_OUTER_BOUND('',#11967,.F.);
#11970=CARTESIAN_POINT('',(5.25E0,1.114641E1,-4.1E0));
#11971=DIRECTION('',(0.E0,1.E0,0.E0));
#11972=DIRECTION('',(1.532696542765E-3,0.E0,-9.999988254200E-1));
#11973=AXIS2_PLACEMENT_3D('',#11970,#11971,#11972);
#11974=TOROIDAL_SURFACE('',#11973,1.2E0,2.E-1);
#11975=ORIENTED_EDGE('',*,*,#11945,.T.);
#11977=ORIENTED_EDGE('',*,*,#11976,.T.);
#11979=ORIENTED_EDGE('',*,*,#11978,.T.);
#11981=ORIENTED_EDGE('',*,*,#11980,.T.);
#11982=EDGE_LOOP('',(#11975,#11977,#11979,#11981));
#11983=FACE_OUTER_BOUND('',#11982,.F.);
#11985=CARTESIAN_POINT('',(4.95E0,1.134641E1,-5.467479433118E0));
#11986=DIRECTION('',(-1.E0,0.E0,0.E0));
#11987=DIRECTION('',(0.E0,0.E0,1.E0));
#11988=AXIS2_PLACEMENT_3D('',#11985,#11986,#11987);
#11989=PLANE('',#11988);
#11990=ORIENTED_EDGE('',*,*,#11976,.F.);
#11991=ORIENTED_EDGE('',*,*,#11950,.F.);
#11992=ORIENTED_EDGE('',*,*,#11929,.T.);
#11993=ORIENTED_EDGE('',*,*,#11947,.T.);
#11994=ORIENTED_EDGE('',*,*,#11980,.F.);
#11996=ORIENTED_EDGE('',*,*,#11995,.F.);
#11997=EDGE_LOOP('',(#11990,#11991,#11992,#11993,#11994,#11996));
#11998=FACE_OUTER_BOUND('',#11997,.F.);
#12000=CARTESIAN_POINT('',(3.5E0,1.134641E1,0.E0));
#12001=DIRECTION('',(0.E0,1.E0,0.E0));
#12002=DIRECTION('',(1.E0,0.E0,0.E0));
#12003=AXIS2_PLACEMENT_3D('',#12000,#12001,#12002);
#12004=PLANE('',#12003);
#12005=ORIENTED_EDGE('',*,*,#11978,.F.);
#12006=ORIENTED_EDGE('',*,*,#11995,.T.);
#12007=EDGE_LOOP('',(#12005,#12006));
#12008=FACE_OUTER_BOUND('',#12007,.F.);
#12010=CARTESIAN_POINT('',(3.5E0,1.134641E1,0.E0));
#12011=DIRECTION('',(0.E0,1.E0,0.E0));
#12012=DIRECTION('',(1.E0,0.E0,0.E0));
#12013=AXIS2_PLACEMENT_3D('',#12010,#12011,#12012);
#12014=PLANE('',#12013);
#12016=ORIENTED_EDGE('',*,*,#12015,.F.);
#12018=ORIENTED_EDGE('',*,*,#12017,.T.);
#12019=EDGE_LOOP('',(#12016,#12018));
#12020=FACE_OUTER_BOUND('',#12019,.F.);
#12022=CARTESIAN_POINT('',(5.25E0,1.114641E1,-4.1E0));
#12023=DIRECTION('',(0.E0,1.E0,0.E0));
#12024=DIRECTION('',(1.532696542765E-3,0.E0,-9.999988254200E-1));
#12025=AXIS2_PLACEMENT_3D('',#12022,#12023,#12024);
#12026=TOROIDAL_SURFACE('',#12025,1.2E0,2.E-1);
#12027=ORIENTED_EDGE('',*,*,#11960,.T.);
#12029=ORIENTED_EDGE('',*,*,#12028,.T.);
#12030=ORIENTED_EDGE('',*,*,#12015,.T.);
#12032=ORIENTED_EDGE('',*,*,#12031,.T.);
#12033=EDGE_LOOP('',(#12027,#12029,#12030,#12032));
#12034=FACE_OUTER_BOUND('',#12033,.F.);
#12036=CARTESIAN_POINT('',(5.55E0,1.134641E1,-2.732520566882E0));
#12037=DIRECTION('',(1.E0,0.E0,0.E0));
#12038=DIRECTION('',(0.E0,0.E0,-1.E0));
#12039=AXIS2_PLACEMENT_3D('',#12036,#12037,#12038);
#12040=PLANE('',#12039);
#12041=ORIENTED_EDGE('',*,*,#12028,.F.);
#12042=ORIENTED_EDGE('',*,*,#11965,.F.);
#12043=ORIENTED_EDGE('',*,*,#11935,.T.);
#12044=ORIENTED_EDGE('',*,*,#11962,.T.);
#12045=ORIENTED_EDGE('',*,*,#12031,.F.);
#12046=ORIENTED_EDGE('',*,*,#12017,.F.);
#12047=EDGE_LOOP('',(#12041,#12042,#12043,#12044,#12045,#12046));
#12048=FACE_OUTER_BOUND('',#12047,.F.);
#12050=CARTESIAN_POINT('',(-7.185304832720E0,1.238452994616E1,
-1.448469516728E1));
#12051=DIRECTION('',(7.071067811865E-1,0.E0,7.071067811865E-1));
#12052=DIRECTION('',(7.071067811865E-1,0.E0,-7.071067811865E-1));
#12053=AXIS2_PLACEMENT_3D('',#12050,#12051,#12052);
#12054=CYLINDRICAL_SURFACE('',#12053,1.E-1);
#12056=ORIENTED_EDGE('',*,*,#12055,.T.);
#12057=ORIENTED_EDGE('',*,*,#11901,.F.);
#12059=ORIENTED_EDGE('',*,*,#12058,.F.);
#12060=ORIENTED_EDGE('',*,*,#11897,.F.);
#12061=EDGE_LOOP('',(#12056,#12057,#12059,#12060));
#12062=FACE_OUTER_BOUND('',#12061,.F.);
#12064=CARTESIAN_POINT('',(-7.185304832720E0,1.170798303866E1,
-1.448469516728E1));
#12065=DIRECTION('',(6.993398236843E-1,-1.478094111296E-1,-6.993398236843E-1));
#12066=DIRECTION('',(1.045170369329E-1,9.890158633619E-1,-1.045170369329E-1));
#12067=AXIS2_PLACEMENT_3D('',#12064,#12065,#12066);
#12068=PLANE('',#12067);
#12069=ORIENTED_EDGE('',*,*,#12055,.F.);
#12070=ORIENTED_EDGE('',*,*,#11903,.F.);
#12071=EDGE_LOOP('',(#12069,#12070));
#12072=FACE_OUTER_BOUND('',#12071,.F.);
#12074=CARTESIAN_POINT('',(-7.149949493661E0,1.247113248654E1,
-1.452005050634E1));
#12075=DIRECTION('',(3.535533905931E-1,8.660254037846E-1,-3.535533905931E-1));
#12076=DIRECTION('',(-6.123724356959E-1,4.999999999997E-1,6.123724356959E-1));
#12077=AXIS2_PLACEMENT_3D('',#12074,#12075,#12076);
#12078=PLANE('',#12077);
#12079=ORIENTED_EDGE('',*,*,#12058,.T.);
#12080=ORIENTED_EDGE('',*,*,#11899,.F.);
#12081=EDGE_LOOP('',(#12079,#12080));
#12082=FACE_OUTER_BOUND('',#12081,.F.);
#12084=CARTESIAN_POINT('',(-5.134695167280E0,1.238452994616E1,
8.335304832720E0));
#12085=DIRECTION('',(7.071067811865E-1,0.E0,-7.071067811865E-1));
#12086=DIRECTION('',(-7.071067811865E-1,0.E0,-7.071067811865E-1));
#12087=AXIS2_PLACEMENT_3D('',#12084,#12085,#12086);
#12088=CYLINDRICAL_SURFACE('',#12087,1.E-1);
#12090=ORIENTED_EDGE('',*,*,#12089,.T.);
#12091=ORIENTED_EDGE('',*,*,#11911,.F.);
#12093=ORIENTED_EDGE('',*,*,#12092,.F.);
#12094=ORIENTED_EDGE('',*,*,#11907,.F.);
#12095=EDGE_LOOP('',(#12090,#12091,#12093,#12094));
#12096=FACE_OUTER_BOUND('',#12095,.F.);
#12098=CARTESIAN_POINT('',(-5.134695167280E0,1.170798303866E1,
8.335304832720E0));
#12099=DIRECTION('',(-6.993398236843E-1,-1.478094111296E-1,-6.993398236843E-1));
#12100=DIRECTION('',(-1.045170369329E-1,9.890158633619E-1,-1.045170369329E-1));
#12101=AXIS2_PLACEMENT_3D('',#12098,#12099,#12100);
#12102=PLANE('',#12101);
#12103=ORIENTED_EDGE('',*,*,#12089,.F.);
#12104=ORIENTED_EDGE('',*,*,#11913,.F.);
#12105=EDGE_LOOP('',(#12103,#12104));
#12106=FACE_OUTER_BOUND('',#12105,.F.);
#12108=CARTESIAN_POINT('',(-5.170050506339E0,1.247113248654E1,
8.299949493661E0));
#12109=DIRECTION('',(-3.535533905931E-1,8.660254037846E-1,-3.535533905931E-1));
#12110=DIRECTION('',(6.123724356959E-1,4.999999999997E-1,6.123724356959E-1));
#12111=AXIS2_PLACEMENT_3D('',#12108,#12109,#12110);
#12112=PLANE('',#12111);
#12113=ORIENTED_EDGE('',*,*,#12092,.T.);
#12114=ORIENTED_EDGE('',*,*,#11909,.F.);
#12115=EDGE_LOOP('',(#12113,#12114));
#12116=FACE_OUTER_BOUND('',#12115,.F.);
#12118=CARTESIAN_POINT('',(1.063469516728E1,1.238452994616E1,
-1.153530483272E1));
#12119=DIRECTION('',(-7.071067811865E-1,0.E0,7.071067811865E-1));
#12120=DIRECTION('',(7.071067811865E-1,0.E0,7.071067811865E-1));
#12121=AXIS2_PLACEMENT_3D('',#12118,#12119,#12120);
#12122=CYLINDRICAL_SURFACE('',#12121,1.E-1);
#12124=ORIENTED_EDGE('',*,*,#12123,.T.);
#12125=ORIENTED_EDGE('',*,*,#11868,.F.);
#12127=ORIENTED_EDGE('',*,*,#12126,.F.);
#12128=ORIENTED_EDGE('',*,*,#11864,.F.);
#12129=EDGE_LOOP('',(#12124,#12125,#12127,#12128));
#12130=FACE_OUTER_BOUND('',#12129,.F.);
#12132=CARTESIAN_POINT('',(1.063469516728E1,1.170798303866E1,
-1.153530483272E1));
#12133=DIRECTION('',(6.993398236843E-1,-1.478094111296E-1,6.993398236843E-1));
#12134=DIRECTION('',(1.045170369329E-1,9.890158633619E-1,1.045170369329E-1));
#12135=AXIS2_PLACEMENT_3D('',#12132,#12133,#12134);
#12136=PLANE('',#12135);
#12137=ORIENTED_EDGE('',*,*,#12123,.F.);
#12138=ORIENTED_EDGE('',*,*,#11870,.F.);
#12139=EDGE_LOOP('',(#12137,#12138));
#12140=FACE_OUTER_BOUND('',#12139,.F.);
#12142=CARTESIAN_POINT('',(1.067005050634E1,1.247113248654E1,
-1.149994949366E1));
#12143=DIRECTION('',(3.535533905931E-1,8.660254037846E-1,3.535533905931E-1));
#12144=DIRECTION('',(-6.123724356959E-1,4.999999999997E-1,-6.123724356959E-1));
#12145=AXIS2_PLACEMENT_3D('',#12142,#12143,#12144);
#12146=PLANE('',#12145);
#12147=ORIENTED_EDGE('',*,*,#12126,.T.);
#12148=ORIENTED_EDGE('',*,*,#11866,.F.);
#12149=EDGE_LOOP('',(#12147,#12148));
#12150=FACE_OUTER_BOUND('',#12149,.F.);
#12152=CARTESIAN_POINT('',(1.268530483272E1,1.238452994616E1,1.284695167280E0));
#12153=DIRECTION('',(-7.071067811865E-1,0.E0,-7.071067811865E-1));
#12154=DIRECTION('',(-7.071067811865E-1,0.E0,7.071067811865E-1));
#12155=AXIS2_PLACEMENT_3D('',#12152,#12153,#12154);
#12156=CYLINDRICAL_SURFACE('',#12155,1.E-1);
#12158=ORIENTED_EDGE('',*,*,#12157,.T.);
#12159=ORIENTED_EDGE('',*,*,#11878,.F.);
#12161=ORIENTED_EDGE('',*,*,#12160,.F.);
#12162=ORIENTED_EDGE('',*,*,#11874,.F.);
#12163=EDGE_LOOP('',(#12158,#12159,#12161,#12162));
#12164=FACE_OUTER_BOUND('',#12163,.F.);
#12166=CARTESIAN_POINT('',(1.268530483272E1,1.170798303866E1,1.284695167280E0));
#12167=DIRECTION('',(-6.993398236843E-1,-1.478094111296E-1,6.993398236843E-1));
#12168=DIRECTION('',(-1.045170369329E-1,9.890158633619E-1,1.045170369329E-1));
#12169=AXIS2_PLACEMENT_3D('',#12166,#12167,#12168);
#12170=PLANE('',#12169);
#12171=ORIENTED_EDGE('',*,*,#12157,.F.);
#12172=ORIENTED_EDGE('',*,*,#11880,.F.);
#12173=EDGE_LOOP('',(#12171,#12172));
#12174=FACE_OUTER_BOUND('',#12173,.F.);
#12176=CARTESIAN_POINT('',(1.264994949366E1,1.247113248654E1,1.320050506339E0));
#12177=DIRECTION('',(-3.535533905931E-1,8.660254037846E-1,3.535533905931E-1));
#12178=DIRECTION('',(6.123724356959E-1,4.999999999997E-1,-6.123724356959E-1));
#12179=AXIS2_PLACEMENT_3D('',#12176,#12177,#12178);
#12180=PLANE('',#12179);
#12181=ORIENTED_EDGE('',*,*,#12160,.T.);
#12182=ORIENTED_EDGE('',*,*,#11876,.F.);
#12183=EDGE_LOOP('',(#12181,#12182));
#12184=FACE_OUTER_BOUND('',#12183,.F.);
#12186=CARTESIAN_POINT('',(8.75E0,1.26E1,-4.1E0));
#12187=DIRECTION('',(0.E0,1.E0,0.E0));
#12188=DIRECTION('',(1.E0,0.E0,0.E0));
#12189=AXIS2_PLACEMENT_3D('',#12186,#12187,#12188);
#12190=CYLINDRICAL_SURFACE('',#12189,1.45E0);
#12192=ORIENTED_EDGE('',*,*,#12191,.F.);
#12194=ORIENTED_EDGE('',*,*,#12193,.T.);
#12196=ORIENTED_EDGE('',*,*,#12195,.F.);
#12197=ORIENTED_EDGE('',*,*,#9891,.F.);
#12198=EDGE_LOOP('',(#12192,#12194,#12196,#12197));
#12199=FACE_OUTER_BOUND('',#12198,.F.);
#12201=ORIENTED_EDGE('',*,*,#12200,.T.);
#12203=ORIENTED_EDGE('',*,*,#12202,.T.);
#12205=ORIENTED_EDGE('',*,*,#12204,.T.);
#12207=ORIENTED_EDGE('',*,*,#12206,.T.);
#12208=EDGE_LOOP('',(#12201,#12203,#12205,#12207));
#12209=FACE_BOUND('',#12208,.F.);
#12211=ORIENTED_EDGE('',*,*,#12210,.T.);
#12213=ORIENTED_EDGE('',*,*,#12212,.T.);
#12215=ORIENTED_EDGE('',*,*,#12214,.T.);
#12217=ORIENTED_EDGE('',*,*,#12216,.T.);
#12218=EDGE_LOOP('',(#12211,#12213,#12215,#12217));
#12219=FACE_BOUND('',#12218,.F.);
#12221=CARTESIAN_POINT('',(8.75E0,1.26E1,-4.1E0));
#12222=DIRECTION('',(0.E0,1.E0,0.E0));
#12223=DIRECTION('',(1.E0,0.E0,0.E0));
#12224=AXIS2_PLACEMENT_3D('',#12221,#12222,#12223);
#12225=CYLINDRICAL_SURFACE('',#12224,1.45E0);
#12226=ORIENTED_EDGE('',*,*,#12195,.T.);
#12228=ORIENTED_EDGE('',*,*,#12227,.T.);
#12229=ORIENTED_EDGE('',*,*,#12191,.T.);
#12230=ORIENTED_EDGE('',*,*,#9893,.F.);
#12231=EDGE_LOOP('',(#12226,#12228,#12229,#12230));
#12232=FACE_OUTER_BOUND('',#12231,.F.);
#12234=ORIENTED_EDGE('',*,*,#12233,.T.);
#12236=ORIENTED_EDGE('',*,*,#12235,.T.);
#12238=ORIENTED_EDGE('',*,*,#12237,.T.);
#12240=ORIENTED_EDGE('',*,*,#12239,.T.);
#12241=EDGE_LOOP('',(#12234,#12236,#12238,#12240));
#12242=FACE_BOUND('',#12241,.F.);
#12244=ORIENTED_EDGE('',*,*,#12243,.T.);
#12246=ORIENTED_EDGE('',*,*,#12245,.T.);
#12248=ORIENTED_EDGE('',*,*,#12247,.T.);
#12250=ORIENTED_EDGE('',*,*,#12249,.T.);
#12251=EDGE_LOOP('',(#12244,#12246,#12248,#12250));
#12252=FACE_BOUND('',#12251,.F.);
#12254=CARTESIAN_POINT('',(7.E0,1.074641E1,0.E0));
#12255=DIRECTION('',(0.E0,1.E0,0.E0));
#12256=DIRECTION('',(1.E0,0.E0,0.E0));
#12257=AXIS2_PLACEMENT_3D('',#12254,#12255,#12256);
#12258=PLANE('',#12257);
#12259=ORIENTED_EDGE('',*,*,#12193,.F.);
#12260=ORIENTED_EDGE('',*,*,#12227,.F.);
#12261=EDGE_LOOP('',(#12259,#12260));
#12262=FACE_OUTER_BOUND('',#12261,.F.);
#12264=ORIENTED_EDGE('',*,*,#12263,.F.);
#12266=ORIENTED_EDGE('',*,*,#12265,.F.);
#12267=EDGE_LOOP('',(#12264,#12266));
#12268=FACE_BOUND('',#12267,.F.);
#12270=ORIENTED_EDGE('',*,*,#12269,.F.);
#12272=ORIENTED_EDGE('',*,*,#12271,.F.);
#12273=EDGE_LOOP('',(#12270,#12272));
#12274=FACE_BOUND('',#12273,.F.);
#12276=CARTESIAN_POINT('',(8.75E0,1.134641E1,-4.1E0));
#12277=DIRECTION('',(0.E0,1.E0,0.E0));
#12278=DIRECTION('',(1.E0,0.E0,0.E0));
#12279=AXIS2_PLACEMENT_3D('',#12276,#12277,#12278);
#12280=CYLINDRICAL_SURFACE('',#12279,1.4E0);
#12282=ORIENTED_EDGE('',*,*,#12281,.F.);
#12284=ORIENTED_EDGE('',*,*,#12283,.F.);
#12285=ORIENTED_EDGE('',*,*,#12263,.T.);
#12287=ORIENTED_EDGE('',*,*,#12286,.T.);
#12288=EDGE_LOOP('',(#12282,#12284,#12285,#12287));
#12289=FACE_OUTER_BOUND('',#12288,.F.);
#12291=CARTESIAN_POINT('',(8.75E0,1.134641E1,-4.1E0));
#12292=DIRECTION('',(0.E0,1.E0,0.E0));
#12293=DIRECTION('',(1.E0,0.E0,0.E0));
#12294=AXIS2_PLACEMENT_3D('',#12291,#12292,#12293);
#12295=CYLINDRICAL_SURFACE('',#12294,1.4E0);
#12297=ORIENTED_EDGE('',*,*,#12296,.F.);
#12299=ORIENTED_EDGE('',*,*,#12298,.F.);
#12300=ORIENTED_EDGE('',*,*,#12269,.T.);
#12302=ORIENTED_EDGE('',*,*,#12301,.T.);
#12303=EDGE_LOOP('',(#12297,#12299,#12300,#12302));
#12304=FACE_OUTER_BOUND('',#12303,.F.);
#12306=CARTESIAN_POINT('',(8.75E0,1.114641E1,-4.1E0));
#12307=DIRECTION('',(0.E0,1.E0,0.E0));
#12308=DIRECTION('',(1.532696542765E-3,0.E0,-9.999988254200E-1));
#12309=AXIS2_PLACEMENT_3D('',#12306,#12307,#12308);
#12310=TOROIDAL_SURFACE('',#12309,1.2E0,2.E-1);
#12311=ORIENTED_EDGE('',*,*,#12281,.T.);
#12313=ORIENTED_EDGE('',*,*,#12312,.T.);
#12315=ORIENTED_EDGE('',*,*,#12314,.T.);
#12317=ORIENTED_EDGE('',*,*,#12316,.T.);
#12318=EDGE_LOOP('',(#12311,#12313,#12315,#12317));
#12319=FACE_OUTER_BOUND('',#12318,.F.);
#12321=CARTESIAN_POINT('',(8.45E0,1.134641E1,-5.467479433118E0));
#12322=DIRECTION('',(-1.E0,0.E0,0.E0));
#12323=DIRECTION('',(0.E0,0.E0,1.E0));
#12324=AXIS2_PLACEMENT_3D('',#12321,#12322,#12323);
#12325=PLANE('',#12324);
#12326=ORIENTED_EDGE('',*,*,#12312,.F.);
#12327=ORIENTED_EDGE('',*,*,#12286,.F.);
#12328=ORIENTED_EDGE('',*,*,#12265,.T.);
#12329=ORIENTED_EDGE('',*,*,#12283,.T.);
#12330=ORIENTED_EDGE('',*,*,#12316,.F.);
#12332=ORIENTED_EDGE('',*,*,#12331,.F.);
#12333=EDGE_LOOP('',(#12326,#12327,#12328,#12329,#12330,#12332));
#12334=FACE_OUTER_BOUND('',#12333,.F.);
#12336=CARTESIAN_POINT('',(7.E0,1.134641E1,0.E0));
#12337=DIRECTION('',(0.E0,1.E0,0.E0));
#12338=DIRECTION('',(1.E0,0.E0,0.E0));
#12339=AXIS2_PLACEMENT_3D('',#12336,#12337,#12338);
#12340=PLANE('',#12339);
#12341=ORIENTED_EDGE('',*,*,#12314,.F.);
#12342=ORIENTED_EDGE('',*,*,#12331,.T.);
#12343=EDGE_LOOP('',(#12341,#12342));
#12344=FACE_OUTER_BOUND('',#12343,.F.);
#12346=CARTESIAN_POINT('',(7.E0,1.134641E1,0.E0));
#12347=DIRECTION('',(0.E0,1.E0,0.E0));
#12348=DIRECTION('',(1.E0,0.E0,0.E0));
#12349=AXIS2_PLACEMENT_3D('',#12346,#12347,#12348);
#12350=PLANE('',#12349);
#12352=ORIENTED_EDGE('',*,*,#12351,.F.);
#12354=ORIENTED_EDGE('',*,*,#12353,.T.);
#12355=EDGE_LOOP('',(#12352,#12354));
#12356=FACE_OUTER_BOUND('',#12355,.F.);
#12358=CARTESIAN_POINT('',(8.75E0,1.114641E1,-4.1E0));
#12359=DIRECTION('',(0.E0,1.E0,0.E0));
#12360=DIRECTION('',(1.532696542765E-3,0.E0,-9.999988254200E-1));
#12361=AXIS2_PLACEMENT_3D('',#12358,#12359,#12360);
#12362=TOROIDAL_SURFACE('',#12361,1.2E0,2.E-1);
#12363=ORIENTED_EDGE('',*,*,#12296,.T.);
#12365=ORIENTED_EDGE('',*,*,#12364,.T.);
#12366=ORIENTED_EDGE('',*,*,#12351,.T.);
#12368=ORIENTED_EDGE('',*,*,#12367,.T.);
#12369=EDGE_LOOP('',(#12363,#12365,#12366,#12368));
#12370=FACE_OUTER_BOUND('',#12369,.F.);
#12372=CARTESIAN_POINT('',(9.05E0,1.134641E1,-2.732520566882E0));
#12373=DIRECTION('',(1.E0,0.E0,0.E0));
#12374=DIRECTION('',(0.E0,0.E0,-1.E0));
#12375=AXIS2_PLACEMENT_3D('',#12372,#12373,#12374);
#12376=PLANE('',#12375);
#12377=ORIENTED_EDGE('',*,*,#12364,.F.);
#12378=ORIENTED_EDGE('',*,*,#12301,.F.);
#12379=ORIENTED_EDGE('',*,*,#12271,.T.);
#12380=ORIENTED_EDGE('',*,*,#12298,.T.);
#12381=ORIENTED_EDGE('',*,*,#12367,.F.);
#12382=ORIENTED_EDGE('',*,*,#12353,.F.);
#12383=EDGE_LOOP('',(#12377,#12378,#12379,#12380,#12381,#12382));
#12384=FACE_OUTER_BOUND('',#12383,.F.);
#12386=CARTESIAN_POINT('',(-5.435304832720E0,1.238452994616E1,
-1.623469516728E1));
#12387=DIRECTION('',(7.071067811865E-1,0.E0,7.071067811865E-1));
#12388=DIRECTION('',(7.071067811865E-1,0.E0,-7.071067811865E-1));
#12389=AXIS2_PLACEMENT_3D('',#12386,#12387,#12388);
#12390=CYLINDRICAL_SURFACE('',#12389,1.E-1);
#12392=ORIENTED_EDGE('',*,*,#12391,.T.);
#12393=ORIENTED_EDGE('',*,*,#12237,.F.);
#12395=ORIENTED_EDGE('',*,*,#12394,.F.);
#12396=ORIENTED_EDGE('',*,*,#12233,.F.);
#12397=EDGE_LOOP('',(#12392,#12393,#12395,#12396));
#12398=FACE_OUTER_BOUND('',#12397,.F.);
#12400=CARTESIAN_POINT('',(-5.435304832720E0,1.170798303866E1,
-1.623469516728E1));
#12401=DIRECTION('',(6.993398236843E-1,-1.478094111296E-1,-6.993398236843E-1));
#12402=DIRECTION('',(1.045170369329E-1,9.890158633619E-1,-1.045170369329E-1));
#12403=AXIS2_PLACEMENT_3D('',#12400,#12401,#12402);
#12404=PLANE('',#12403);
#12405=ORIENTED_EDGE('',*,*,#12391,.F.);
#12406=ORIENTED_EDGE('',*,*,#12239,.F.);
#12407=EDGE_LOOP('',(#12405,#12406));
#12408=FACE_OUTER_BOUND('',#12407,.F.);
#12410=CARTESIAN_POINT('',(-5.399949493661E0,1.247113248654E1,
-1.627005050634E1));
#12411=DIRECTION('',(3.535533905931E-1,8.660254037846E-1,-3.535533905931E-1));
#12412=DIRECTION('',(-6.123724356959E-1,4.999999999997E-1,6.123724356959E-1));
#12413=AXIS2_PLACEMENT_3D('',#12410,#12411,#12412);
#12414=PLANE('',#12413);
#12415=ORIENTED_EDGE('',*,*,#12394,.T.);
#12416=ORIENTED_EDGE('',*,*,#12235,.F.);
#12417=EDGE_LOOP('',(#12415,#12416));
#12418=FACE_OUTER_BOUND('',#12417,.F.);
#12420=CARTESIAN_POINT('',(-3.384695167280E0,1.238452994616E1,
1.008530483272E1));
#12421=DIRECTION('',(7.071067811865E-1,0.E0,-7.071067811865E-1));
#12422=DIRECTION('',(-7.071067811865E-1,0.E0,-7.071067811865E-1));
#12423=AXIS2_PLACEMENT_3D('',#12420,#12421,#12422);
#12424=CYLINDRICAL_SURFACE('',#12423,1.E-1);
#12426=ORIENTED_EDGE('',*,*,#12425,.T.);
#12427=ORIENTED_EDGE('',*,*,#12247,.F.);
#12429=ORIENTED_EDGE('',*,*,#12428,.F.);
#12430=ORIENTED_EDGE('',*,*,#12243,.F.);
#12431=EDGE_LOOP('',(#12426,#12427,#12429,#12430));
#12432=FACE_OUTER_BOUND('',#12431,.F.);
#12434=CARTESIAN_POINT('',(-3.384695167280E0,1.170798303866E1,
1.008530483272E1));
#12435=DIRECTION('',(-6.993398236843E-1,-1.478094111296E-1,-6.993398236843E-1));
#12436=DIRECTION('',(-1.045170369329E-1,9.890158633619E-1,-1.045170369329E-1));
#12437=AXIS2_PLACEMENT_3D('',#12434,#12435,#12436);
#12438=PLANE('',#12437);
#12439=ORIENTED_EDGE('',*,*,#12425,.F.);
#12440=ORIENTED_EDGE('',*,*,#12249,.F.);
#12441=EDGE_LOOP('',(#12439,#12440));
#12442=FACE_OUTER_BOUND('',#12441,.F.);
#12444=CARTESIAN_POINT('',(-3.420050506339E0,1.247113248654E1,
1.004994949366E1));
#12445=DIRECTION('',(-3.535533905931E-1,8.660254037846E-1,-3.535533905931E-1));
#12446=DIRECTION('',(6.123724356959E-1,4.999999999997E-1,6.123724356959E-1));
#12447=AXIS2_PLACEMENT_3D('',#12444,#12445,#12446);
#12448=PLANE('',#12447);
#12449=ORIENTED_EDGE('',*,*,#12428,.T.);
#12450=ORIENTED_EDGE('',*,*,#12245,.F.);
#12451=EDGE_LOOP('',(#12449,#12450));
#12452=FACE_OUTER_BOUND('',#12451,.F.);
#12454=CARTESIAN_POINT('',(1.238469516728E1,1.238452994616E1,
-9.785304832720E0));
#12455=DIRECTION('',(-7.071067811865E-1,0.E0,7.071067811865E-1));
#12456=DIRECTION('',(7.071067811865E-1,0.E0,7.071067811865E-1));
#12457=AXIS2_PLACEMENT_3D('',#12454,#12455,#12456);
#12458=CYLINDRICAL_SURFACE('',#12457,1.E-1);
#12460=ORIENTED_EDGE('',*,*,#12459,.T.);
#12461=ORIENTED_EDGE('',*,*,#12204,.F.);
#12463=ORIENTED_EDGE('',*,*,#12462,.F.);
#12464=ORIENTED_EDGE('',*,*,#12200,.F.);
#12465=EDGE_LOOP('',(#12460,#12461,#12463,#12464));
#12466=FACE_OUTER_BOUND('',#12465,.F.);
#12468=CARTESIAN_POINT('',(1.238469516728E1,1.170798303866E1,
-9.785304832720E0));
#12469=DIRECTION('',(6.993398236843E-1,-1.478094111296E-1,6.993398236843E-1));
#12470=DIRECTION('',(1.045170369329E-1,9.890158633619E-1,1.045170369329E-1));
#12471=AXIS2_PLACEMENT_3D('',#12468,#12469,#12470);
#12472=PLANE('',#12471);
#12473=ORIENTED_EDGE('',*,*,#12459,.F.);
#12474=ORIENTED_EDGE('',*,*,#12206,.F.);
#12475=EDGE_LOOP('',(#12473,#12474));
#12476=FACE_OUTER_BOUND('',#12475,.F.);
#12478=CARTESIAN_POINT('',(1.242005050634E1,1.247113248654E1,
-9.749949493661E0));
#12479=DIRECTION('',(3.535533905931E-1,8.660254037846E-1,3.535533905931E-1));
#12480=DIRECTION('',(-6.123724356959E-1,4.999999999997E-1,-6.123724356959E-1));
#12481=AXIS2_PLACEMENT_3D('',#12478,#12479,#12480);
#12482=PLANE('',#12481);
#12483=ORIENTED_EDGE('',*,*,#12462,.T.);
#12484=ORIENTED_EDGE('',*,*,#12202,.F.);
#12485=EDGE_LOOP('',(#12483,#12484));
#12486=FACE_OUTER_BOUND('',#12485,.F.);
#12488=CARTESIAN_POINT('',(1.443530483272E1,1.238452994616E1,
-4.653048327205E-1));
#12489=DIRECTION('',(-7.071067811865E-1,0.E0,-7.071067811865E-1));
#12490=DIRECTION('',(-7.071067811865E-1,0.E0,7.071067811865E-1));
#12491=AXIS2_PLACEMENT_3D('',#12488,#12489,#12490);
#12492=CYLINDRICAL_SURFACE('',#12491,1.E-1);
#12494=ORIENTED_EDGE('',*,*,#12493,.T.);
#12495=ORIENTED_EDGE('',*,*,#12214,.F.);
#12497=ORIENTED_EDGE('',*,*,#12496,.F.);
#12498=ORIENTED_EDGE('',*,*,#12210,.F.);
#12499=EDGE_LOOP('',(#12494,#12495,#12497,#12498));
#12500=FACE_OUTER_BOUND('',#12499,.F.);
#12502=CARTESIAN_POINT('',(1.443530483272E1,1.170798303866E1,
-4.653048327205E-1));
#12503=DIRECTION('',(-6.993398236843E-1,-1.478094111296E-1,6.993398236843E-1));
#12504=DIRECTION('',(-1.045170369329E-1,9.890158633619E-1,1.045170369329E-1));
#12505=AXIS2_PLACEMENT_3D('',#12502,#12503,#12504);
#12506=PLANE('',#12505);
#12507=ORIENTED_EDGE('',*,*,#12493,.F.);
#12508=ORIENTED_EDGE('',*,*,#12216,.F.);
#12509=EDGE_LOOP('',(#12507,#12508));
#12510=FACE_OUTER_BOUND('',#12509,.F.);
#12512=CARTESIAN_POINT('',(1.439994949366E1,1.247113248654E1,
-4.299494936612E-1));
#12513=DIRECTION('',(-3.535533905931E-1,8.660254037846E-1,3.535533905931E-1));
#12514=DIRECTION('',(6.123724356959E-1,4.999999999997E-1,-6.123724356959E-1));
#12515=AXIS2_PLACEMENT_3D('',#12512,#12513,#12514);
#12516=PLANE('',#12515);
#12517=ORIENTED_EDGE('',*,*,#12496,.T.);
#12518=ORIENTED_EDGE('',*,*,#12212,.F.);
#12519=EDGE_LOOP('',(#12517,#12518));
#12520=FACE_OUTER_BOUND('',#12519,.F.);
#12522=CARTESIAN_POINT('',(-2.660178571429E1,4.05E0,0.E0));
#12523=DIRECTION('',(0.E0,0.E0,1.E0));
#12524=DIRECTION('',(1.E0,0.E0,0.E0));
#12525=AXIS2_PLACEMENT_3D('',#12522,#12523,#12524);
#12526=CYLINDRICAL_SURFACE('',#12525,1.940178571429E1);
#12528=ORIENTED_EDGE('',*,*,#12527,.T.);
#12530=ORIENTED_EDGE('',*,*,#12529,.F.);
#12532=ORIENTED_EDGE('',*,*,#12531,.T.);
#12534=ORIENTED_EDGE('',*,*,#12533,.F.);
#12535=ORIENTED_EDGE('',*,*,#9599,.F.);
#12537=ORIENTED_EDGE('',*,*,#12536,.F.);
#12539=ORIENTED_EDGE('',*,*,#12538,.F.);
#12541=ORIENTED_EDGE('',*,*,#12540,.F.);
#12543=ORIENTED_EDGE('',*,*,#12542,.T.);
#12545=ORIENTED_EDGE('',*,*,#12544,.F.);
#12547=ORIENTED_EDGE('',*,*,#12546,.F.);
#12548=EDGE_LOOP('',(#12528,#12530,#12532,#12534,#12535,#12537,#12539,#12541,
#12543,#12545,#12547));
#12549=FACE_OUTER_BOUND('',#12548,.F.);
#12551=CARTESIAN_POINT('',(1.05E1,5.666919739696E0,-1.337852494577E0));
#12552=DIRECTION('',(0.E0,5.661605206074E-1,-8.242950108460E-1));
#12553=DIRECTION('',(0.E0,8.242950108460E-1,5.661605206074E-1));
#12554=AXIS2_PLACEMENT_3D('',#12551,#12552,#12553);
#12555=PLANE('',#12554);
#12556=ORIENTED_EDGE('',*,*,#12527,.F.);
#12558=ORIENTED_EDGE('',*,*,#12557,.F.);
#12560=ORIENTED_EDGE('',*,*,#12559,.F.);
#12562=ORIENTED_EDGE('',*,*,#12561,.F.);
#12564=ORIENTED_EDGE('',*,*,#12563,.T.);
#12565=EDGE_LOOP('',(#12556,#12558,#12560,#12562,#12564));
#12566=FACE_OUTER_BOUND('',#12565,.F.);
#12568=CARTESIAN_POINT('',(1.05E1,5.666919739696E0,-1.337852494577E0));
#12569=DIRECTION('',(0.E0,5.661605206074E-1,-8.242950108460E-1));
#12570=DIRECTION('',(0.E0,8.242950108460E-1,5.661605206074E-1));
#12571=AXIS2_PLACEMENT_3D('',#12568,#12569,#12570);
#12572=PLANE('',#12571);
#12574=ORIENTED_EDGE('',*,*,#12573,.F.);
#12576=ORIENTED_EDGE('',*,*,#12575,.F.);
#12578=ORIENTED_EDGE('',*,*,#12577,.F.);
#12580=ORIENTED_EDGE('',*,*,#12579,.F.);
#12582=ORIENTED_EDGE('',*,*,#12581,.F.);
#12584=ORIENTED_EDGE('',*,*,#12583,.T.);
#12585=EDGE_LOOP('',(#12574,#12576,#12578,#12580,#12582,#12584));
#12586=FACE_OUTER_BOUND('',#12585,.F.);
#12588=CARTESIAN_POINT('',(1.05E1,5.666919739696E0,-1.337852494577E0));
#12589=DIRECTION('',(0.E0,5.661605206074E-1,-8.242950108460E-1));
#12590=DIRECTION('',(0.E0,8.242950108460E-1,5.661605206074E-1));
#12591=AXIS2_PLACEMENT_3D('',#12588,#12589,#12590);
#12592=PLANE('',#12591);
#12594=ORIENTED_EDGE('',*,*,#12593,.F.);
#12596=ORIENTED_EDGE('',*,*,#12595,.F.);
#12598=ORIENTED_EDGE('',*,*,#12597,.F.);
#12600=ORIENTED_EDGE('',*,*,#12599,.F.);
#12602=ORIENTED_EDGE('',*,*,#12601,.F.);
#12604=ORIENTED_EDGE('',*,*,#12603,.T.);
#12605=EDGE_LOOP('',(#12594,#12596,#12598,#12600,#12602,#12604));
#12606=FACE_OUTER_BOUND('',#12605,.F.);
#12608=CARTESIAN_POINT('',(1.05E1,5.666919739696E0,-1.337852494577E0));
#12609=DIRECTION('',(0.E0,5.661605206074E-1,-8.242950108460E-1));
#12610=DIRECTION('',(0.E0,8.242950108460E-1,5.661605206074E-1));
#12611=AXIS2_PLACEMENT_3D('',#12608,#12609,#12610);
#12612=PLANE('',#12611);
#12614=ORIENTED_EDGE('',*,*,#12613,.F.);
#12616=ORIENTED_EDGE('',*,*,#12615,.F.);
#12618=ORIENTED_EDGE('',*,*,#12617,.F.);
#12620=ORIENTED_EDGE('',*,*,#12619,.F.);
#12622=ORIENTED_EDGE('',*,*,#12621,.F.);
#12624=ORIENTED_EDGE('',*,*,#12623,.T.);
#12625=EDGE_LOOP('',(#12614,#12616,#12618,#12620,#12622,#12624));
#12626=FACE_OUTER_BOUND('',#12625,.F.);
#12628=CARTESIAN_POINT('',(1.05E1,5.666919739696E0,-1.337852494577E0));
#12629=DIRECTION('',(0.E0,5.661605206074E-1,-8.242950108460E-1));
#12630=DIRECTION('',(0.E0,8.242950108460E-1,5.661605206074E-1));
#12631=AXIS2_PLACEMENT_3D('',#12628,#12629,#12630);
#12632=PLANE('',#12631);
#12634=ORIENTED_EDGE('',*,*,#12633,.F.);
#12636=ORIENTED_EDGE('',*,*,#12635,.T.);
#12638=ORIENTED_EDGE('',*,*,#12637,.F.);
#12640=ORIENTED_EDGE('',*,*,#12639,.F.);
#12642=ORIENTED_EDGE('',*,*,#12641,.F.);
#12643=EDGE_LOOP('',(#12634,#12636,#12638,#12640,#12642));
#12644=FACE_OUTER_BOUND('',#12643,.F.);
#12646=CARTESIAN_POINT('',(1.05E1,5.666919739696E0,-1.337852494577E0));
#12647=DIRECTION('',(0.E0,5.661605206074E-1,-8.242950108460E-1));
#12648=DIRECTION('',(0.E0,8.242950108460E-1,5.661605206074E-1));
#12649=AXIS2_PLACEMENT_3D('',#12646,#12647,#12648);
#12650=PLANE('',#12649);
#12652=ORIENTED_EDGE('',*,*,#12651,.F.);
#12654=ORIENTED_EDGE('',*,*,#12653,.F.);
#12656=ORIENTED_EDGE('',*,*,#12655,.F.);
#12658=ORIENTED_EDGE('',*,*,#12657,.F.);
#12660=ORIENTED_EDGE('',*,*,#12659,.F.);
#12662=ORIENTED_EDGE('',*,*,#12661,.T.);
#12663=EDGE_LOOP('',(#12652,#12654,#12656,#12658,#12660,#12662));
#12664=FACE_OUTER_BOUND('',#12663,.F.);
#12666=CARTESIAN_POINT('',(-8.2E0,1.401E1,-5.316507068989E-1));
#12667=DIRECTION('',(0.E0,-1.E0,0.E0));
#12668=DIRECTION('',(1.E0,0.E0,0.E0));
#12669=AXIS2_PLACEMENT_3D('',#12666,#12667,#12668);
#12670=CYLINDRICAL_SURFACE('',#12669,1.E0);
#12671=ORIENTED_EDGE('',*,*,#12546,.T.);
#12672=ORIENTED_EDGE('',*,*,#12544,.T.);
#12674=ORIENTED_EDGE('',*,*,#12673,.F.);
#12676=ORIENTED_EDGE('',*,*,#12675,.F.);
#12678=ORIENTED_EDGE('',*,*,#12677,.F.);
#12680=ORIENTED_EDGE('',*,*,#12679,.F.);
#12681=ORIENTED_EDGE('',*,*,#12557,.T.);
#12682=EDGE_LOOP('',(#12671,#12672,#12674,#12676,#12678,#12680,#12681));
#12683=FACE_OUTER_BOUND('',#12682,.F.);
#12685=CARTESIAN_POINT('',(1.05E1,1.736767895879E0,-8.595958442745E-1));
#12686=DIRECTION('',(0.E0,-5.661605206074E-1,-8.242950108460E-1));
#12687=DIRECTION('',(0.E0,8.242950108460E-1,-5.661605206074E-1));
#12688=AXIS2_PLACEMENT_3D('',#12685,#12686,#12687);
#12689=PLANE('',#12688);
#12690=ORIENTED_EDGE('',*,*,#12542,.F.);
#12692=ORIENTED_EDGE('',*,*,#12691,.F.);
#12694=ORIENTED_EDGE('',*,*,#12693,.T.);
#12696=ORIENTED_EDGE('',*,*,#12695,.T.);
#12697=ORIENTED_EDGE('',*,*,#12673,.T.);
#12698=EDGE_LOOP('',(#12690,#12692,#12694,#12696,#12697));
#12699=FACE_OUTER_BOUND('',#12698,.F.);
#12701=CARTESIAN_POINT('',(1.05E1,1.736767895879E0,-8.595958442745E-1));
#12702=DIRECTION('',(0.E0,-5.661605206074E-1,-8.242950108460E-1));
#12703=DIRECTION('',(0.E0,8.242950108460E-1,-5.661605206074E-1));
#12704=AXIS2_PLACEMENT_3D('',#12701,#12702,#12703);
#12705=PLANE('',#12704);
#12707=ORIENTED_EDGE('',*,*,#12706,.F.);
#12709=ORIENTED_EDGE('',*,*,#12708,.F.);
#12711=ORIENTED_EDGE('',*,*,#12710,.F.);
#12713=ORIENTED_EDGE('',*,*,#12712,.T.);
#12715=ORIENTED_EDGE('',*,*,#12714,.T.);
#12717=ORIENTED_EDGE('',*,*,#12716,.T.);
#12718=EDGE_LOOP('',(#12707,#12709,#12711,#12713,#12715,#12717));
#12719=FACE_OUTER_BOUND('',#12718,.F.);
#12721=CARTESIAN_POINT('',(1.05E1,1.736767895879E0,-8.595958442745E-1));
#12722=DIRECTION('',(0.E0,-5.661605206074E-1,-8.242950108460E-1));
#12723=DIRECTION('',(0.E0,8.242950108460E-1,-5.661605206074E-1));
#12724=AXIS2_PLACEMENT_3D('',#12721,#12722,#12723);
#12725=PLANE('',#12724);
#12727=ORIENTED_EDGE('',*,*,#12726,.F.);
#12729=ORIENTED_EDGE('',*,*,#12728,.F.);
#12731=ORIENTED_EDGE('',*,*,#12730,.F.);
#12733=ORIENTED_EDGE('',*,*,#12732,.T.);
#12735=ORIENTED_EDGE('',*,*,#12734,.T.);
#12737=ORIENTED_EDGE('',*,*,#12736,.T.);
#12738=EDGE_LOOP('',(#12727,#12729,#12731,#12733,#12735,#12737));
#12739=FACE_OUTER_BOUND('',#12738,.F.);
#12741=CARTESIAN_POINT('',(1.05E1,1.736767895879E0,-8.595958442745E-1));
#12742=DIRECTION('',(0.E0,-5.661605206074E-1,-8.242950108460E-1));
#12743=DIRECTION('',(0.E0,8.242950108460E-1,-5.661605206074E-1));
#12744=AXIS2_PLACEMENT_3D('',#12741,#12742,#12743);
#12745=PLANE('',#12744);
#12747=ORIENTED_EDGE('',*,*,#12746,.F.);
#12749=ORIENTED_EDGE('',*,*,#12748,.F.);
#12751=ORIENTED_EDGE('',*,*,#12750,.F.);
#12753=ORIENTED_EDGE('',*,*,#12752,.T.);
#12755=ORIENTED_EDGE('',*,*,#12754,.T.);
#12757=ORIENTED_EDGE('',*,*,#12756,.T.);
#12758=EDGE_LOOP('',(#12747,#12749,#12751,#12753,#12755,#12757));
#12759=FACE_OUTER_BOUND('',#12758,.F.);
#12761=CARTESIAN_POINT('',(1.05E1,1.736767895879E0,-8.595958442745E-1));
#12762=DIRECTION('',(0.E0,-5.661605206074E-1,-8.242950108460E-1));
#12763=DIRECTION('',(0.E0,8.242950108460E-1,-5.661605206074E-1));
#12764=AXIS2_PLACEMENT_3D('',#12761,#12762,#12763);
#12765=PLANE('',#12764);
#12767=ORIENTED_EDGE('',*,*,#12766,.F.);
#12769=ORIENTED_EDGE('',*,*,#12768,.T.);
#12771=ORIENTED_EDGE('',*,*,#12770,.T.);
#12773=ORIENTED_EDGE('',*,*,#12772,.T.);
#12775=ORIENTED_EDGE('',*,*,#12774,.F.);
#12776=EDGE_LOOP('',(#12767,#12769,#12771,#12773,#12775));
#12777=FACE_OUTER_BOUND('',#12776,.F.);
#12779=CARTESIAN_POINT('',(1.05E1,1.736767895879E0,-8.595958442745E-1));
#12780=DIRECTION('',(0.E0,-5.661605206074E-1,-8.242950108460E-1));
#12781=DIRECTION('',(0.E0,8.242950108460E-1,-5.661605206074E-1));
#12782=AXIS2_PLACEMENT_3D('',#12779,#12780,#12781);
#12783=PLANE('',#12782);
#12785=ORIENTED_EDGE('',*,*,#12784,.F.);
#12787=ORIENTED_EDGE('',*,*,#12786,.F.);
#12789=ORIENTED_EDGE('',*,*,#12788,.F.);
#12791=ORIENTED_EDGE('',*,*,#12790,.T.);
#12793=ORIENTED_EDGE('',*,*,#12792,.T.);
#12795=ORIENTED_EDGE('',*,*,#12794,.T.);
#12796=EDGE_LOOP('',(#12785,#12787,#12789,#12791,#12793,#12795));
#12797=FACE_OUTER_BOUND('',#12796,.F.);
#12799=CARTESIAN_POINT('',(1.05E1,1.85E0,-6.947368421053E-1));
#12800=DIRECTION('',(1.E0,0.E0,0.E0));
#12801=DIRECTION('',(0.E0,-1.E0,0.E0));
#12802=AXIS2_PLACEMENT_3D('',#12799,#12800,#12801);
#12803=CYLINDRICAL_SURFACE('',#12802,2.E-1);
#12804=ORIENTED_EDGE('',*,*,#12540,.T.);
#12806=ORIENTED_EDGE('',*,*,#12805,.T.);
#12808=ORIENTED_EDGE('',*,*,#12807,.T.);
#12810=ORIENTED_EDGE('',*,*,#12809,.T.);
#12811=ORIENTED_EDGE('',*,*,#12691,.T.);
#12812=EDGE_LOOP('',(#12804,#12806,#12808,#12810,#12811));
#12813=FACE_OUTER_BOUND('',#12812,.F.);
#12815=CARTESIAN_POINT('',(1.05E1,1.85E0,-6.947368421053E-1));
#12816=DIRECTION('',(1.E0,0.E0,0.E0));
#12817=DIRECTION('',(0.E0,-1.E0,0.E0));
#12818=AXIS2_PLACEMENT_3D('',#12815,#12816,#12817);
#12819=CYLINDRICAL_SURFACE('',#12818,2.E-1);
#12821=ORIENTED_EDGE('',*,*,#12820,.T.);
#12823=ORIENTED_EDGE('',*,*,#12822,.T.);
#12825=ORIENTED_EDGE('',*,*,#12824,.T.);
#12826=ORIENTED_EDGE('',*,*,#12708,.T.);
#12827=EDGE_LOOP('',(#12821,#12823,#12825,#12826));
#12828=FACE_OUTER_BOUND('',#12827,.F.);
#12830=CARTESIAN_POINT('',(1.05E1,1.85E0,-6.947368421053E-1));
#12831=DIRECTION('',(1.E0,0.E0,0.E0));
#12832=DIRECTION('',(0.E0,-1.E0,0.E0));
#12833=AXIS2_PLACEMENT_3D('',#12830,#12831,#12832);
#12834=CYLINDRICAL_SURFACE('',#12833,2.E-1);
#12836=ORIENTED_EDGE('',*,*,#12835,.T.);
#12838=ORIENTED_EDGE('',*,*,#12837,.T.);
#12840=ORIENTED_EDGE('',*,*,#12839,.T.);
#12841=ORIENTED_EDGE('',*,*,#12728,.T.);
#12842=EDGE_LOOP('',(#12836,#12838,#12840,#12841));
#12843=FACE_OUTER_BOUND('',#12842,.F.);
#12845=CARTESIAN_POINT('',(1.05E1,1.85E0,-6.947368421053E-1));
#12846=DIRECTION('',(1.E0,0.E0,0.E0));
#12847=DIRECTION('',(0.E0,-1.E0,0.E0));
#12848=AXIS2_PLACEMENT_3D('',#12845,#12846,#12847);
#12849=CYLINDRICAL_SURFACE('',#12848,2.E-1);
#12851=ORIENTED_EDGE('',*,*,#12850,.T.);
#12853=ORIENTED_EDGE('',*,*,#12852,.T.);
#12855=ORIENTED_EDGE('',*,*,#12854,.T.);
#12856=ORIENTED_EDGE('',*,*,#12748,.T.);
#12857=EDGE_LOOP('',(#12851,#12853,#12855,#12856));
#12858=FACE_OUTER_BOUND('',#12857,.F.);
#12860=CARTESIAN_POINT('',(1.05E1,1.85E0,-6.947368421053E-1));
#12861=DIRECTION('',(1.E0,0.E0,0.E0));
#12862=DIRECTION('',(0.E0,-1.E0,0.E0));
#12863=AXIS2_PLACEMENT_3D('',#12860,#12861,#12862);
#12864=CYLINDRICAL_SURFACE('',#12863,2.E-1);
#12866=ORIENTED_EDGE('',*,*,#12865,.T.);
#12867=ORIENTED_EDGE('',*,*,#12774,.T.);
#12869=ORIENTED_EDGE('',*,*,#12868,.T.);
#12871=ORIENTED_EDGE('',*,*,#12870,.T.);
#12873=ORIENTED_EDGE('',*,*,#12872,.T.);
#12874=EDGE_LOOP('',(#12866,#12867,#12869,#12871,#12873));
#12875=FACE_OUTER_BOUND('',#12874,.F.);
#12877=CARTESIAN_POINT('',(1.05E1,1.85E0,-6.947368421053E-1));
#12878=DIRECTION('',(1.E0,0.E0,0.E0));
#12879=DIRECTION('',(0.E0,-1.E0,0.E0));
#12880=AXIS2_PLACEMENT_3D('',#12877,#12878,#12879);
#12881=CYLINDRICAL_SURFACE('',#12880,2.E-1);
#12883=ORIENTED_EDGE('',*,*,#12882,.T.);
#12885=ORIENTED_EDGE('',*,*,#12884,.T.);
#12887=ORIENTED_EDGE('',*,*,#12886,.T.);
#12888=ORIENTED_EDGE('',*,*,#12786,.T.);
#12889=EDGE_LOOP('',(#12883,#12885,#12887,#12888));
#12890=FACE_OUTER_BOUND('',#12889,.F.);
#12892=CARTESIAN_POINT('',(1.05E1,1.65E0,-2.E-1));
#12893=DIRECTION('',(0.E0,-1.E0,0.E0));
#12894=DIRECTION('',(0.E0,0.E0,-1.E0));
#12895=AXIS2_PLACEMENT_3D('',#12892,#12893,#12894);
#12896=PLANE('',#12895);
#12897=ORIENTED_EDGE('',*,*,#12538,.T.);
#12899=ORIENTED_EDGE('',*,*,#12898,.T.);
#12901=ORIENTED_EDGE('',*,*,#12900,.F.);
#12902=ORIENTED_EDGE('',*,*,#12805,.F.);
#12903=EDGE_LOOP('',(#12897,#12899,#12901,#12902));
#12904=FACE_OUTER_BOUND('',#12903,.F.);
#12906=CARTESIAN_POINT('',(1.05E1,1.65E0,-2.E-1));
#12907=DIRECTION('',(0.E0,-1.E0,0.E0));
#12908=DIRECTION('',(0.E0,0.E0,-1.E0));
#12909=AXIS2_PLACEMENT_3D('',#12906,#12907,#12908);
#12910=PLANE('',#12909);
#12912=ORIENTED_EDGE('',*,*,#12911,.T.);
#12914=ORIENTED_EDGE('',*,*,#12913,.T.);
#12916=ORIENTED_EDGE('',*,*,#12915,.F.);
#12917=ORIENTED_EDGE('',*,*,#12822,.F.);
#12918=EDGE_LOOP('',(#12912,#12914,#12916,#12917));
#12919=FACE_OUTER_BOUND('',#12918,.F.);
#12921=CARTESIAN_POINT('',(1.05E1,1.65E0,-2.E-1));
#12922=DIRECTION('',(0.E0,-1.E0,0.E0));
#12923=DIRECTION('',(0.E0,0.E0,-1.E0));
#12924=AXIS2_PLACEMENT_3D('',#12921,#12922,#12923);
#12925=PLANE('',#12924);
#12927=ORIENTED_EDGE('',*,*,#12926,.T.);
#12929=ORIENTED_EDGE('',*,*,#12928,.T.);
#12931=ORIENTED_EDGE('',*,*,#12930,.F.);
#12932=ORIENTED_EDGE('',*,*,#12837,.F.);
#12933=EDGE_LOOP('',(#12927,#12929,#12931,#12932));
#12934=FACE_OUTER_BOUND('',#12933,.F.);
#12936=CARTESIAN_POINT('',(1.05E1,1.65E0,-2.E-1));
#12937=DIRECTION('',(0.E0,-1.E0,0.E0));
#12938=DIRECTION('',(0.E0,0.E0,-1.E0));
#12939=AXIS2_PLACEMENT_3D('',#12936,#12937,#12938);
#12940=PLANE('',#12939);
#12942=ORIENTED_EDGE('',*,*,#12941,.T.);
#12944=ORIENTED_EDGE('',*,*,#12943,.T.);
#12946=ORIENTED_EDGE('',*,*,#12945,.F.);
#12947=ORIENTED_EDGE('',*,*,#12852,.F.);
#12948=EDGE_LOOP('',(#12942,#12944,#12946,#12947));
#12949=FACE_OUTER_BOUND('',#12948,.F.);
#12951=CARTESIAN_POINT('',(1.05E1,1.65E0,-2.E-1));
#12952=DIRECTION('',(0.E0,-1.E0,0.E0));
#12953=DIRECTION('',(0.E0,0.E0,-1.E0));
#12954=AXIS2_PLACEMENT_3D('',#12951,#12952,#12953);
#12955=PLANE('',#12954);
#12957=ORIENTED_EDGE('',*,*,#12956,.F.);
#12958=ORIENTED_EDGE('',*,*,#12872,.F.);
#12960=ORIENTED_EDGE('',*,*,#12959,.T.);
#12962=ORIENTED_EDGE('',*,*,#12961,.T.);
#12963=EDGE_LOOP('',(#12957,#12958,#12960,#12962));
#12964=FACE_OUTER_BOUND('',#12963,.F.);
#12966=CARTESIAN_POINT('',(1.05E1,1.65E0,-2.E-1));
#12967=DIRECTION('',(0.E0,-1.E0,0.E0));
#12968=DIRECTION('',(0.E0,0.E0,-1.E0));
#12969=AXIS2_PLACEMENT_3D('',#12966,#12967,#12968);
#12970=PLANE('',#12969);
#12972=ORIENTED_EDGE('',*,*,#12971,.T.);
#12974=ORIENTED_EDGE('',*,*,#12973,.T.);
#12976=ORIENTED_EDGE('',*,*,#12975,.F.);
#12977=ORIENTED_EDGE('',*,*,#12884,.F.);
#12978=EDGE_LOOP('',(#12972,#12974,#12976,#12977));
#12979=FACE_OUTER_BOUND('',#12978,.F.);
#12981=CARTESIAN_POINT('',(1.05E1,1.45E0,-2.E-1));
#12982=DIRECTION('',(1.E0,0.E0,0.E0));
#12983=DIRECTION('',(0.E0,-1.E0,0.E0));
#12984=AXIS2_PLACEMENT_3D('',#12981,#12982,#12983);
#12985=CYLINDRICAL_SURFACE('',#12984,2.E-1);
#12986=ORIENTED_EDGE('',*,*,#12536,.T.);
#12987=ORIENTED_EDGE('',*,*,#9609,.F.);
#12989=ORIENTED_EDGE('',*,*,#12988,.T.);
#12990=ORIENTED_EDGE('',*,*,#12898,.F.);
#12991=EDGE_LOOP('',(#12986,#12987,#12989,#12990));
#12992=FACE_OUTER_BOUND('',#12991,.F.);
#12994=CARTESIAN_POINT('',(1.05E1,1.45E0,-2.E-1));
#12995=DIRECTION('',(1.E0,0.E0,0.E0));
#12996=DIRECTION('',(0.E0,-1.E0,0.E0));
#12997=AXIS2_PLACEMENT_3D('',#12994,#12995,#12996);
#12998=CYLINDRICAL_SURFACE('',#12997,2.E-1);
#13000=ORIENTED_EDGE('',*,*,#12999,.T.);
#13001=ORIENTED_EDGE('',*,*,#9613,.F.);
#13003=ORIENTED_EDGE('',*,*,#13002,.T.);
#13004=ORIENTED_EDGE('',*,*,#12913,.F.);
#13005=EDGE_LOOP('',(#13000,#13001,#13003,#13004));
#13006=FACE_OUTER_BOUND('',#13005,.F.);
#13008=CARTESIAN_POINT('',(1.05E1,1.45E0,-2.E-1));
#13009=DIRECTION('',(1.E0,0.E0,0.E0));
#13010=DIRECTION('',(0.E0,-1.E0,0.E0));
#13011=AXIS2_PLACEMENT_3D('',#13008,#13009,#13010);
#13012=CYLINDRICAL_SURFACE('',#13011,2.E-1);
#13014=ORIENTED_EDGE('',*,*,#13013,.T.);
#13015=ORIENTED_EDGE('',*,*,#9623,.F.);
#13017=ORIENTED_EDGE('',*,*,#13016,.T.);
#13018=ORIENTED_EDGE('',*,*,#12928,.F.);
#13019=EDGE_LOOP('',(#13014,#13015,#13017,#13018));
#13020=FACE_OUTER_BOUND('',#13019,.F.);
#13022=CARTESIAN_POINT('',(1.05E1,1.45E0,-2.E-1));
#13023=DIRECTION('',(1.E0,0.E0,0.E0));
#13024=DIRECTION('',(0.E0,-1.E0,0.E0));
#13025=AXIS2_PLACEMENT_3D('',#13022,#13023,#13024);
#13026=CYLINDRICAL_SURFACE('',#13025,2.E-1);
#13028=ORIENTED_EDGE('',*,*,#13027,.T.);
#13029=ORIENTED_EDGE('',*,*,#9633,.F.);
#13031=ORIENTED_EDGE('',*,*,#13030,.T.);
#13032=ORIENTED_EDGE('',*,*,#12943,.F.);
#13033=EDGE_LOOP('',(#13028,#13029,#13031,#13032));
#13034=FACE_OUTER_BOUND('',#13033,.F.);
#13036=CARTESIAN_POINT('',(1.05E1,1.45E0,-2.E-1));
#13037=DIRECTION('',(1.E0,0.E0,0.E0));
#13038=DIRECTION('',(0.E0,-1.E0,0.E0));
#13039=AXIS2_PLACEMENT_3D('',#13036,#13037,#13038);
#13040=CYLINDRICAL_SURFACE('',#13039,2.E-1);
#13042=ORIENTED_EDGE('',*,*,#13041,.T.);
#13043=ORIENTED_EDGE('',*,*,#12961,.F.);
#13045=ORIENTED_EDGE('',*,*,#13044,.T.);
#13046=ORIENTED_EDGE('',*,*,#9657,.F.);
#13047=EDGE_LOOP('',(#13042,#13043,#13045,#13046));
#13048=FACE_OUTER_BOUND('',#13047,.F.);
#13050=CARTESIAN_POINT('',(1.05E1,1.45E0,-2.E-1));
#13051=DIRECTION('',(1.E0,0.E0,0.E0));
#13052=DIRECTION('',(0.E0,-1.E0,0.E0));
#13053=AXIS2_PLACEMENT_3D('',#13050,#13051,#13052);
#13054=CYLINDRICAL_SURFACE('',#13053,2.E-1);
#13056=ORIENTED_EDGE('',*,*,#13055,.T.);
#13057=ORIENTED_EDGE('',*,*,#9643,.F.);
#13059=ORIENTED_EDGE('',*,*,#13058,.T.);
#13060=ORIENTED_EDGE('',*,*,#12973,.F.);
#13061=EDGE_LOOP('',(#13056,#13057,#13059,#13060));
#13062=FACE_OUTER_BOUND('',#13061,.F.);
#13064=CARTESIAN_POINT('',(9.331785714286E0,4.05E0,0.E0));
#13065=DIRECTION('',(0.E0,0.E0,1.E0));
#13066=DIRECTION('',(1.E0,0.E0,0.E0));
#13067=AXIS2_PLACEMENT_3D('',#13064,#13065,#13066);
#13068=CYLINDRICAL_SURFACE('',#13067,1.940178571429E1);
#13069=ORIENTED_EDGE('',*,*,#12988,.F.);
#13070=ORIENTED_EDGE('',*,*,#9607,.T.);
#13072=ORIENTED_EDGE('',*,*,#13071,.F.);
#13074=ORIENTED_EDGE('',*,*,#13073,.F.);
#13075=ORIENTED_EDGE('',*,*,#12807,.F.);
#13076=ORIENTED_EDGE('',*,*,#12900,.T.);
#13077=EDGE_LOOP('',(#13069,#13070,#13072,#13074,#13075,#13076));
#13078=FACE_OUTER_BOUND('',#13077,.F.);
#13080=CARTESIAN_POINT('',(-9.97E0,0.E0,-4.840301433396E-1));
#13081=DIRECTION('',(1.E0,0.E0,0.E0));
#13082=DIRECTION('',(0.E0,0.E0,1.E0));
#13083=AXIS2_PLACEMENT_3D('',#13080,#13081,#13082);
#13084=PLANE('',#13083);
#13085=ORIENTED_EDGE('',*,*,#9605,.T.);
#13087=ORIENTED_EDGE('',*,*,#13086,.F.);
#13089=ORIENTED_EDGE('',*,*,#13088,.F.);
#13090=ORIENTED_EDGE('',*,*,#13071,.T.);
#13091=EDGE_LOOP('',(#13085,#13087,#13089,#13090));
#13092=FACE_OUTER_BOUND('',#13091,.F.);
#13094=CARTESIAN_POINT('',(9.331785714286E0,4.05E0,0.E0));
#13095=DIRECTION('',(0.E0,0.E0,1.E0));
#13096=DIRECTION('',(1.E0,0.E0,0.E0));
#13097=AXIS2_PLACEMENT_3D('',#13094,#13095,#13096);
#13098=CYLINDRICAL_SURFACE('',#13097,1.940178571429E1);
#13100=ORIENTED_EDGE('',*,*,#13099,.F.);
#13102=ORIENTED_EDGE('',*,*,#13101,.F.);
#13103=ORIENTED_EDGE('',*,*,#13086,.T.);
#13104=ORIENTED_EDGE('',*,*,#9603,.T.);
#13106=ORIENTED_EDGE('',*,*,#13105,.F.);
#13108=ORIENTED_EDGE('',*,*,#13107,.F.);
#13109=EDGE_LOOP('',(#13100,#13102,#13103,#13104,#13106,#13108));
#13110=FACE_OUTER_BOUND('',#13109,.F.);
#13112=CARTESIAN_POINT('',(1.05E1,6.25E0,-6.947368421053E-1));
#13113=DIRECTION('',(1.E0,0.E0,0.E0));
#13114=DIRECTION('',(0.E0,-1.E0,0.E0));
#13115=AXIS2_PLACEMENT_3D('',#13112,#13113,#13114);
#13116=CYLINDRICAL_SURFACE('',#13115,2.E-1);
#13117=ORIENTED_EDGE('',*,*,#12529,.T.);
#13118=ORIENTED_EDGE('',*,*,#12563,.F.);
#13120=ORIENTED_EDGE('',*,*,#13119,.T.);
#13121=ORIENTED_EDGE('',*,*,#13099,.T.);
#13123=ORIENTED_EDGE('',*,*,#13122,.T.);
#13124=EDGE_LOOP('',(#13117,#13118,#13120,#13121,#13123));
#13125=FACE_OUTER_BOUND('',#13124,.F.);
#13127=CARTESIAN_POINT('',(1.05E1,6.25E0,-6.947368421053E-1));
#13128=DIRECTION('',(1.E0,0.E0,0.E0));
#13129=DIRECTION('',(0.E0,-1.E0,0.E0));
#13130=AXIS2_PLACEMENT_3D('',#13127,#13128,#13129);
#13131=CYLINDRICAL_SURFACE('',#13130,2.E-1);
#13133=ORIENTED_EDGE('',*,*,#13132,.T.);
#13134=ORIENTED_EDGE('',*,*,#12583,.F.);
#13136=ORIENTED_EDGE('',*,*,#13135,.T.);
#13138=ORIENTED_EDGE('',*,*,#13137,.T.);
#13139=EDGE_LOOP('',(#13133,#13134,#13136,#13138));
#13140=FACE_OUTER_BOUND('',#13139,.F.);
#13142=CARTESIAN_POINT('',(1.05E1,6.25E0,-6.947368421053E-1));
#13143=DIRECTION('',(1.E0,0.E0,0.E0));
#13144=DIRECTION('',(0.E0,-1.E0,0.E0));
#13145=AXIS2_PLACEMENT_3D('',#13142,#13143,#13144);
#13146=CYLINDRICAL_SURFACE('',#13145,2.E-1);
#13148=ORIENTED_EDGE('',*,*,#13147,.T.);
#13149=ORIENTED_EDGE('',*,*,#12603,.F.);
#13151=ORIENTED_EDGE('',*,*,#13150,.T.);
#13153=ORIENTED_EDGE('',*,*,#13152,.T.);
#13154=EDGE_LOOP('',(#13148,#13149,#13151,#13153));
#13155=FACE_OUTER_BOUND('',#13154,.F.);
#13157=CARTESIAN_POINT('',(1.05E1,6.25E0,-6.947368421053E-1));
#13158=DIRECTION('',(1.E0,0.E0,0.E0));
#13159=DIRECTION('',(0.E0,-1.E0,0.E0));
#13160=AXIS2_PLACEMENT_3D('',#13157,#13158,#13159);
#13161=CYLINDRICAL_SURFACE('',#13160,2.E-1);
#13163=ORIENTED_EDGE('',*,*,#13162,.T.);
#13164=ORIENTED_EDGE('',*,*,#12623,.F.);
#13166=ORIENTED_EDGE('',*,*,#13165,.T.);
#13168=ORIENTED_EDGE('',*,*,#13167,.T.);
#13169=EDGE_LOOP('',(#13163,#13164,#13166,#13168));
#13170=FACE_OUTER_BOUND('',#13169,.F.);
#13172=CARTESIAN_POINT('',(1.05E1,6.25E0,-6.947368421053E-1));
#13173=DIRECTION('',(1.E0,0.E0,0.E0));
#13174=DIRECTION('',(0.E0,-1.E0,0.E0));
#13175=AXIS2_PLACEMENT_3D('',#13172,#13173,#13174);
#13176=CYLINDRICAL_SURFACE('',#13175,2.E-1);
#13178=ORIENTED_EDGE('',*,*,#13177,.T.);
#13180=ORIENTED_EDGE('',*,*,#13179,.T.);
#13182=ORIENTED_EDGE('',*,*,#13181,.T.);
#13184=ORIENTED_EDGE('',*,*,#13183,.T.);
#13185=ORIENTED_EDGE('',*,*,#12635,.F.);
#13186=EDGE_LOOP('',(#13178,#13180,#13182,#13184,#13185));
#13187=FACE_OUTER_BOUND('',#13186,.F.);
#13189=CARTESIAN_POINT('',(1.05E1,6.25E0,-6.947368421053E-1));
#13190=DIRECTION('',(1.E0,0.E0,0.E0));
#13191=DIRECTION('',(0.E0,-1.E0,0.E0));
#13192=AXIS2_PLACEMENT_3D('',#13189,#13190,#13191);
#13193=CYLINDRICAL_SURFACE('',#13192,2.E-1);
#13195=ORIENTED_EDGE('',*,*,#13194,.T.);
#13196=ORIENTED_EDGE('',*,*,#12661,.F.);
#13198=ORIENTED_EDGE('',*,*,#13197,.T.);
#13200=ORIENTED_EDGE('',*,*,#13199,.T.);
#13201=EDGE_LOOP('',(#13195,#13196,#13198,#13200));
#13202=FACE_OUTER_BOUND('',#13201,.F.);
#13204=CARTESIAN_POINT('',(-8.788865497415E0,0.E0,-4.840301433396E-1));
#13205=DIRECTION('',(0.E0,-1.E0,0.E0));
#13206=DIRECTION('',(1.E0,0.E0,0.E0));
#13207=AXIS2_PLACEMENT_3D('',#13204,#13205,#13206);
#13208=CYLINDRICAL_SURFACE('',#13207,1.181134502585E0);
#13209=ORIENTED_EDGE('',*,*,#13119,.F.);
#13210=ORIENTED_EDGE('',*,*,#12561,.T.);
#13212=ORIENTED_EDGE('',*,*,#13211,.F.);
#13214=ORIENTED_EDGE('',*,*,#13213,.F.);
#13216=ORIENTED_EDGE('',*,*,#13215,.F.);
#13217=ORIENTED_EDGE('',*,*,#12693,.F.);
#13218=ORIENTED_EDGE('',*,*,#12809,.F.);
#13219=ORIENTED_EDGE('',*,*,#13073,.T.);
#13220=ORIENTED_EDGE('',*,*,#13088,.T.);
#13221=ORIENTED_EDGE('',*,*,#13101,.T.);
#13222=EDGE_LOOP('',(#13209,#13210,#13212,#13214,#13216,#13217,#13218,#13219,
#13220,#13221));
#13223=FACE_OUTER_BOUND('',#13222,.F.);
#13225=CARTESIAN_POINT('',(1.05E1,5.95E0,-1.75E0));
#13226=DIRECTION('',(1.E0,0.E0,0.E0));
#13227=DIRECTION('',(0.E0,-1.E0,0.E0));
#13228=AXIS2_PLACEMENT_3D('',#13225,#13226,#13227);
#13229=CYLINDRICAL_SURFACE('',#13228,5.E-1);
#13231=ORIENTED_EDGE('',*,*,#13230,.T.);
#13233=ORIENTED_EDGE('',*,*,#13232,.T.);
#13235=ORIENTED_EDGE('',*,*,#13234,.T.);
#13236=ORIENTED_EDGE('',*,*,#13211,.T.);
#13237=ORIENTED_EDGE('',*,*,#12559,.T.);
#13238=ORIENTED_EDGE('',*,*,#12679,.T.);
#13239=EDGE_LOOP('',(#13231,#13233,#13235,#13236,#13237,#13238));
#13240=FACE_OUTER_BOUND('',#13239,.F.);
#13242=CARTESIAN_POINT('',(1.05E1,5.95E0,-1.75E0));
#13243=DIRECTION('',(1.E0,0.E0,0.E0));
#13244=DIRECTION('',(0.E0,-1.E0,0.E0));
#13245=AXIS2_PLACEMENT_3D('',#13242,#13243,#13244);
#13246=CYLINDRICAL_SURFACE('',#13245,5.E-1);
#13248=ORIENTED_EDGE('',*,*,#13247,.T.);
#13250=ORIENTED_EDGE('',*,*,#13249,.T.);
#13252=ORIENTED_EDGE('',*,*,#13251,.T.);
#13254=ORIENTED_EDGE('',*,*,#13253,.T.);
#13256=ORIENTED_EDGE('',*,*,#13255,.T.);
#13257=ORIENTED_EDGE('',*,*,#12577,.T.);
#13258=EDGE_LOOP('',(#13248,#13250,#13252,#13254,#13256,#13257));
#13259=FACE_OUTER_BOUND('',#13258,.F.);
#13261=CARTESIAN_POINT('',(1.05E1,5.95E0,-1.75E0));
#13262=DIRECTION('',(1.E0,0.E0,0.E0));
#13263=DIRECTION('',(0.E0,-1.E0,0.E0));
#13264=AXIS2_PLACEMENT_3D('',#13261,#13262,#13263);
#13265=CYLINDRICAL_SURFACE('',#13264,5.E-1);
#13267=ORIENTED_EDGE('',*,*,#13266,.T.);
#13269=ORIENTED_EDGE('',*,*,#13268,.T.);
#13271=ORIENTED_EDGE('',*,*,#13270,.T.);
#13273=ORIENTED_EDGE('',*,*,#13272,.T.);
#13275=ORIENTED_EDGE('',*,*,#13274,.T.);
#13276=ORIENTED_EDGE('',*,*,#12597,.T.);
#13277=EDGE_LOOP('',(#13267,#13269,#13271,#13273,#13275,#13276));
#13278=FACE_OUTER_BOUND('',#13277,.F.);
#13280=CARTESIAN_POINT('',(1.05E1,5.95E0,-1.75E0));
#13281=DIRECTION('',(1.E0,0.E0,0.E0));
#13282=DIRECTION('',(0.E0,-1.E0,0.E0));
#13283=AXIS2_PLACEMENT_3D('',#13280,#13281,#13282);
#13284=CYLINDRICAL_SURFACE('',#13283,5.E-1);
#13286=ORIENTED_EDGE('',*,*,#13285,.T.);
#13288=ORIENTED_EDGE('',*,*,#13287,.T.);
#13290=ORIENTED_EDGE('',*,*,#13289,.T.);
#13292=ORIENTED_EDGE('',*,*,#13291,.T.);
#13294=ORIENTED_EDGE('',*,*,#13293,.T.);
#13295=ORIENTED_EDGE('',*,*,#12617,.T.);
#13296=EDGE_LOOP('',(#13286,#13288,#13290,#13292,#13294,#13295));
#13297=FACE_OUTER_BOUND('',#13296,.F.);
#13299=CARTESIAN_POINT('',(1.05E1,5.95E0,-1.75E0));
#13300=DIRECTION('',(1.E0,0.E0,0.E0));
#13301=DIRECTION('',(0.E0,-1.E0,0.E0));
#13302=AXIS2_PLACEMENT_3D('',#13299,#13300,#13301);
#13303=CYLINDRICAL_SURFACE('',#13302,5.E-1);
#13305=ORIENTED_EDGE('',*,*,#13304,.T.);
#13307=ORIENTED_EDGE('',*,*,#13306,.T.);
#13309=ORIENTED_EDGE('',*,*,#13308,.T.);
#13311=ORIENTED_EDGE('',*,*,#13310,.T.);
#13313=ORIENTED_EDGE('',*,*,#13312,.T.);
#13314=ORIENTED_EDGE('',*,*,#12655,.T.);
#13315=EDGE_LOOP('',(#13305,#13307,#13309,#13311,#13313,#13314));
#13316=FACE_OUTER_BOUND('',#13315,.F.);
#13318=CARTESIAN_POINT('',(1.05E1,5.95E0,-1.75E0));
#13319=DIRECTION('',(1.E0,0.E0,0.E0));
#13320=DIRECTION('',(0.E0,-1.E0,0.E0));
#13321=AXIS2_PLACEMENT_3D('',#13318,#13319,#13320);
#13322=CYLINDRICAL_SURFACE('',#13321,5.E-1);
#13324=ORIENTED_EDGE('',*,*,#13323,.T.);
#13326=ORIENTED_EDGE('',*,*,#13325,.T.);
#13327=ORIENTED_EDGE('',*,*,#12639,.T.);
#13329=ORIENTED_EDGE('',*,*,#13328,.T.);
#13331=ORIENTED_EDGE('',*,*,#13330,.T.);
#13333=ORIENTED_EDGE('',*,*,#13332,.T.);
#13334=EDGE_LOOP('',(#13324,#13326,#13327,#13329,#13331,#13333));
#13335=FACE_OUTER_BOUND('',#13334,.F.);
#13337=CARTESIAN_POINT('',(-7.325E0,1.401E1,-1.75E0));
#13338=DIRECTION('',(0.E0,-1.E0,0.E0));
#13339=DIRECTION('',(1.E0,0.E0,0.E0));
#13340=AXIS2_PLACEMENT_3D('',#13337,#13338,#13339);
#13341=CYLINDRICAL_SURFACE('',#13340,5.E-1);
#13343=ORIENTED_EDGE('',*,*,#13342,.F.);
#13345=ORIENTED_EDGE('',*,*,#13344,.F.);
#13346=ORIENTED_EDGE('',*,*,#13230,.F.);
#13347=ORIENTED_EDGE('',*,*,#12677,.T.);
#13348=EDGE_LOOP('',(#13343,#13345,#13346,#13347));
#13349=FACE_OUTER_BOUND('',#13348,.F.);
#13351=CARTESIAN_POINT('',(1.05E1,2.15E0,-1.75E0));
#13352=DIRECTION('',(1.E0,0.E0,0.E0));
#13353=DIRECTION('',(0.E0,-1.E0,0.E0));
#13354=AXIS2_PLACEMENT_3D('',#13351,#13352,#13353);
#13355=CYLINDRICAL_SURFACE('',#13354,5.E-1);
#13356=ORIENTED_EDGE('',*,*,#13342,.T.);
#13357=ORIENTED_EDGE('',*,*,#12675,.T.);
#13358=ORIENTED_EDGE('',*,*,#12695,.F.);
#13359=ORIENTED_EDGE('',*,*,#13215,.T.);
#13361=ORIENTED_EDGE('',*,*,#13360,.T.);
#13363=ORIENTED_EDGE('',*,*,#13362,.F.);
#13364=EDGE_LOOP('',(#13356,#13357,#13358,#13359,#13361,#13363));
#13365=FACE_OUTER_BOUND('',#13364,.F.);
#13367=CARTESIAN_POINT('',(1.05E1,2.15E0,-1.75E0));
#13368=DIRECTION('',(1.E0,0.E0,0.E0));
#13369=DIRECTION('',(0.E0,-1.E0,0.E0));
#13370=AXIS2_PLACEMENT_3D('',#13367,#13368,#13369);
#13371=CYLINDRICAL_SURFACE('',#13370,5.E-1);
#13373=ORIENTED_EDGE('',*,*,#13372,.T.);
#13374=ORIENTED_EDGE('',*,*,#12714,.F.);
#13376=ORIENTED_EDGE('',*,*,#13375,.T.);
#13378=ORIENTED_EDGE('',*,*,#13377,.T.);
#13380=ORIENTED_EDGE('',*,*,#13379,.F.);
#13382=ORIENTED_EDGE('',*,*,#13381,.T.);
#13383=EDGE_LOOP('',(#13373,#13374,#13376,#13378,#13380,#13382));
#13384=FACE_OUTER_BOUND('',#13383,.F.);
#13386=CARTESIAN_POINT('',(1.05E1,2.15E0,-1.75E0));
#13387=DIRECTION('',(1.E0,0.E0,0.E0));
#13388=DIRECTION('',(0.E0,-1.E0,0.E0));
#13389=AXIS2_PLACEMENT_3D('',#13386,#13387,#13388);
#13390=CYLINDRICAL_SURFACE('',#13389,5.E-1);
#13392=ORIENTED_EDGE('',*,*,#13391,.T.);
#13393=ORIENTED_EDGE('',*,*,#12734,.F.);
#13395=ORIENTED_EDGE('',*,*,#13394,.T.);
#13397=ORIENTED_EDGE('',*,*,#13396,.T.);
#13399=ORIENTED_EDGE('',*,*,#13398,.F.);
#13401=ORIENTED_EDGE('',*,*,#13400,.T.);
#13402=EDGE_LOOP('',(#13392,#13393,#13395,#13397,#13399,#13401));
#13403=FACE_OUTER_BOUND('',#13402,.F.);
#13405=CARTESIAN_POINT('',(1.05E1,2.15E0,-1.75E0));
#13406=DIRECTION('',(1.E0,0.E0,0.E0));
#13407=DIRECTION('',(0.E0,-1.E0,0.E0));
#13408=AXIS2_PLACEMENT_3D('',#13405,#13406,#13407);
#13409=CYLINDRICAL_SURFACE('',#13408,5.E-1);
#13411=ORIENTED_EDGE('',*,*,#13410,.T.);
#13412=ORIENTED_EDGE('',*,*,#12754,.F.);
#13414=ORIENTED_EDGE('',*,*,#13413,.T.);
#13416=ORIENTED_EDGE('',*,*,#13415,.T.);
#13418=ORIENTED_EDGE('',*,*,#13417,.F.);
#13420=ORIENTED_EDGE('',*,*,#13419,.T.);
#13421=EDGE_LOOP('',(#13411,#13412,#13414,#13416,#13418,#13420));
#13422=FACE_OUTER_BOUND('',#13421,.F.);
#13424=CARTESIAN_POINT('',(1.05E1,2.15E0,-1.75E0));
#13425=DIRECTION('',(1.E0,0.E0,0.E0));
#13426=DIRECTION('',(0.E0,-1.E0,0.E0));
#13427=AXIS2_PLACEMENT_3D('',#13424,#13425,#13426);
#13428=CYLINDRICAL_SURFACE('',#13427,5.E-1);
#13430=ORIENTED_EDGE('',*,*,#13429,.T.);
#13431=ORIENTED_EDGE('',*,*,#12792,.F.);
#13433=ORIENTED_EDGE('',*,*,#13432,.T.);
#13435=ORIENTED_EDGE('',*,*,#13434,.T.);
#13437=ORIENTED_EDGE('',*,*,#13436,.F.);
#13439=ORIENTED_EDGE('',*,*,#13438,.T.);
#13440=EDGE_LOOP('',(#13430,#13431,#13433,#13435,#13437,#13439));
#13441=FACE_OUTER_BOUND('',#13440,.F.);
#13443=CARTESIAN_POINT('',(1.05E1,2.15E0,-1.75E0));
#13444=DIRECTION('',(1.E0,0.E0,0.E0));
#13445=DIRECTION('',(0.E0,-1.E0,0.E0));
#13446=AXIS2_PLACEMENT_3D('',#13443,#13444,#13445);
#13447=CYLINDRICAL_SURFACE('',#13446,5.E-1);
#13449=ORIENTED_EDGE('',*,*,#13448,.T.);
#13451=ORIENTED_EDGE('',*,*,#13450,.F.);
#13453=ORIENTED_EDGE('',*,*,#13452,.T.);
#13455=ORIENTED_EDGE('',*,*,#13454,.T.);
#13456=ORIENTED_EDGE('',*,*,#12770,.F.);
#13458=ORIENTED_EDGE('',*,*,#13457,.T.);
#13459=EDGE_LOOP('',(#13449,#13451,#13453,#13455,#13456,#13458));
#13460=FACE_OUTER_BOUND('',#13459,.F.);
#13462=CARTESIAN_POINT('',(-9.895E0,0.E0,-1.75E0));
#13463=DIRECTION('',(0.E0,-1.E0,0.E0));
#13464=DIRECTION('',(1.E0,0.E0,0.E0));
#13465=AXIS2_PLACEMENT_3D('',#13462,#13463,#13464);
#13466=CYLINDRICAL_SURFACE('',#13465,5.E-1);
#13467=ORIENTED_EDGE('',*,*,#13360,.F.);
#13468=ORIENTED_EDGE('',*,*,#13213,.T.);
#13469=ORIENTED_EDGE('',*,*,#13234,.F.);
#13471=ORIENTED_EDGE('',*,*,#13470,.F.);
#13472=EDGE_LOOP('',(#13467,#13468,#13469,#13471));
#13473=FACE_OUTER_BOUND('',#13472,.F.);
#13475=CARTESIAN_POINT('',(-9.395E0,0.E0,-2.05E0));
#13476=DIRECTION('',(1.E0,0.E0,0.E0));
#13477=DIRECTION('',(0.E0,0.E0,1.E0));
#13478=AXIS2_PLACEMENT_3D('',#13475,#13476,#13477);
#13479=PLANE('',#13478);
#13481=ORIENTED_EDGE('',*,*,#13480,.F.);
#13482=ORIENTED_EDGE('',*,*,#13470,.T.);
#13484=ORIENTED_EDGE('',*,*,#13483,.F.);
#13486=ORIENTED_EDGE('',*,*,#13485,.F.);
#13487=EDGE_LOOP('',(#13481,#13482,#13484,#13486));
#13488=FACE_OUTER_BOUND('',#13487,.F.);
#13490=CARTESIAN_POINT('',(1.05E1,2.65E0,-1.75E0));
#13491=DIRECTION('',(0.E0,-1.E0,0.E0));
#13492=DIRECTION('',(0.E0,0.E0,-1.E0));
#13493=AXIS2_PLACEMENT_3D('',#13490,#13491,#13492);
#13494=PLANE('',#13493);
#13496=ORIENTED_EDGE('',*,*,#13495,.F.);
#13497=ORIENTED_EDGE('',*,*,#13362,.T.);
#13498=ORIENTED_EDGE('',*,*,#13480,.T.);
#13500=ORIENTED_EDGE('',*,*,#13499,.F.);
#13501=EDGE_LOOP('',(#13496,#13497,#13498,#13500));
#13502=FACE_OUTER_BOUND('',#13501,.F.);
#13504=CARTESIAN_POINT('',(1.05E1,2.65E0,-1.75E0));
#13505=DIRECTION('',(0.E0,-1.E0,0.E0));
#13506=DIRECTION('',(0.E0,0.E0,-1.E0));
#13507=AXIS2_PLACEMENT_3D('',#13504,#13505,#13506);
#13508=PLANE('',#13507);
#13510=ORIENTED_EDGE('',*,*,#13509,.F.);
#13511=ORIENTED_EDGE('',*,*,#13379,.T.);
#13513=ORIENTED_EDGE('',*,*,#13512,.T.);
#13515=ORIENTED_EDGE('',*,*,#13514,.F.);
#13516=EDGE_LOOP('',(#13510,#13511,#13513,#13515));
#13517=FACE_OUTER_BOUND('',#13516,.F.);
#13519=CARTESIAN_POINT('',(1.05E1,2.65E0,-1.75E0));
#13520=DIRECTION('',(0.E0,-1.E0,0.E0));
#13521=DIRECTION('',(0.E0,0.E0,-1.E0));
#13522=AXIS2_PLACEMENT_3D('',#13519,#13520,#13521);
#13523=PLANE('',#13522);
#13525=ORIENTED_EDGE('',*,*,#13524,.F.);
#13526=ORIENTED_EDGE('',*,*,#13398,.T.);
#13528=ORIENTED_EDGE('',*,*,#13527,.T.);
#13530=ORIENTED_EDGE('',*,*,#13529,.F.);
#13531=EDGE_LOOP('',(#13525,#13526,#13528,#13530));
#13532=FACE_OUTER_BOUND('',#13531,.F.);
#13534=CARTESIAN_POINT('',(1.05E1,2.65E0,-1.75E0));
#13535=DIRECTION('',(0.E0,-1.E0,0.E0));
#13536=DIRECTION('',(0.E0,0.E0,-1.E0));
#13537=AXIS2_PLACEMENT_3D('',#13534,#13535,#13536);
#13538=PLANE('',#13537);
#13540=ORIENTED_EDGE('',*,*,#13539,.F.);
#13541=ORIENTED_EDGE('',*,*,#13417,.T.);
#13543=ORIENTED_EDGE('',*,*,#13542,.T.);
#13545=ORIENTED_EDGE('',*,*,#13544,.F.);
#13546=EDGE_LOOP('',(#13540,#13541,#13543,#13545));
#13547=FACE_OUTER_BOUND('',#13546,.F.);
#13549=CARTESIAN_POINT('',(1.05E1,2.65E0,-1.75E0));
#13550=DIRECTION('',(0.E0,-1.E0,0.E0));
#13551=DIRECTION('',(0.E0,0.E0,-1.E0));
#13552=AXIS2_PLACEMENT_3D('',#13549,#13550,#13551);
#13553=PLANE('',#13552);
#13555=ORIENTED_EDGE('',*,*,#13554,.F.);
#13556=ORIENTED_EDGE('',*,*,#13436,.T.);
#13558=ORIENTED_EDGE('',*,*,#13557,.T.);
#13560=ORIENTED_EDGE('',*,*,#13559,.F.);
#13561=EDGE_LOOP('',(#13555,#13556,#13558,#13560));
#13562=FACE_OUTER_BOUND('',#13561,.F.);
#13564=CARTESIAN_POINT('',(1.05E1,2.65E0,-1.75E0));
#13565=DIRECTION('',(0.E0,-1.E0,0.E0));
#13566=DIRECTION('',(0.E0,0.E0,-1.E0));
#13567=AXIS2_PLACEMENT_3D('',#13564,#13565,#13566);
#13568=PLANE('',#13567);
#13570=ORIENTED_EDGE('',*,*,#13569,.T.);
#13572=ORIENTED_EDGE('',*,*,#13571,.F.);
#13574=ORIENTED_EDGE('',*,*,#13573,.F.);
#13575=ORIENTED_EDGE('',*,*,#13450,.T.);
#13576=EDGE_LOOP('',(#13570,#13572,#13574,#13575));
#13577=FACE_OUTER_BOUND('',#13576,.F.);
#13579=CARTESIAN_POINT('',(-7.825E0,1.401E1,-1.75E0));
#13580=DIRECTION('',(-1.E0,0.E0,0.E0));
#13581=DIRECTION('',(0.E0,0.E0,-1.E0));
#13582=AXIS2_PLACEMENT_3D('',#13579,#13580,#13581);
#13583=PLANE('',#13582);
#13584=ORIENTED_EDGE('',*,*,#13344,.T.);
#13585=ORIENTED_EDGE('',*,*,#13495,.T.);
#13587=ORIENTED_EDGE('',*,*,#13586,.T.);
#13589=ORIENTED_EDGE('',*,*,#13588,.T.);
#13590=EDGE_LOOP('',(#13584,#13585,#13587,#13589));
#13591=FACE_OUTER_BOUND('',#13590,.F.);
#13593=CARTESIAN_POINT('',(1.05E1,2.65E0,-2.05E0));
#13594=DIRECTION('',(0.E0,0.E0,-1.E0));
#13595=DIRECTION('',(0.E0,1.E0,0.E0));
#13596=AXIS2_PLACEMENT_3D('',#13593,#13594,#13595);
#13597=PLANE('',#13596);
#13598=ORIENTED_EDGE('',*,*,#13586,.F.);
#13599=ORIENTED_EDGE('',*,*,#13499,.T.);
#13600=ORIENTED_EDGE('',*,*,#13485,.T.);
#13602=ORIENTED_EDGE('',*,*,#13601,.F.);
#13603=EDGE_LOOP('',(#13598,#13599,#13600,#13602));
#13604=FACE_OUTER_BOUND('',#13603,.F.);
#13606=CARTESIAN_POINT('',(1.05E1,2.65E0,-2.05E0));
#13607=DIRECTION('',(0.E0,0.E0,-1.E0));
#13608=DIRECTION('',(0.E0,1.E0,0.E0));
#13609=AXIS2_PLACEMENT_3D('',#13606,#13607,#13608);
#13610=PLANE('',#13609);
#13612=ORIENTED_EDGE('',*,*,#13611,.F.);
#13613=ORIENTED_EDGE('',*,*,#13514,.T.);
#13615=ORIENTED_EDGE('',*,*,#13614,.T.);
#13617=ORIENTED_EDGE('',*,*,#13616,.F.);
#13618=EDGE_LOOP('',(#13612,#13613,#13615,#13617));
#13619=FACE_OUTER_BOUND('',#13618,.F.);
#13621=CARTESIAN_POINT('',(1.05E1,2.65E0,-2.05E0));
#13622=DIRECTION('',(0.E0,0.E0,-1.E0));
#13623=DIRECTION('',(0.E0,1.E0,0.E0));
#13624=AXIS2_PLACEMENT_3D('',#13621,#13622,#13623);
#13625=PLANE('',#13624);
#13627=ORIENTED_EDGE('',*,*,#13626,.F.);
#13628=ORIENTED_EDGE('',*,*,#13529,.T.);
#13630=ORIENTED_EDGE('',*,*,#13629,.T.);
#13632=ORIENTED_EDGE('',*,*,#13631,.F.);
#13633=EDGE_LOOP('',(#13627,#13628,#13630,#13632));
#13634=FACE_OUTER_BOUND('',#13633,.F.);
#13636=CARTESIAN_POINT('',(1.05E1,2.65E0,-2.05E0));
#13637=DIRECTION('',(0.E0,0.E0,-1.E0));
#13638=DIRECTION('',(0.E0,1.E0,0.E0));
#13639=AXIS2_PLACEMENT_3D('',#13636,#13637,#13638);
#13640=PLANE('',#13639);
#13642=ORIENTED_EDGE('',*,*,#13641,.F.);
#13643=ORIENTED_EDGE('',*,*,#13544,.T.);
#13645=ORIENTED_EDGE('',*,*,#13644,.T.);
#13647=ORIENTED_EDGE('',*,*,#13646,.F.);
#13648=EDGE_LOOP('',(#13642,#13643,#13645,#13647));
#13649=FACE_OUTER_BOUND('',#13648,.F.);
#13651=CARTESIAN_POINT('',(1.05E1,2.65E0,-2.05E0));
#13652=DIRECTION('',(0.E0,0.E0,-1.E0));
#13653=DIRECTION('',(0.E0,1.E0,0.E0));
#13654=AXIS2_PLACEMENT_3D('',#13651,#13652,#13653);
#13655=PLANE('',#13654);
#13657=ORIENTED_EDGE('',*,*,#13656,.F.);
#13658=ORIENTED_EDGE('',*,*,#13559,.T.);
#13660=ORIENTED_EDGE('',*,*,#13659,.T.);
#13662=ORIENTED_EDGE('',*,*,#13661,.F.);
#13663=EDGE_LOOP('',(#13657,#13658,#13660,#13662));
#13664=FACE_OUTER_BOUND('',#13663,.F.);
#13666=CARTESIAN_POINT('',(1.05E1,2.65E0,-2.05E0));
#13667=DIRECTION('',(0.E0,0.E0,-1.E0));
#13668=DIRECTION('',(0.E0,1.E0,0.E0));
#13669=AXIS2_PLACEMENT_3D('',#13666,#13667,#13668);
#13670=PLANE('',#13669);
#13672=ORIENTED_EDGE('',*,*,#13671,.T.);
#13674=ORIENTED_EDGE('',*,*,#13673,.F.);
#13676=ORIENTED_EDGE('',*,*,#13675,.F.);
#13677=ORIENTED_EDGE('',*,*,#13571,.T.);
#13678=EDGE_LOOP('',(#13672,#13674,#13676,#13677));
#13679=FACE_OUTER_BOUND('',#13678,.F.);
#13681=CARTESIAN_POINT('',(1.05E1,5.45E0,-2.05E0));
#13682=DIRECTION('',(0.E0,1.E0,0.E0));
#13683=DIRECTION('',(0.E0,0.E0,1.E0));
#13684=AXIS2_PLACEMENT_3D('',#13681,#13682,#13683);
#13685=PLANE('',#13684);
#13686=ORIENTED_EDGE('',*,*,#13588,.F.);
#13687=ORIENTED_EDGE('',*,*,#13601,.T.);
#13688=ORIENTED_EDGE('',*,*,#13483,.T.);
#13689=ORIENTED_EDGE('',*,*,#13232,.F.);
#13690=EDGE_LOOP('',(#13686,#13687,#13688,#13689));
#13691=FACE_OUTER_BOUND('',#13690,.F.);
#13693=CARTESIAN_POINT('',(1.05E1,5.45E0,-2.05E0));
#13694=DIRECTION('',(0.E0,1.E0,0.E0));
#13695=DIRECTION('',(0.E0,0.E0,1.E0));
#13696=AXIS2_PLACEMENT_3D('',#13693,#13694,#13695);
#13697=PLANE('',#13696);
#13699=ORIENTED_EDGE('',*,*,#13698,.F.);
#13700=ORIENTED_EDGE('',*,*,#13616,.T.);
#13702=ORIENTED_EDGE('',*,*,#13701,.T.);
#13703=ORIENTED_EDGE('',*,*,#13251,.F.);
#13704=EDGE_LOOP('',(#13699,#13700,#13702,#13703));
#13705=FACE_OUTER_BOUND('',#13704,.F.);
#13707=CARTESIAN_POINT('',(1.05E1,5.45E0,-2.05E0));
#13708=DIRECTION('',(0.E0,1.E0,0.E0));
#13709=DIRECTION('',(0.E0,0.E0,1.E0));
#13710=AXIS2_PLACEMENT_3D('',#13707,#13708,#13709);
#13711=PLANE('',#13710);
#13713=ORIENTED_EDGE('',*,*,#13712,.F.);
#13714=ORIENTED_EDGE('',*,*,#13631,.T.);
#13716=ORIENTED_EDGE('',*,*,#13715,.T.);
#13717=ORIENTED_EDGE('',*,*,#13270,.F.);
#13718=EDGE_LOOP('',(#13713,#13714,#13716,#13717));
#13719=FACE_OUTER_BOUND('',#13718,.F.);
#13721=CARTESIAN_POINT('',(1.05E1,5.45E0,-2.05E0));
#13722=DIRECTION('',(0.E0,1.E0,0.E0));
#13723=DIRECTION('',(0.E0,0.E0,1.E0));
#13724=AXIS2_PLACEMENT_3D('',#13721,#13722,#13723);
#13725=PLANE('',#13724);
#13727=ORIENTED_EDGE('',*,*,#13726,.F.);
#13728=ORIENTED_EDGE('',*,*,#13646,.T.);
#13730=ORIENTED_EDGE('',*,*,#13729,.T.);
#13731=ORIENTED_EDGE('',*,*,#13289,.F.);
#13732=EDGE_LOOP('',(#13727,#13728,#13730,#13731));
#13733=FACE_OUTER_BOUND('',#13732,.F.);
#13735=CARTESIAN_POINT('',(1.05E1,5.45E0,-2.05E0));
#13736=DIRECTION('',(0.E0,1.E0,0.E0));
#13737=DIRECTION('',(0.E0,0.E0,1.E0));
#13738=AXIS2_PLACEMENT_3D('',#13735,#13736,#13737);
#13739=PLANE('',#13738);
#13741=ORIENTED_EDGE('',*,*,#13740,.F.);
#13742=ORIENTED_EDGE('',*,*,#13661,.T.);
#13744=ORIENTED_EDGE('',*,*,#13743,.T.);
#13745=ORIENTED_EDGE('',*,*,#13308,.F.);
#13746=EDGE_LOOP('',(#13741,#13742,#13744,#13745));
#13747=FACE_OUTER_BOUND('',#13746,.F.);
#13749=CARTESIAN_POINT('',(1.05E1,5.45E0,-2.05E0));
#13750=DIRECTION('',(0.E0,1.E0,0.E0));
#13751=DIRECTION('',(0.E0,0.E0,1.E0));
#13752=AXIS2_PLACEMENT_3D('',#13749,#13750,#13751);
#13753=PLANE('',#13752);
#13755=ORIENTED_EDGE('',*,*,#13754,.T.);
#13756=ORIENTED_EDGE('',*,*,#13332,.F.);
#13758=ORIENTED_EDGE('',*,*,#13757,.F.);
#13759=ORIENTED_EDGE('',*,*,#13673,.T.);
#13760=EDGE_LOOP('',(#13755,#13756,#13758,#13759));
#13761=FACE_OUTER_BOUND('',#13760,.F.);
#13763=CARTESIAN_POINT('',(-4.325E0,1.401E1,-1.75E0));
#13764=DIRECTION('',(-1.E0,0.E0,0.E0));
#13765=DIRECTION('',(0.E0,0.E0,-1.E0));
#13766=AXIS2_PLACEMENT_3D('',#13763,#13764,#13765);
#13767=PLANE('',#13766);
#13769=ORIENTED_EDGE('',*,*,#13768,.T.);
#13770=ORIENTED_EDGE('',*,*,#13509,.T.);
#13771=ORIENTED_EDGE('',*,*,#13611,.T.);
#13772=ORIENTED_EDGE('',*,*,#13698,.T.);
#13773=EDGE_LOOP('',(#13769,#13770,#13771,#13772));
#13774=FACE_OUTER_BOUND('',#13773,.F.);
#13776=CARTESIAN_POINT('',(-3.825E0,1.401E1,-1.75E0));
#13777=DIRECTION('',(0.E0,-1.E0,0.E0));
#13778=DIRECTION('',(1.E0,0.E0,0.E0));
#13779=AXIS2_PLACEMENT_3D('',#13776,#13777,#13778);
#13780=CYLINDRICAL_SURFACE('',#13779,5.E-1);
#13782=ORIENTED_EDGE('',*,*,#13781,.T.);
#13783=ORIENTED_EDGE('',*,*,#13381,.F.);
#13784=ORIENTED_EDGE('',*,*,#13768,.F.);
#13785=ORIENTED_EDGE('',*,*,#13249,.F.);
#13786=EDGE_LOOP('',(#13782,#13783,#13784,#13785));
#13787=FACE_OUTER_BOUND('',#13786,.F.);
#13789=CARTESIAN_POINT('',(-4.7E0,1.401E1,-5.316507068989E-1));
#13790=DIRECTION('',(0.E0,-1.E0,0.E0));
#13791=DIRECTION('',(1.E0,0.E0,0.E0));
#13792=AXIS2_PLACEMENT_3D('',#13789,#13790,#13791);
#13793=CYLINDRICAL_SURFACE('',#13792,1.E0);
#13795=ORIENTED_EDGE('',*,*,#13794,.T.);
#13797=ORIENTED_EDGE('',*,*,#13796,.T.);
#13798=ORIENTED_EDGE('',*,*,#12716,.F.);
#13799=ORIENTED_EDGE('',*,*,#13372,.F.);
#13800=ORIENTED_EDGE('',*,*,#13781,.F.);
#13801=ORIENTED_EDGE('',*,*,#13247,.F.);
#13802=ORIENTED_EDGE('',*,*,#12575,.T.);
#13803=EDGE_LOOP('',(#13795,#13797,#13798,#13799,#13800,#13801,#13802));
#13804=FACE_OUTER_BOUND('',#13803,.F.);
#13806=CARTESIAN_POINT('',(-2.310178571429E1,4.05E0,0.E0));
#13807=DIRECTION('',(0.E0,0.E0,1.E0));
#13808=DIRECTION('',(1.E0,0.E0,0.E0));
#13809=AXIS2_PLACEMENT_3D('',#13806,#13807,#13808);
#13810=CYLINDRICAL_SURFACE('',#13809,1.940178571429E1);
#13811=ORIENTED_EDGE('',*,*,#9615,.F.);
#13812=ORIENTED_EDGE('',*,*,#12999,.F.);
#13813=ORIENTED_EDGE('',*,*,#12911,.F.);
#13814=ORIENTED_EDGE('',*,*,#12820,.F.);
#13815=ORIENTED_EDGE('',*,*,#12706,.T.);
#13816=ORIENTED_EDGE('',*,*,#13796,.F.);
#13817=ORIENTED_EDGE('',*,*,#13794,.F.);
#13818=ORIENTED_EDGE('',*,*,#12573,.T.);
#13819=ORIENTED_EDGE('',*,*,#13132,.F.);
#13821=ORIENTED_EDGE('',*,*,#13820,.T.);
#13823=ORIENTED_EDGE('',*,*,#13822,.F.);
#13824=EDGE_LOOP('',(#13811,#13812,#13813,#13814,#13815,#13816,#13817,#13818,
#13819,#13821,#13823));
#13825=FACE_OUTER_BOUND('',#13824,.F.);
#13827=CARTESIAN_POINT('',(1.05E1,6.45E0,-6.947368421053E-1));
#13828=DIRECTION('',(0.E0,1.E0,0.E0));
#13829=DIRECTION('',(0.E0,0.E0,1.E0));
#13830=AXIS2_PLACEMENT_3D('',#13827,#13828,#13829);
#13831=PLANE('',#13830);
#13832=ORIENTED_EDGE('',*,*,#12531,.F.);
#13833=ORIENTED_EDGE('',*,*,#13122,.F.);
#13834=ORIENTED_EDGE('',*,*,#13107,.T.);
#13836=ORIENTED_EDGE('',*,*,#13835,.T.);
#13837=EDGE_LOOP('',(#13832,#13833,#13834,#13836));
#13838=FACE_OUTER_BOUND('',#13837,.F.);
#13840=CARTESIAN_POINT('',(1.05E1,6.45E0,-6.947368421053E-1));
#13841=DIRECTION('',(0.E0,1.E0,0.E0));
#13842=DIRECTION('',(0.E0,0.E0,1.E0));
#13843=AXIS2_PLACEMENT_3D('',#13840,#13841,#13842);
#13844=PLANE('',#13843);
#13845=ORIENTED_EDGE('',*,*,#13820,.F.);
#13846=ORIENTED_EDGE('',*,*,#13137,.F.);
#13848=ORIENTED_EDGE('',*,*,#13847,.T.);
#13850=ORIENTED_EDGE('',*,*,#13849,.T.);
#13851=EDGE_LOOP('',(#13845,#13846,#13848,#13850));
#13852=FACE_OUTER_BOUND('',#13851,.F.);
#13854=CARTESIAN_POINT('',(1.05E1,6.45E0,-6.947368421053E-1));
#13855=DIRECTION('',(0.E0,1.E0,0.E0));
#13856=DIRECTION('',(0.E0,0.E0,1.E0));
#13857=AXIS2_PLACEMENT_3D('',#13854,#13855,#13856);
#13858=PLANE('',#13857);
#13860=ORIENTED_EDGE('',*,*,#13859,.F.);
#13861=ORIENTED_EDGE('',*,*,#13152,.F.);
#13863=ORIENTED_EDGE('',*,*,#13862,.T.);
#13865=ORIENTED_EDGE('',*,*,#13864,.T.);
#13866=EDGE_LOOP('',(#13860,#13861,#13863,#13865));
#13867=FACE_OUTER_BOUND('',#13866,.F.);
#13869=CARTESIAN_POINT('',(1.05E1,6.45E0,-6.947368421053E-1));
#13870=DIRECTION('',(0.E0,1.E0,0.E0));
#13871=DIRECTION('',(0.E0,0.E0,1.E0));
#13872=AXIS2_PLACEMENT_3D('',#13869,#13870,#13871);
#13873=PLANE('',#13872);
#13875=ORIENTED_EDGE('',*,*,#13874,.F.);
#13876=ORIENTED_EDGE('',*,*,#13167,.F.);
#13878=ORIENTED_EDGE('',*,*,#13877,.T.);
#13880=ORIENTED_EDGE('',*,*,#13879,.T.);
#13881=EDGE_LOOP('',(#13875,#13876,#13878,#13880));
#13882=FACE_OUTER_BOUND('',#13881,.F.);
#13884=CARTESIAN_POINT('',(1.05E1,6.45E0,-6.947368421053E-1));
#13885=DIRECTION('',(0.E0,1.E0,0.E0));
#13886=DIRECTION('',(0.E0,0.E0,1.E0));
#13887=AXIS2_PLACEMENT_3D('',#13884,#13885,#13886);
#13888=PLANE('',#13887);
#13890=ORIENTED_EDGE('',*,*,#13889,.T.);
#13892=ORIENTED_EDGE('',*,*,#13891,.T.);
#13894=ORIENTED_EDGE('',*,*,#13893,.F.);
#13895=ORIENTED_EDGE('',*,*,#13179,.F.);
#13896=EDGE_LOOP('',(#13890,#13892,#13894,#13895));
#13897=FACE_OUTER_BOUND('',#13896,.F.);
#13899=CARTESIAN_POINT('',(1.05E1,6.45E0,-6.947368421053E-1));
#13900=DIRECTION('',(0.E0,1.E0,0.E0));
#13901=DIRECTION('',(0.E0,0.E0,1.E0));
#13902=AXIS2_PLACEMENT_3D('',#13899,#13900,#13901);
#13903=PLANE('',#13902);
#13905=ORIENTED_EDGE('',*,*,#13904,.F.);
#13906=ORIENTED_EDGE('',*,*,#13199,.F.);
#13908=ORIENTED_EDGE('',*,*,#13907,.T.);
#13910=ORIENTED_EDGE('',*,*,#13909,.T.);
#13911=EDGE_LOOP('',(#13905,#13906,#13908,#13910));
#13912=FACE_OUTER_BOUND('',#13911,.F.);
#13914=CARTESIAN_POINT('',(1.05E1,6.65E0,-2.E-1));
#13915=DIRECTION('',(1.E0,0.E0,0.E0));
#13916=DIRECTION('',(0.E0,-1.E0,0.E0));
#13917=AXIS2_PLACEMENT_3D('',#13914,#13915,#13916);
#13918=CYLINDRICAL_SURFACE('',#13917,2.E-1);
#13919=ORIENTED_EDGE('',*,*,#12533,.T.);
#13920=ORIENTED_EDGE('',*,*,#13835,.F.);
#13921=ORIENTED_EDGE('',*,*,#13105,.T.);
#13922=ORIENTED_EDGE('',*,*,#9601,.T.);
#13923=EDGE_LOOP('',(#13919,#13920,#13921,#13922));
#13924=FACE_OUTER_BOUND('',#13923,.F.);
#13926=CARTESIAN_POINT('',(1.05E1,6.65E0,-2.E-1));
#13927=DIRECTION('',(1.E0,0.E0,0.E0));
#13928=DIRECTION('',(0.E0,-1.E0,0.E0));
#13929=AXIS2_PLACEMENT_3D('',#13926,#13927,#13928);
#13930=CYLINDRICAL_SURFACE('',#13929,2.E-1);
#13931=ORIENTED_EDGE('',*,*,#13822,.T.);
#13932=ORIENTED_EDGE('',*,*,#13849,.F.);
#13934=ORIENTED_EDGE('',*,*,#13933,.T.);
#13935=ORIENTED_EDGE('',*,*,#9617,.T.);
#13936=EDGE_LOOP('',(#13931,#13932,#13934,#13935));
#13937=FACE_OUTER_BOUND('',#13936,.F.);
#13939=CARTESIAN_POINT('',(1.05E1,6.65E0,-2.E-1));
#13940=DIRECTION('',(1.E0,0.E0,0.E0));
#13941=DIRECTION('',(0.E0,-1.E0,0.E0));
#13942=AXIS2_PLACEMENT_3D('',#13939,#13940,#13941);
#13943=CYLINDRICAL_SURFACE('',#13942,2.E-1);
#13945=ORIENTED_EDGE('',*,*,#13944,.T.);
#13946=ORIENTED_EDGE('',*,*,#13864,.F.);
#13948=ORIENTED_EDGE('',*,*,#13947,.T.);
#13949=ORIENTED_EDGE('',*,*,#9627,.T.);
#13950=EDGE_LOOP('',(#13945,#13946,#13948,#13949));
#13951=FACE_OUTER_BOUND('',#13950,.F.);
#13953=CARTESIAN_POINT('',(1.05E1,6.65E0,-2.E-1));
#13954=DIRECTION('',(1.E0,0.E0,0.E0));
#13955=DIRECTION('',(0.E0,-1.E0,0.E0));
#13956=AXIS2_PLACEMENT_3D('',#13953,#13954,#13955);
#13957=CYLINDRICAL_SURFACE('',#13956,2.E-1);
#13959=ORIENTED_EDGE('',*,*,#13958,.T.);
#13960=ORIENTED_EDGE('',*,*,#13879,.F.);
#13962=ORIENTED_EDGE('',*,*,#13961,.T.);
#13963=ORIENTED_EDGE('',*,*,#9637,.T.);
#13964=EDGE_LOOP('',(#13959,#13960,#13962,#13963));
#13965=FACE_OUTER_BOUND('',#13964,.F.);
#13967=CARTESIAN_POINT('',(1.05E1,6.65E0,-2.E-1));
#13968=DIRECTION('',(1.E0,0.E0,0.E0));
#13969=DIRECTION('',(0.E0,-1.E0,0.E0));
#13970=AXIS2_PLACEMENT_3D('',#13967,#13968,#13969);
#13971=CYLINDRICAL_SURFACE('',#13970,2.E-1);
#13973=ORIENTED_EDGE('',*,*,#13972,.T.);
#13974=ORIENTED_EDGE('',*,*,#9653,.T.);
#13976=ORIENTED_EDGE('',*,*,#13975,.T.);
#13977=ORIENTED_EDGE('',*,*,#13891,.F.);
#13978=EDGE_LOOP('',(#13973,#13974,#13976,#13977));
#13979=FACE_OUTER_BOUND('',#13978,.F.);
#13981=CARTESIAN_POINT('',(1.05E1,6.65E0,-2.E-1));
#13982=DIRECTION('',(1.E0,0.E0,0.E0));
#13983=DIRECTION('',(0.E0,-1.E0,0.E0));
#13984=AXIS2_PLACEMENT_3D('',#13981,#13982,#13983);
#13985=CYLINDRICAL_SURFACE('',#13984,2.E-1);
#13987=ORIENTED_EDGE('',*,*,#13986,.T.);
#13988=ORIENTED_EDGE('',*,*,#13909,.F.);
#13990=ORIENTED_EDGE('',*,*,#13989,.T.);
#13991=ORIENTED_EDGE('',*,*,#9647,.T.);
#13992=EDGE_LOOP('',(#13987,#13988,#13990,#13991));
#13993=FACE_OUTER_BOUND('',#13992,.F.);
#13995=CARTESIAN_POINT('',(1.260178571429E1,4.05E0,0.E0));
#13996=DIRECTION('',(0.E0,0.E0,1.E0));
#13997=DIRECTION('',(1.E0,0.E0,0.E0));
#13998=AXIS2_PLACEMENT_3D('',#13995,#13996,#13997);
#13999=CYLINDRICAL_SURFACE('',#13998,1.940178571429E1);
#14000=ORIENTED_EDGE('',*,*,#12581,.T.);
#14002=ORIENTED_EDGE('',*,*,#14001,.F.);
#14004=ORIENTED_EDGE('',*,*,#14003,.F.);
#14005=ORIENTED_EDGE('',*,*,#12710,.T.);
#14006=ORIENTED_EDGE('',*,*,#12824,.F.);
#14007=ORIENTED_EDGE('',*,*,#12915,.T.);
#14008=ORIENTED_EDGE('',*,*,#13002,.F.);
#14009=ORIENTED_EDGE('',*,*,#9619,.F.);
#14010=ORIENTED_EDGE('',*,*,#13933,.F.);
#14011=ORIENTED_EDGE('',*,*,#13847,.F.);
#14012=ORIENTED_EDGE('',*,*,#13135,.F.);
#14013=EDGE_LOOP('',(#14000,#14002,#14004,#14005,#14006,#14007,#14008,#14009,
#14010,#14011,#14012));
#14014=FACE_OUTER_BOUND('',#14013,.F.);
#14016=CARTESIAN_POINT('',(-5.8E0,1.401E1,-5.316507068989E-1));
#14017=DIRECTION('',(0.E0,-1.E0,0.E0));
#14018=DIRECTION('',(1.E0,0.E0,0.E0));
#14019=AXIS2_PLACEMENT_3D('',#14016,#14017,#14018);
#14020=CYLINDRICAL_SURFACE('',#14019,1.E0);
#14021=ORIENTED_EDGE('',*,*,#14001,.T.);
#14022=ORIENTED_EDGE('',*,*,#12579,.T.);
#14023=ORIENTED_EDGE('',*,*,#13255,.F.);
#14025=ORIENTED_EDGE('',*,*,#14024,.T.);
#14026=ORIENTED_EDGE('',*,*,#13375,.F.);
#14027=ORIENTED_EDGE('',*,*,#12712,.F.);
#14028=ORIENTED_EDGE('',*,*,#14003,.T.);
#14029=EDGE_LOOP('',(#14021,#14022,#14023,#14025,#14026,#14027,#14028));
#14030=FACE_OUTER_BOUND('',#14029,.F.);
#14032=CARTESIAN_POINT('',(-6.675E0,1.401E1,-1.75E0));
#14033=DIRECTION('',(0.E0,-1.E0,0.E0));
#14034=DIRECTION('',(1.E0,0.E0,0.E0));
#14035=AXIS2_PLACEMENT_3D('',#14032,#14033,#14034);
#14036=CYLINDRICAL_SURFACE('',#14035,5.E-1);
#14037=ORIENTED_EDGE('',*,*,#13377,.F.);
#14038=ORIENTED_EDGE('',*,*,#14024,.F.);
#14039=ORIENTED_EDGE('',*,*,#13253,.F.);
#14041=ORIENTED_EDGE('',*,*,#14040,.T.);
#14042=EDGE_LOOP('',(#14037,#14038,#14039,#14041));
#14043=FACE_OUTER_BOUND('',#14042,.F.);
#14045=CARTESIAN_POINT('',(-6.175E0,1.401E1,-2.05E0));
#14046=DIRECTION('',(1.E0,0.E0,0.E0));
#14047=DIRECTION('',(0.E0,0.E0,1.E0));
#14048=AXIS2_PLACEMENT_3D('',#14045,#14046,#14047);
#14049=PLANE('',#14048);
#14050=ORIENTED_EDGE('',*,*,#14040,.F.);
#14051=ORIENTED_EDGE('',*,*,#13701,.F.);
#14052=ORIENTED_EDGE('',*,*,#13614,.F.);
#14053=ORIENTED_EDGE('',*,*,#13512,.F.);
#14054=EDGE_LOOP('',(#14050,#14051,#14052,#14053));
#14055=FACE_OUTER_BOUND('',#14054,.F.);
#14057=CARTESIAN_POINT('',(-1.960178571429E1,4.05E0,0.E0));
#14058=DIRECTION('',(0.E0,0.E0,1.E0));
#14059=DIRECTION('',(1.E0,0.E0,0.E0));
#14060=AXIS2_PLACEMENT_3D('',#14057,#14058,#14059);
#14061=CYLINDRICAL_SURFACE('',#14060,1.940178571429E1);
#14062=ORIENTED_EDGE('',*,*,#9625,.F.);
#14063=ORIENTED_EDGE('',*,*,#13013,.F.);
#14064=ORIENTED_EDGE('',*,*,#12926,.F.);
#14065=ORIENTED_EDGE('',*,*,#12835,.F.);
#14066=ORIENTED_EDGE('',*,*,#12726,.T.);
#14068=ORIENTED_EDGE('',*,*,#14067,.F.);
#14070=ORIENTED_EDGE('',*,*,#14069,.F.);
#14071=ORIENTED_EDGE('',*,*,#12593,.T.);
#14072=ORIENTED_EDGE('',*,*,#13147,.F.);
#14073=ORIENTED_EDGE('',*,*,#13859,.T.);
#14074=ORIENTED_EDGE('',*,*,#13944,.F.);
#14075=EDGE_LOOP('',(#14062,#14063,#14064,#14065,#14066,#14068,#14070,#14071,
#14072,#14073,#14074));
#14076=FACE_OUTER_BOUND('',#14075,.F.);
#14078=CARTESIAN_POINT('',(-1.2E0,1.401E1,-5.316507068989E-1));
#14079=DIRECTION('',(0.E0,-1.E0,0.E0));
#14080=DIRECTION('',(1.E0,0.E0,0.E0));
#14081=AXIS2_PLACEMENT_3D('',#14078,#14079,#14080);
#14082=CYLINDRICAL_SURFACE('',#14081,1.E0);
#14083=ORIENTED_EDGE('',*,*,#14069,.T.);
#14084=ORIENTED_EDGE('',*,*,#14067,.T.);
#14085=ORIENTED_EDGE('',*,*,#12736,.F.);
#14086=ORIENTED_EDGE('',*,*,#13391,.F.);
#14088=ORIENTED_EDGE('',*,*,#14087,.F.);
#14089=ORIENTED_EDGE('',*,*,#13266,.F.);
#14090=ORIENTED_EDGE('',*,*,#12595,.T.);
#14091=EDGE_LOOP('',(#14083,#14084,#14085,#14086,#14088,#14089,#14090));
#14092=FACE_OUTER_BOUND('',#14091,.F.);
#14094=CARTESIAN_POINT('',(-3.25E-1,1.401E1,-1.75E0));
#14095=DIRECTION('',(0.E0,-1.E0,0.E0));
#14096=DIRECTION('',(1.E0,0.E0,0.E0));
#14097=AXIS2_PLACEMENT_3D('',#14094,#14095,#14096);
#14098=CYLINDRICAL_SURFACE('',#14097,5.E-1);
#14099=ORIENTED_EDGE('',*,*,#14087,.T.);
#14100=ORIENTED_EDGE('',*,*,#13400,.F.);
#14102=ORIENTED_EDGE('',*,*,#14101,.F.);
#14103=ORIENTED_EDGE('',*,*,#13268,.F.);
#14104=EDGE_LOOP('',(#14099,#14100,#14102,#14103));
#14105=FACE_OUTER_BOUND('',#14104,.F.);
#14107=CARTESIAN_POINT('',(-8.25E-1,1.401E1,-1.75E0));
#14108=DIRECTION('',(-1.E0,0.E0,0.E0));
#14109=DIRECTION('',(0.E0,0.E0,-1.E0));
#14110=AXIS2_PLACEMENT_3D('',#14107,#14108,#14109);
#14111=PLANE('',#14110);
#14112=ORIENTED_EDGE('',*,*,#14101,.T.);
#14113=ORIENTED_EDGE('',*,*,#13524,.T.);
#14114=ORIENTED_EDGE('',*,*,#13626,.T.);
#14115=ORIENTED_EDGE('',*,*,#13712,.T.);
#14116=EDGE_LOOP('',(#14112,#14113,#14114,#14115));
#14117=FACE_OUTER_BOUND('',#14116,.F.);
#14119=CARTESIAN_POINT('',(1.610178571429E1,4.05E0,0.E0));
#14120=DIRECTION('',(0.E0,0.E0,1.E0));
#14121=DIRECTION('',(1.E0,0.E0,0.E0));
#14122=AXIS2_PLACEMENT_3D('',#14119,#14120,#14121);
#14123=CYLINDRICAL_SURFACE('',#14122,1.940178571429E1);
#14124=ORIENTED_EDGE('',*,*,#9629,.F.);
#14125=ORIENTED_EDGE('',*,*,#13947,.F.);
#14126=ORIENTED_EDGE('',*,*,#13862,.F.);
#14127=ORIENTED_EDGE('',*,*,#13150,.F.);
#14128=ORIENTED_EDGE('',*,*,#12601,.T.);
#14130=ORIENTED_EDGE('',*,*,#14129,.F.);
#14132=ORIENTED_EDGE('',*,*,#14131,.F.);
#14133=ORIENTED_EDGE('',*,*,#12730,.T.);
#14134=ORIENTED_EDGE('',*,*,#12839,.F.);
#14135=ORIENTED_EDGE('',*,*,#12930,.T.);
#14136=ORIENTED_EDGE('',*,*,#13016,.F.);
#14137=EDGE_LOOP('',(#14124,#14125,#14126,#14127,#14128,#14130,#14132,#14133,
#14134,#14135,#14136));
#14138=FACE_OUTER_BOUND('',#14137,.F.);
#14140=CARTESIAN_POINT('',(-2.3E0,1.401E1,-5.316507068989E-1));
#14141=DIRECTION('',(0.E0,-1.E0,0.E0));
#14142=DIRECTION('',(1.E0,0.E0,0.E0));
#14143=AXIS2_PLACEMENT_3D('',#14140,#14141,#14142);
#14144=CYLINDRICAL_SURFACE('',#14143,1.E0);
#14145=ORIENTED_EDGE('',*,*,#14129,.T.);
#14146=ORIENTED_EDGE('',*,*,#12599,.T.);
#14147=ORIENTED_EDGE('',*,*,#13274,.F.);
#14149=ORIENTED_EDGE('',*,*,#14148,.T.);
#14150=ORIENTED_EDGE('',*,*,#13394,.F.);
#14151=ORIENTED_EDGE('',*,*,#12732,.F.);
#14152=ORIENTED_EDGE('',*,*,#14131,.T.);
#14153=EDGE_LOOP('',(#14145,#14146,#14147,#14149,#14150,#14151,#14152));
#14154=FACE_OUTER_BOUND('',#14153,.F.);
#14156=CARTESIAN_POINT('',(-3.175E0,1.401E1,-1.75E0));
#14157=DIRECTION('',(0.E0,-1.E0,0.E0));
#14158=DIRECTION('',(1.E0,0.E0,0.E0));
#14159=AXIS2_PLACEMENT_3D('',#14156,#14157,#14158);
#14160=CYLINDRICAL_SURFACE('',#14159,5.E-1);
#14162=ORIENTED_EDGE('',*,*,#14161,.T.);
#14163=ORIENTED_EDGE('',*,*,#13396,.F.);
#14164=ORIENTED_EDGE('',*,*,#14148,.F.);
#14165=ORIENTED_EDGE('',*,*,#13272,.F.);
#14166=EDGE_LOOP('',(#14162,#14163,#14164,#14165));
#14167=FACE_OUTER_BOUND('',#14166,.F.);
#14169=CARTESIAN_POINT('',(-2.675E0,1.401E1,-2.05E0));
#14170=DIRECTION('',(1.E0,0.E0,0.E0));
#14171=DIRECTION('',(0.E0,0.E0,1.E0));
#14172=AXIS2_PLACEMENT_3D('',#14169,#14170,#14171);
#14173=PLANE('',#14172);
#14174=ORIENTED_EDGE('',*,*,#14161,.F.);
#14175=ORIENTED_EDGE('',*,*,#13715,.F.);
#14176=ORIENTED_EDGE('',*,*,#13629,.F.);
#14177=ORIENTED_EDGE('',*,*,#13527,.F.);
#14178=EDGE_LOOP('',(#14174,#14175,#14176,#14177));
#14179=FACE_OUTER_BOUND('',#14178,.F.);
#14181=CARTESIAN_POINT('',(-1.610178571429E1,4.05E0,0.E0));
#14182=DIRECTION('',(0.E0,0.E0,1.E0));
#14183=DIRECTION('',(1.E0,0.E0,0.E0));
#14184=AXIS2_PLACEMENT_3D('',#14181,#14182,#14183);
#14185=CYLINDRICAL_SURFACE('',#14184,1.940178571429E1);
#14186=ORIENTED_EDGE('',*,*,#9635,.F.);
#14187=ORIENTED_EDGE('',*,*,#13027,.F.);
#14188=ORIENTED_EDGE('',*,*,#12941,.F.);
#14189=ORIENTED_EDGE('',*,*,#12850,.F.);
#14190=ORIENTED_EDGE('',*,*,#12746,.T.);
#14192=ORIENTED_EDGE('',*,*,#14191,.F.);
#14194=ORIENTED_EDGE('',*,*,#14193,.F.);
#14195=ORIENTED_EDGE('',*,*,#12613,.T.);
#14196=ORIENTED_EDGE('',*,*,#13162,.F.);
#14197=ORIENTED_EDGE('',*,*,#13874,.T.);
#14198=ORIENTED_EDGE('',*,*,#13958,.F.);
#14199=EDGE_LOOP('',(#14186,#14187,#14188,#14189,#14190,#14192,#14194,#14195,
#14196,#14197,#14198));
#14200=FACE_OUTER_BOUND('',#14199,.F.);
#14202=CARTESIAN_POINT('',(2.3E0,1.401E1,-5.316507068989E-1));
#14203=DIRECTION('',(0.E0,-1.E0,0.E0));
#14204=DIRECTION('',(1.E0,0.E0,0.E0));
#14205=AXIS2_PLACEMENT_3D('',#14202,#14203,#14204);
#14206=CYLINDRICAL_SURFACE('',#14205,1.E0);
#14207=ORIENTED_EDGE('',*,*,#14193,.T.);
#14208=ORIENTED_EDGE('',*,*,#14191,.T.);
#14209=ORIENTED_EDGE('',*,*,#12756,.F.);
#14210=ORIENTED_EDGE('',*,*,#13410,.F.);
#14212=ORIENTED_EDGE('',*,*,#14211,.F.);
#14213=ORIENTED_EDGE('',*,*,#13285,.F.);
#14214=ORIENTED_EDGE('',*,*,#12615,.T.);
#14215=EDGE_LOOP('',(#14207,#14208,#14209,#14210,#14212,#14213,#14214));
#14216=FACE_OUTER_BOUND('',#14215,.F.);
#14218=CARTESIAN_POINT('',(3.175E0,1.401E1,-1.75E0));
#14219=DIRECTION('',(0.E0,-1.E0,0.E0));
#14220=DIRECTION('',(1.E0,0.E0,0.E0));
#14221=AXIS2_PLACEMENT_3D('',#14218,#14219,#14220);
#14222=CYLINDRICAL_SURFACE('',#14221,5.E-1);
#14223=ORIENTED_EDGE('',*,*,#14211,.T.);
#14224=ORIENTED_EDGE('',*,*,#13419,.F.);
#14226=ORIENTED_EDGE('',*,*,#14225,.F.);
#14227=ORIENTED_EDGE('',*,*,#13287,.F.);
#14228=EDGE_LOOP('',(#14223,#14224,#14226,#14227));
#14229=FACE_OUTER_BOUND('',#14228,.F.);
#14231=CARTESIAN_POINT('',(2.675E0,1.401E1,-1.75E0));
#14232=DIRECTION('',(-1.E0,0.E0,0.E0));
#14233=DIRECTION('',(0.E0,0.E0,-1.E0));
#14234=AXIS2_PLACEMENT_3D('',#14231,#14232,#14233);
#14235=PLANE('',#14234);
#14236=ORIENTED_EDGE('',*,*,#14225,.T.);
#14237=ORIENTED_EDGE('',*,*,#13539,.T.);
#14238=ORIENTED_EDGE('',*,*,#13641,.T.);
#14239=ORIENTED_EDGE('',*,*,#13726,.T.);
#14240=EDGE_LOOP('',(#14236,#14237,#14238,#14239));
#14241=FACE_OUTER_BOUND('',#14240,.F.);
#14243=CARTESIAN_POINT('',(1.960178571429E1,4.05E0,0.E0));
#14244=DIRECTION('',(0.E0,0.E0,1.E0));
#14245=DIRECTION('',(1.E0,0.E0,0.E0));
#14246=AXIS2_PLACEMENT_3D('',#14243,#14244,#14245);
#14247=CYLINDRICAL_SURFACE('',#14246,1.940178571429E1);
#14248=ORIENTED_EDGE('',*,*,#9639,.F.);
#14249=ORIENTED_EDGE('',*,*,#13961,.F.);
#14250=ORIENTED_EDGE('',*,*,#13877,.F.);
#14251=ORIENTED_EDGE('',*,*,#13165,.F.);
#14252=ORIENTED_EDGE('',*,*,#12621,.T.);
#14254=ORIENTED_EDGE('',*,*,#14253,.F.);
#14256=ORIENTED_EDGE('',*,*,#14255,.F.);
#14257=ORIENTED_EDGE('',*,*,#12750,.T.);
#14258=ORIENTED_EDGE('',*,*,#12854,.F.);
#14259=ORIENTED_EDGE('',*,*,#12945,.T.);
#14260=ORIENTED_EDGE('',*,*,#13030,.F.);
#14261=EDGE_LOOP('',(#14248,#14249,#14250,#14251,#14252,#14254,#14256,#14257,
#14258,#14259,#14260));
#14262=FACE_OUTER_BOUND('',#14261,.F.);
#14264=CARTESIAN_POINT('',(1.2E0,1.401E1,-5.316507068989E-1));
#14265=DIRECTION('',(0.E0,-1.E0,0.E0));
#14266=DIRECTION('',(1.E0,0.E0,0.E0));
#14267=AXIS2_PLACEMENT_3D('',#14264,#14265,#14266);
#14268=CYLINDRICAL_SURFACE('',#14267,1.E0);
#14269=ORIENTED_EDGE('',*,*,#14253,.T.);
#14270=ORIENTED_EDGE('',*,*,#12619,.T.);
#14271=ORIENTED_EDGE('',*,*,#13293,.F.);
#14273=ORIENTED_EDGE('',*,*,#14272,.T.);
#14274=ORIENTED_EDGE('',*,*,#13413,.F.);
#14275=ORIENTED_EDGE('',*,*,#12752,.F.);
#14276=ORIENTED_EDGE('',*,*,#14255,.T.);
#14277=EDGE_LOOP('',(#14269,#14270,#14271,#14273,#14274,#14275,#14276));
#14278=FACE_OUTER_BOUND('',#14277,.F.);
#14280=CARTESIAN_POINT('',(3.25E-1,1.401E1,-1.75E0));
#14281=DIRECTION('',(0.E0,-1.E0,0.E0));
#14282=DIRECTION('',(1.E0,0.E0,0.E0));
#14283=AXIS2_PLACEMENT_3D('',#14280,#14281,#14282);
#14284=CYLINDRICAL_SURFACE('',#14283,5.E-1);
#14286=ORIENTED_EDGE('',*,*,#14285,.T.);
#14287=ORIENTED_EDGE('',*,*,#13415,.F.);
#14288=ORIENTED_EDGE('',*,*,#14272,.F.);
#14289=ORIENTED_EDGE('',*,*,#13291,.F.);
#14290=EDGE_LOOP('',(#14286,#14287,#14288,#14289));
#14291=FACE_OUTER_BOUND('',#14290,.F.);
#14293=CARTESIAN_POINT('',(8.25E-1,1.401E1,-2.05E0));
#14294=DIRECTION('',(1.E0,0.E0,0.E0));
#14295=DIRECTION('',(0.E0,0.E0,1.E0));
#14296=AXIS2_PLACEMENT_3D('',#14293,#14294,#14295);
#14297=PLANE('',#14296);
#14298=ORIENTED_EDGE('',*,*,#14285,.F.);
#14299=ORIENTED_EDGE('',*,*,#13729,.F.);
#14300=ORIENTED_EDGE('',*,*,#13644,.F.);
#14301=ORIENTED_EDGE('',*,*,#13542,.F.);
#14302=EDGE_LOOP('',(#14298,#14299,#14300,#14301));
#14303=FACE_OUTER_BOUND('',#14302,.F.);
#14305=CARTESIAN_POINT('',(2.660178571429E1,4.05E0,0.E0));
#14306=DIRECTION('',(0.E0,0.E0,1.E0));
#14307=DIRECTION('',(1.E0,0.E0,0.E0));
#14308=AXIS2_PLACEMENT_3D('',#14305,#14306,#14307);
#14309=CYLINDRICAL_SURFACE('',#14308,1.940178571429E1);
#14310=ORIENTED_EDGE('',*,*,#9655,.F.);
#14311=ORIENTED_EDGE('',*,*,#13972,.F.);
#14312=ORIENTED_EDGE('',*,*,#13889,.F.);
#14313=ORIENTED_EDGE('',*,*,#13177,.F.);
#14314=ORIENTED_EDGE('',*,*,#12633,.T.);
#14316=ORIENTED_EDGE('',*,*,#14315,.F.);
#14318=ORIENTED_EDGE('',*,*,#14317,.F.);
#14319=ORIENTED_EDGE('',*,*,#12766,.T.);
#14320=ORIENTED_EDGE('',*,*,#12865,.F.);
#14321=ORIENTED_EDGE('',*,*,#12956,.T.);
#14322=ORIENTED_EDGE('',*,*,#13041,.F.);
#14323=EDGE_LOOP('',(#14310,#14311,#14312,#14313,#14314,#14316,#14318,#14319,
#14320,#14321,#14322));
#14324=FACE_OUTER_BOUND('',#14323,.F.);
#14326=CARTESIAN_POINT('',(8.2E0,1.401E1,-5.316507068989E-1));
#14327=DIRECTION('',(0.E0,-1.E0,0.E0));
#14328=DIRECTION('',(1.E0,0.E0,0.E0));
#14329=AXIS2_PLACEMENT_3D('',#14326,#14327,#14328);
#14330=CYLINDRICAL_SURFACE('',#14329,1.E0);
#14331=ORIENTED_EDGE('',*,*,#14315,.T.);
#14332=ORIENTED_EDGE('',*,*,#12641,.T.);
#14333=ORIENTED_EDGE('',*,*,#13325,.F.);
#14335=ORIENTED_EDGE('',*,*,#14334,.T.);
#14336=ORIENTED_EDGE('',*,*,#13457,.F.);
#14337=ORIENTED_EDGE('',*,*,#12768,.F.);
#14338=ORIENTED_EDGE('',*,*,#14317,.T.);
#14339=EDGE_LOOP('',(#14331,#14332,#14333,#14335,#14336,#14337,#14338));
#14340=FACE_OUTER_BOUND('',#14339,.F.);
#14342=CARTESIAN_POINT('',(7.325E0,1.401E1,-1.75E0));
#14343=DIRECTION('',(0.E0,-1.E0,0.E0));
#14344=DIRECTION('',(1.E0,0.E0,0.E0));
#14345=AXIS2_PLACEMENT_3D('',#14342,#14343,#14344);
#14346=CYLINDRICAL_SURFACE('',#14345,5.E-1);
#14348=ORIENTED_EDGE('',*,*,#14347,.T.);
#14349=ORIENTED_EDGE('',*,*,#13448,.F.);
#14350=ORIENTED_EDGE('',*,*,#14334,.F.);
#14351=ORIENTED_EDGE('',*,*,#13323,.F.);
#14352=EDGE_LOOP('',(#14348,#14349,#14350,#14351));
#14353=FACE_OUTER_BOUND('',#14352,.F.);
#14355=CARTESIAN_POINT('',(7.825E0,1.401E1,-2.05E0));
#14356=DIRECTION('',(1.E0,0.E0,0.E0));
#14357=DIRECTION('',(0.E0,0.E0,1.E0));
#14358=AXIS2_PLACEMENT_3D('',#14355,#14356,#14357);
#14359=PLANE('',#14358);
#14360=ORIENTED_EDGE('',*,*,#14347,.F.);
#14361=ORIENTED_EDGE('',*,*,#13754,.F.);
#14362=ORIENTED_EDGE('',*,*,#13671,.F.);
#14363=ORIENTED_EDGE('',*,*,#13569,.F.);
#14364=EDGE_LOOP('',(#14360,#14361,#14362,#14363));
#14365=FACE_OUTER_BOUND('',#14364,.F.);
#14367=CARTESIAN_POINT('',(-3.513416666667E1,4.05E0,0.E0));
#14368=DIRECTION('',(0.E0,0.E0,1.E0));
#14369=DIRECTION('',(1.E0,0.E0,0.E0));
#14370=AXIS2_PLACEMENT_3D('',#14367,#14368,#14369);
#14371=CYLINDRICAL_SURFACE('',#14370,4.510416666667E1);
#14372=ORIENTED_EDGE('',*,*,#13181,.F.);
#14373=ORIENTED_EDGE('',*,*,#13893,.T.);
#14374=ORIENTED_EDGE('',*,*,#13975,.F.);
#14375=ORIENTED_EDGE('',*,*,#9659,.F.);
#14376=ORIENTED_EDGE('',*,*,#13044,.F.);
#14377=ORIENTED_EDGE('',*,*,#12959,.F.);
#14378=ORIENTED_EDGE('',*,*,#12870,.F.);
#14380=ORIENTED_EDGE('',*,*,#14379,.F.);
#14382=ORIENTED_EDGE('',*,*,#14381,.F.);
#14383=EDGE_LOOP('',(#14372,#14373,#14374,#14375,#14376,#14377,#14378,#14380,
#14382));
#14384=FACE_OUTER_BOUND('',#14383,.F.);
#14386=CARTESIAN_POINT('',(8.788865497415E0,0.E0,-4.840301433396E-1));
#14387=DIRECTION('',(0.E0,-1.E0,0.E0));
#14388=DIRECTION('',(1.E0,0.E0,0.E0));
#14389=AXIS2_PLACEMENT_3D('',#14386,#14387,#14388);
#14390=CYLINDRICAL_SURFACE('',#14389,1.181134502585E0);
#14391=ORIENTED_EDGE('',*,*,#14381,.T.);
#14392=ORIENTED_EDGE('',*,*,#14379,.T.);
#14393=ORIENTED_EDGE('',*,*,#12868,.F.);
#14394=ORIENTED_EDGE('',*,*,#12772,.F.);
#14395=ORIENTED_EDGE('',*,*,#13454,.F.);
#14397=ORIENTED_EDGE('',*,*,#14396,.T.);
#14398=ORIENTED_EDGE('',*,*,#13328,.F.);
#14399=ORIENTED_EDGE('',*,*,#12637,.T.);
#14400=ORIENTED_EDGE('',*,*,#13183,.F.);
#14401=EDGE_LOOP('',(#14391,#14392,#14393,#14394,#14395,#14397,#14398,#14399,
#14400));
#14402=FACE_OUTER_BOUND('',#14401,.F.);
#14404=CARTESIAN_POINT('',(9.895E0,0.E0,-1.75E0));
#14405=DIRECTION('',(0.E0,-1.E0,0.E0));
#14406=DIRECTION('',(1.E0,0.E0,0.E0));
#14407=AXIS2_PLACEMENT_3D('',#14404,#14405,#14406);
#14408=CYLINDRICAL_SURFACE('',#14407,5.E-1);
#14409=ORIENTED_EDGE('',*,*,#13452,.F.);
#14411=ORIENTED_EDGE('',*,*,#14410,.T.);
#14412=ORIENTED_EDGE('',*,*,#13330,.F.);
#14413=ORIENTED_EDGE('',*,*,#14396,.F.);
#14414=EDGE_LOOP('',(#14409,#14411,#14412,#14413));
#14415=FACE_OUTER_BOUND('',#14414,.F.);
#14417=CARTESIAN_POINT('',(9.395E0,0.E0,-1.75E0));
#14418=DIRECTION('',(-1.E0,0.E0,0.E0));
#14419=DIRECTION('',(0.E0,0.E0,-1.E0));
#14420=AXIS2_PLACEMENT_3D('',#14417,#14418,#14419);
#14421=PLANE('',#14420);
#14422=ORIENTED_EDGE('',*,*,#13573,.T.);
#14423=ORIENTED_EDGE('',*,*,#13675,.T.);
#14424=ORIENTED_EDGE('',*,*,#13757,.T.);
#14425=ORIENTED_EDGE('',*,*,#14410,.F.);
#14426=EDGE_LOOP('',(#14422,#14423,#14424,#14425));
#14427=FACE_OUTER_BOUND('',#14426,.F.);
#14429=CARTESIAN_POINT('',(-1.260178571429E1,4.05E0,0.E0));
#14430=DIRECTION('',(0.E0,0.E0,1.E0));
#14431=DIRECTION('',(1.E0,0.E0,0.E0));
#14432=AXIS2_PLACEMENT_3D('',#14429,#14430,#14431);
#14433=CYLINDRICAL_SURFACE('',#14432,1.940178571429E1);
#14434=ORIENTED_EDGE('',*,*,#9645,.F.);
#14435=ORIENTED_EDGE('',*,*,#13055,.F.);
#14436=ORIENTED_EDGE('',*,*,#12971,.F.);
#14437=ORIENTED_EDGE('',*,*,#12882,.F.);
#14438=ORIENTED_EDGE('',*,*,#12784,.T.);
#14440=ORIENTED_EDGE('',*,*,#14439,.F.);
#14442=ORIENTED_EDGE('',*,*,#14441,.F.);
#14443=ORIENTED_EDGE('',*,*,#12651,.T.);
#14444=ORIENTED_EDGE('',*,*,#13194,.F.);
#14445=ORIENTED_EDGE('',*,*,#13904,.T.);
#14446=ORIENTED_EDGE('',*,*,#13986,.F.);
#14447=EDGE_LOOP('',(#14434,#14435,#14436,#14437,#14438,#14440,#14442,#14443,
#14444,#14445,#14446));
#14448=FACE_OUTER_BOUND('',#14447,.F.);
#14450=CARTESIAN_POINT('',(5.8E0,1.401E1,-5.316507068989E-1));
#14451=DIRECTION('',(0.E0,-1.E0,0.E0));
#14452=DIRECTION('',(1.E0,0.E0,0.E0));
#14453=AXIS2_PLACEMENT_3D('',#14450,#14451,#14452);
#14454=CYLINDRICAL_SURFACE('',#14453,1.E0);
#14455=ORIENTED_EDGE('',*,*,#14441,.T.);
#14456=ORIENTED_EDGE('',*,*,#14439,.T.);
#14457=ORIENTED_EDGE('',*,*,#12794,.F.);
#14458=ORIENTED_EDGE('',*,*,#13429,.F.);
#14460=ORIENTED_EDGE('',*,*,#14459,.F.);
#14461=ORIENTED_EDGE('',*,*,#13304,.F.);
#14462=ORIENTED_EDGE('',*,*,#12653,.T.);
#14463=EDGE_LOOP('',(#14455,#14456,#14457,#14458,#14460,#14461,#14462));
#14464=FACE_OUTER_BOUND('',#14463,.F.);
#14466=CARTESIAN_POINT('',(6.675E0,1.401E1,-1.75E0));
#14467=DIRECTION('',(0.E0,-1.E0,0.E0));
#14468=DIRECTION('',(1.E0,0.E0,0.E0));
#14469=AXIS2_PLACEMENT_3D('',#14466,#14467,#14468);
#14470=CYLINDRICAL_SURFACE('',#14469,5.E-1);
#14471=ORIENTED_EDGE('',*,*,#14459,.T.);
#14472=ORIENTED_EDGE('',*,*,#13438,.F.);
#14474=ORIENTED_EDGE('',*,*,#14473,.F.);
#14475=ORIENTED_EDGE('',*,*,#13306,.F.);
#14476=EDGE_LOOP('',(#14471,#14472,#14474,#14475));
#14477=FACE_OUTER_BOUND('',#14476,.F.);
#14479=CARTESIAN_POINT('',(6.175E0,1.401E1,-1.75E0));
#14480=DIRECTION('',(-1.E0,0.E0,0.E0));
#14481=DIRECTION('',(0.E0,0.E0,-1.E0));
#14482=AXIS2_PLACEMENT_3D('',#14479,#14480,#14481);
#14483=PLANE('',#14482);
#14484=ORIENTED_EDGE('',*,*,#14473,.T.);
#14485=ORIENTED_EDGE('',*,*,#13554,.T.);
#14486=ORIENTED_EDGE('',*,*,#13656,.T.);
#14487=ORIENTED_EDGE('',*,*,#13740,.T.);
#14488=EDGE_LOOP('',(#14484,#14485,#14486,#14487));
#14489=FACE_OUTER_BOUND('',#14488,.F.);
#14491=CARTESIAN_POINT('',(2.310178571429E1,4.05E0,0.E0));
#14492=DIRECTION('',(0.E0,0.E0,1.E0));
#14493=DIRECTION('',(1.E0,0.E0,0.E0));
#14494=AXIS2_PLACEMENT_3D('',#14491,#14492,#14493);
#14495=CYLINDRICAL_SURFACE('',#14494,1.940178571429E1);
#14496=ORIENTED_EDGE('',*,*,#9649,.F.);
#14497=ORIENTED_EDGE('',*,*,#13989,.F.);
#14498=ORIENTED_EDGE('',*,*,#13907,.F.);
#14499=ORIENTED_EDGE('',*,*,#13197,.F.);
#14500=ORIENTED_EDGE('',*,*,#12659,.T.);
#14502=ORIENTED_EDGE('',*,*,#14501,.F.);
#14504=ORIENTED_EDGE('',*,*,#14503,.F.);
#14505=ORIENTED_EDGE('',*,*,#12788,.T.);
#14506=ORIENTED_EDGE('',*,*,#12886,.F.);
#14507=ORIENTED_EDGE('',*,*,#12975,.T.);
#14508=ORIENTED_EDGE('',*,*,#13058,.F.);
#14509=EDGE_LOOP('',(#14496,#14497,#14498,#14499,#14500,#14502,#14504,#14505,
#14506,#14507,#14508));
#14510=FACE_OUTER_BOUND('',#14509,.F.);
#14512=CARTESIAN_POINT('',(4.7E0,1.401E1,-5.316507068989E-1));
#14513=DIRECTION('',(0.E0,-1.E0,0.E0));
#14514=DIRECTION('',(1.E0,0.E0,0.E0));
#14515=AXIS2_PLACEMENT_3D('',#14512,#14513,#14514);
#14516=CYLINDRICAL_SURFACE('',#14515,1.E0);
#14517=ORIENTED_EDGE('',*,*,#14501,.T.);
#14518=ORIENTED_EDGE('',*,*,#12657,.T.);
#14519=ORIENTED_EDGE('',*,*,#13312,.F.);
#14521=ORIENTED_EDGE('',*,*,#14520,.T.);
#14522=ORIENTED_EDGE('',*,*,#13432,.F.);
#14523=ORIENTED_EDGE('',*,*,#12790,.F.);
#14524=ORIENTED_EDGE('',*,*,#14503,.T.);
#14525=EDGE_LOOP('',(#14517,#14518,#14519,#14521,#14522,#14523,#14524));
#14526=FACE_OUTER_BOUND('',#14525,.F.);
#14528=CARTESIAN_POINT('',(3.825E0,1.401E1,-1.75E0));
#14529=DIRECTION('',(0.E0,-1.E0,0.E0));
#14530=DIRECTION('',(1.E0,0.E0,0.E0));
#14531=AXIS2_PLACEMENT_3D('',#14528,#14529,#14530);
#14532=CYLINDRICAL_SURFACE('',#14531,5.E-1);
#14534=ORIENTED_EDGE('',*,*,#14533,.T.);
#14535=ORIENTED_EDGE('',*,*,#13434,.F.);
#14536=ORIENTED_EDGE('',*,*,#14520,.F.);
#14537=ORIENTED_EDGE('',*,*,#13310,.F.);
#14538=EDGE_LOOP('',(#14534,#14535,#14536,#14537));
#14539=FACE_OUTER_BOUND('',#14538,.F.);
#14541=CARTESIAN_POINT('',(4.325E0,1.401E1,-2.05E0));
#14542=DIRECTION('',(1.E0,0.E0,0.E0));
#14543=DIRECTION('',(0.E0,0.E0,1.E0));
#14544=AXIS2_PLACEMENT_3D('',#14541,#14542,#14543);
#14545=PLANE('',#14544);
#14546=ORIENTED_EDGE('',*,*,#14533,.F.);
#14547=ORIENTED_EDGE('',*,*,#13743,.F.);
#14548=ORIENTED_EDGE('',*,*,#13659,.F.);
#14549=ORIENTED_EDGE('',*,*,#13557,.F.);
#14550=EDGE_LOOP('',(#14546,#14547,#14548,#14549));
#14551=FACE_OUTER_BOUND('',#14550,.F.);
#14553=CARTESIAN_POINT('',(8.2E0,-1.5E0,-8.2E0));
#14554=DIRECTION('',(-1.E0,0.E0,0.E0));
#14555=DIRECTION('',(0.E0,1.E0,0.E0));
#14556=AXIS2_PLACEMENT_3D('',#14553,#14554,#14555);
#14557=PLANE('',#14556);
#14559=ORIENTED_EDGE('',*,*,#14558,.T.);
#14560=ORIENTED_EDGE('',*,*,#9425,.F.);
#14561=ORIENTED_EDGE('',*,*,#9451,.F.);
#14562=ORIENTED_EDGE('',*,*,#9260,.F.);
#14563=EDGE_LOOP('',(#14559,#14560,#14561,#14562));
#14564=FACE_OUTER_BOUND('',#14563,.F.);
#14566=CARTESIAN_POINT('',(8.E0,-1.3E0,-1.888952E1));
#14567=DIRECTION('',(0.E0,0.E0,1.E0));
#14568=DIRECTION('',(0.E0,-1.E0,0.E0));
#14569=AXIS2_PLACEMENT_3D('',#14566,#14567,#14568);
#14570=CYLINDRICAL_SURFACE('',#14569,2.E-1);
#14571=ORIENTED_EDGE('',*,*,#9258,.T.);
#14572=ORIENTED_EDGE('',*,*,#9331,.T.);
#14574=ORIENTED_EDGE('',*,*,#14573,.F.);
#14575=ORIENTED_EDGE('',*,*,#14558,.F.);
#14576=EDGE_LOOP('',(#14571,#14572,#14574,#14575));
#14577=FACE_OUTER_BOUND('',#14576,.F.);
#14579=CARTESIAN_POINT('',(3.90274E1,-1.3E0,-7.635778670279E0));
#14580=DIRECTION('',(-1.E0,0.E0,0.E0));
#14581=DIRECTION('',(0.E0,-1.E0,0.E0));
#14582=AXIS2_PLACEMENT_3D('',#14579,#14580,#14581);
#14583=CYLINDRICAL_SURFACE('',#14582,2.E-1);
#14585=ORIENTED_EDGE('',*,*,#14584,.T.);
#14586=ORIENTED_EDGE('',*,*,#9419,.F.);
#14587=ORIENTED_EDGE('',*,*,#14573,.T.);
#14588=ORIENTED_EDGE('',*,*,#9336,.T.);
#14589=EDGE_LOOP('',(#14585,#14586,#14587,#14588));
#14590=FACE_OUTER_BOUND('',#14589,.F.);
#14592=CARTESIAN_POINT('',(7.155E0,0.E0,-8.2E0));
#14593=DIRECTION('',(1.E0,0.E0,0.E0));
#14594=DIRECTION('',(0.E0,-1.E0,0.E0));
#14595=AXIS2_PLACEMENT_3D('',#14592,#14593,#14594);
#14596=PLANE('',#14595);
#14597=ORIENTED_EDGE('',*,*,#14584,.F.);
#14598=ORIENTED_EDGE('',*,*,#9334,.T.);
#14599=ORIENTED_EDGE('',*,*,#9254,.T.);
#14600=ORIENTED_EDGE('',*,*,#9454,.T.);
#14601=ORIENTED_EDGE('',*,*,#9421,.T.);
#14602=EDGE_LOOP('',(#14597,#14598,#14599,#14600,#14601));
#14603=FACE_OUTER_BOUND('',#14602,.F.);
#14605=CARTESIAN_POINT('',(-9.2E0,0.E0,-4.1E0));
#14606=DIRECTION('',(1.E0,0.E0,0.E0));
#14607=DIRECTION('',(0.E0,-1.E0,0.E0));
#14608=AXIS2_PLACEMENT_3D('',#14605,#14606,#14607);
#14609=PLANE('',#14608);
#14611=ORIENTED_EDGE('',*,*,#14610,.T.);
#14613=ORIENTED_EDGE('',*,*,#14612,.T.);
#14615=ORIENTED_EDGE('',*,*,#14614,.T.);
#14616=ORIENTED_EDGE('',*,*,#9461,.F.);
#14618=ORIENTED_EDGE('',*,*,#14617,.T.);
#14620=ORIENTED_EDGE('',*,*,#14619,.T.);
#14621=EDGE_LOOP('',(#14611,#14613,#14615,#14616,#14618,#14620));
#14622=FACE_OUTER_BOUND('',#14621,.F.);
#14624=CARTESIAN_POINT('',(-9.039719767662E0,-6.5E-1,-1.155176380902E1));
#14625=DIRECTION('',(9.659258262891E-1,0.E0,2.588190451025E-1));
#14626=DIRECTION('',(-2.588190451025E-1,0.E0,9.659258262891E-1));
#14627=AXIS2_PLACEMENT_3D('',#14624,#14625,#14626);
#14628=PLANE('',#14627);
#14629=ORIENTED_EDGE('',*,*,#14610,.F.);
#14631=ORIENTED_EDGE('',*,*,#14630,.F.);
#14633=ORIENTED_EDGE('',*,*,#14632,.T.);
#14635=ORIENTED_EDGE('',*,*,#14634,.T.);
#14636=EDGE_LOOP('',(#14629,#14631,#14633,#14635));
#14637=FACE_OUTER_BOUND('',#14636,.F.);
#14639=CARTESIAN_POINT('',(-9.2E0,-6.5E-1,-7.55E0));
#14640=DIRECTION('',(0.E0,-1.E0,0.E0));
#14641=DIRECTION('',(0.E0,0.E0,-1.E0));
#14642=AXIS2_PLACEMENT_3D('',#14639,#14640,#14641);
#14643=PLANE('',#14642);
#14645=ORIENTED_EDGE('',*,*,#14644,.T.);
#14647=ORIENTED_EDGE('',*,*,#14646,.F.);
#14649=ORIENTED_EDGE('',*,*,#14648,.F.);
#14651=ORIENTED_EDGE('',*,*,#14650,.F.);
#14652=ORIENTED_EDGE('',*,*,#14630,.T.);
#14653=ORIENTED_EDGE('',*,*,#14619,.F.);
#14655=ORIENTED_EDGE('',*,*,#14654,.T.);
#14657=ORIENTED_EDGE('',*,*,#14656,.T.);
#14658=EDGE_LOOP('',(#14645,#14647,#14649,#14651,#14652,#14653,#14655,#14657));
#14659=FACE_OUTER_BOUND('',#14658,.F.);
#14661=CARTESIAN_POINT('',(-8.3E0,-6.5E-1,-1.095358983849E1));
#14662=DIRECTION('',(-9.659258262891E-1,0.E0,2.588190451025E-1));
#14663=DIRECTION('',(-2.588190451025E-1,0.E0,-9.659258262891E-1));
#14664=AXIS2_PLACEMENT_3D('',#14661,#14662,#14663);
#14665=PLANE('',#14664);
#14667=ORIENTED_EDGE('',*,*,#14666,.T.);
#14669=ORIENTED_EDGE('',*,*,#14668,.T.);
#14671=ORIENTED_EDGE('',*,*,#14670,.F.);
#14672=ORIENTED_EDGE('',*,*,#14644,.F.);
#14673=EDGE_LOOP('',(#14667,#14669,#14671,#14672));
#14674=FACE_OUTER_BOUND('',#14673,.F.);
#14676=CARTESIAN_POINT('',(-8.3E0,0.E0,-4.1E0));
#14677=DIRECTION('',(1.E0,0.E0,0.E0));
#14678=DIRECTION('',(0.E0,-1.E0,0.E0));
#14679=AXIS2_PLACEMENT_3D('',#14676,#14677,#14678);
#14680=PLANE('',#14679);
#14681=ORIENTED_EDGE('',*,*,#14666,.F.);
#14682=ORIENTED_EDGE('',*,*,#14656,.F.);
#14684=ORIENTED_EDGE('',*,*,#14683,.F.);
#14685=ORIENTED_EDGE('',*,*,#9465,.T.);
#14687=ORIENTED_EDGE('',*,*,#14686,.F.);
#14689=ORIENTED_EDGE('',*,*,#14688,.F.);
#14690=EDGE_LOOP('',(#14681,#14682,#14684,#14685,#14687,#14689));
#14691=FACE_OUTER_BOUND('',#14690,.F.);
#14693=CARTESIAN_POINT('',(-9.2E0,5.E-2,-7.55E0));
#14694=DIRECTION('',(1.E0,0.E0,0.E0));
#14695=DIRECTION('',(0.E0,-1.E0,0.E0));
#14696=AXIS2_PLACEMENT_3D('',#14693,#14694,#14695);
#14697=CYLINDRICAL_SURFACE('',#14696,7.E-1);
#14698=ORIENTED_EDGE('',*,*,#9467,.T.);
#14699=ORIENTED_EDGE('',*,*,#14683,.T.);
#14700=ORIENTED_EDGE('',*,*,#14654,.F.);
#14701=ORIENTED_EDGE('',*,*,#14617,.F.);
#14702=EDGE_LOOP('',(#14698,#14699,#14700,#14701));
#14703=FACE_OUTER_BOUND('',#14702,.F.);
#14705=CARTESIAN_POINT('',(-9.2E0,5.E-2,-7.55E0));
#14706=DIRECTION('',(1.E0,0.E0,0.E0));
#14707=DIRECTION('',(0.E0,-1.E0,0.E0));
#14708=AXIS2_PLACEMENT_3D('',#14705,#14706,#14707);
#14709=CYLINDRICAL_SURFACE('',#14708,2.E-1);
#14710=ORIENTED_EDGE('',*,*,#9463,.F.);
#14711=ORIENTED_EDGE('',*,*,#14614,.F.);
#14713=ORIENTED_EDGE('',*,*,#14712,.T.);
#14714=ORIENTED_EDGE('',*,*,#14686,.T.);
#14715=EDGE_LOOP('',(#14710,#14711,#14713,#14714));
#14716=FACE_OUTER_BOUND('',#14715,.F.);
#14718=CARTESIAN_POINT('',(-9.2E0,-1.5E-1,-1.17E1));
#14719=DIRECTION('',(0.E0,1.E0,0.E0));
#14720=DIRECTION('',(0.E0,0.E0,1.E0));
#14721=AXIS2_PLACEMENT_3D('',#14718,#14719,#14720);
#14722=PLANE('',#14721);
#14723=ORIENTED_EDGE('',*,*,#14668,.F.);
#14724=ORIENTED_EDGE('',*,*,#14688,.T.);
#14725=ORIENTED_EDGE('',*,*,#14712,.F.);
#14726=ORIENTED_EDGE('',*,*,#14612,.F.);
#14727=ORIENTED_EDGE('',*,*,#14634,.F.);
#14729=ORIENTED_EDGE('',*,*,#14728,.T.);
#14731=ORIENTED_EDGE('',*,*,#14730,.T.);
#14733=ORIENTED_EDGE('',*,*,#14732,.T.);
#14734=EDGE_LOOP('',(#14723,#14724,#14725,#14726,#14727,#14729,#14731,#14733));
#14735=FACE_OUTER_BOUND('',#14734,.F.);
#14737=CARTESIAN_POINT('',(-8.846534602404E0,-6.5E-1,-1.15E1));
#14738=DIRECTION('',(0.E0,-1.E0,0.E0));
#14739=DIRECTION('',(0.E0,0.E0,-1.E0));
#14740=AXIS2_PLACEMENT_3D('',#14737,#14738,#14739);
#14741=CYLINDRICAL_SURFACE('',#14740,2.E-1);
#14742=ORIENTED_EDGE('',*,*,#14650,.T.);
#14744=ORIENTED_EDGE('',*,*,#14743,.F.);
#14745=ORIENTED_EDGE('',*,*,#14728,.F.);
#14746=ORIENTED_EDGE('',*,*,#14632,.F.);
#14747=EDGE_LOOP('',(#14742,#14744,#14745,#14746));
#14748=FACE_OUTER_BOUND('',#14747,.F.);
#14750=CARTESIAN_POINT('',(-9.2E0,-6.5E-1,-1.17E1));
#14751=DIRECTION('',(0.E0,0.E0,-1.E0));
#14752=DIRECTION('',(0.E0,1.E0,0.E0));
#14753=AXIS2_PLACEMENT_3D('',#14750,#14751,#14752);
#14754=PLANE('',#14753);
#14755=ORIENTED_EDGE('',*,*,#14648,.T.);
#14757=ORIENTED_EDGE('',*,*,#14756,.F.);
#14758=ORIENTED_EDGE('',*,*,#14730,.F.);
#14759=ORIENTED_EDGE('',*,*,#14743,.T.);
#14760=EDGE_LOOP('',(#14755,#14757,#14758,#14759));
#14761=FACE_OUTER_BOUND('',#14760,.F.);
#14763=CARTESIAN_POINT('',(-8.653465397596E0,-6.5E-1,-1.15E1));
#14764=DIRECTION('',(0.E0,-1.E0,0.E0));
#14765=DIRECTION('',(0.E0,0.E0,-1.E0));
#14766=AXIS2_PLACEMENT_3D('',#14763,#14764,#14765);
#14767=CYLINDRICAL_SURFACE('',#14766,2.E-1);
#14768=ORIENTED_EDGE('',*,*,#14646,.T.);
#14769=ORIENTED_EDGE('',*,*,#14670,.T.);
#14770=ORIENTED_EDGE('',*,*,#14732,.F.);
#14771=ORIENTED_EDGE('',*,*,#14756,.T.);
#14772=EDGE_LOOP('',(#14768,#14769,#14770,#14771));
#14773=FACE_OUTER_BOUND('',#14772,.F.);
#14775=CARTESIAN_POINT('',(-5.7E0,0.E0,-4.1E0));
#14776=DIRECTION('',(1.E0,0.E0,0.E0));
#14777=DIRECTION('',(0.E0,-1.E0,0.E0));
#14778=AXIS2_PLACEMENT_3D('',#14775,#14776,#14777);
#14779=PLANE('',#14778);
#14781=ORIENTED_EDGE('',*,*,#14780,.T.);
#14783=ORIENTED_EDGE('',*,*,#14782,.T.);
#14785=ORIENTED_EDGE('',*,*,#14784,.T.);
#14786=ORIENTED_EDGE('',*,*,#9471,.T.);
#14788=ORIENTED_EDGE('',*,*,#14787,.T.);
#14790=ORIENTED_EDGE('',*,*,#14789,.T.);
#14791=EDGE_LOOP('',(#14781,#14783,#14785,#14786,#14788,#14790));
#14792=FACE_OUTER_BOUND('',#14791,.F.);
#14794=CARTESIAN_POINT('',(-5.539719767662E0,-6.5E-1,-1.155176380902E1));
#14795=DIRECTION('',(9.659258262891E-1,0.E0,2.588190451025E-1));
#14796=DIRECTION('',(-2.588190451025E-1,0.E0,9.659258262891E-1));
#14797=AXIS2_PLACEMENT_3D('',#14794,#14795,#14796);
#14798=PLANE('',#14797);
#14800=ORIENTED_EDGE('',*,*,#14799,.T.);
#14802=ORIENTED_EDGE('',*,*,#14801,.T.);
#14803=ORIENTED_EDGE('',*,*,#14780,.F.);
#14805=ORIENTED_EDGE('',*,*,#14804,.F.);
#14806=EDGE_LOOP('',(#14800,#14802,#14803,#14805));
#14807=FACE_OUTER_BOUND('',#14806,.F.);
#14809=CARTESIAN_POINT('',(-5.346534602404E0,-6.5E-1,-1.15E1));
#14810=DIRECTION('',(0.E0,-1.E0,0.E0));
#14811=DIRECTION('',(0.E0,0.E0,-1.E0));
#14812=AXIS2_PLACEMENT_3D('',#14809,#14810,#14811);
#14813=CYLINDRICAL_SURFACE('',#14812,2.E-1);
#14814=ORIENTED_EDGE('',*,*,#14799,.F.);
#14816=ORIENTED_EDGE('',*,*,#14815,.T.);
#14818=ORIENTED_EDGE('',*,*,#14817,.F.);
#14820=ORIENTED_EDGE('',*,*,#14819,.F.);
#14821=EDGE_LOOP('',(#14814,#14816,#14818,#14820));
#14822=FACE_OUTER_BOUND('',#14821,.F.);
#14824=CARTESIAN_POINT('',(-5.7E0,-6.5E-1,-7.55E0));
#14825=DIRECTION('',(0.E0,-1.E0,0.E0));
#14826=DIRECTION('',(0.E0,0.E0,-1.E0));
#14827=AXIS2_PLACEMENT_3D('',#14824,#14825,#14826);
#14828=PLANE('',#14827);
#14830=ORIENTED_EDGE('',*,*,#14829,.T.);
#14832=ORIENTED_EDGE('',*,*,#14831,.F.);
#14834=ORIENTED_EDGE('',*,*,#14833,.F.);
#14835=ORIENTED_EDGE('',*,*,#14815,.F.);
#14836=ORIENTED_EDGE('',*,*,#14804,.T.);
#14837=ORIENTED_EDGE('',*,*,#14789,.F.);
#14839=ORIENTED_EDGE('',*,*,#14838,.T.);
#14841=ORIENTED_EDGE('',*,*,#14840,.T.);
#14842=EDGE_LOOP('',(#14830,#14832,#14834,#14835,#14836,#14837,#14839,#14841));
#14843=FACE_OUTER_BOUND('',#14842,.F.);
#14845=CARTESIAN_POINT('',(-4.8E0,-6.5E-1,-1.095358983849E1));
#14846=DIRECTION('',(-9.659258262891E-1,0.E0,2.588190451025E-1));
#14847=DIRECTION('',(-2.588190451025E-1,0.E0,-9.659258262891E-1));
#14848=AXIS2_PLACEMENT_3D('',#14845,#14846,#14847);
#14849=PLANE('',#14848);
#14851=ORIENTED_EDGE('',*,*,#14850,.F.);
#14852=ORIENTED_EDGE('',*,*,#14829,.F.);
#14854=ORIENTED_EDGE('',*,*,#14853,.T.);
#14856=ORIENTED_EDGE('',*,*,#14855,.T.);
#14857=EDGE_LOOP('',(#14851,#14852,#14854,#14856));
#14858=FACE_OUTER_BOUND('',#14857,.F.);
#14860=CARTESIAN_POINT('',(-5.153465397596E0,-6.5E-1,-1.15E1));
#14861=DIRECTION('',(0.E0,-1.E0,0.E0));
#14862=DIRECTION('',(0.E0,0.E0,-1.E0));
#14863=AXIS2_PLACEMENT_3D('',#14860,#14861,#14862);
#14864=CYLINDRICAL_SURFACE('',#14863,2.E-1);
#14865=ORIENTED_EDGE('',*,*,#14850,.T.);
#14867=ORIENTED_EDGE('',*,*,#14866,.F.);
#14869=ORIENTED_EDGE('',*,*,#14868,.T.);
#14870=ORIENTED_EDGE('',*,*,#14831,.T.);
#14871=EDGE_LOOP('',(#14865,#14867,#14869,#14870));
#14872=FACE_OUTER_BOUND('',#14871,.F.);
#14874=CARTESIAN_POINT('',(-5.7E0,-1.5E-1,-1.17E1));
#14875=DIRECTION('',(0.E0,1.E0,0.E0));
#14876=DIRECTION('',(0.E0,0.E0,1.E0));
#14877=AXIS2_PLACEMENT_3D('',#14874,#14875,#14876);
#14878=PLANE('',#14877);
#14879=ORIENTED_EDGE('',*,*,#14855,.F.);
#14881=ORIENTED_EDGE('',*,*,#14880,.T.);
#14883=ORIENTED_EDGE('',*,*,#14882,.F.);
#14884=ORIENTED_EDGE('',*,*,#14782,.F.);
#14885=ORIENTED_EDGE('',*,*,#14801,.F.);
#14886=ORIENTED_EDGE('',*,*,#14819,.T.);
#14888=ORIENTED_EDGE('',*,*,#14887,.T.);
#14889=ORIENTED_EDGE('',*,*,#14866,.T.);
#14890=EDGE_LOOP('',(#14879,#14881,#14883,#14884,#14885,#14886,#14888,#14889));
#14891=FACE_OUTER_BOUND('',#14890,.F.);
#14893=CARTESIAN_POINT('',(-4.8E0,0.E0,-4.1E0));
#14894=DIRECTION('',(1.E0,0.E0,0.E0));
#14895=DIRECTION('',(0.E0,-1.E0,0.E0));
#14896=AXIS2_PLACEMENT_3D('',#14893,#14894,#14895);
#14897=PLANE('',#14896);
#14898=ORIENTED_EDGE('',*,*,#14853,.F.);
#14899=ORIENTED_EDGE('',*,*,#14840,.F.);
#14901=ORIENTED_EDGE('',*,*,#14900,.F.);
#14902=ORIENTED_EDGE('',*,*,#9475,.F.);
#14904=ORIENTED_EDGE('',*,*,#14903,.F.);
#14905=ORIENTED_EDGE('',*,*,#14880,.F.);
#14906=EDGE_LOOP('',(#14898,#14899,#14901,#14902,#14904,#14905));
#14907=FACE_OUTER_BOUND('',#14906,.F.);
#14909=CARTESIAN_POINT('',(-5.7E0,5.E-2,-7.55E0));
#14910=DIRECTION('',(1.E0,0.E0,0.E0));
#14911=DIRECTION('',(0.E0,-1.E0,0.E0));
#14912=AXIS2_PLACEMENT_3D('',#14909,#14910,#14911);
#14913=CYLINDRICAL_SURFACE('',#14912,7.E-1);
#14914=ORIENTED_EDGE('',*,*,#14787,.F.);
#14915=ORIENTED_EDGE('',*,*,#9477,.T.);
#14916=ORIENTED_EDGE('',*,*,#14900,.T.);
#14917=ORIENTED_EDGE('',*,*,#14838,.F.);
#14918=EDGE_LOOP('',(#14914,#14915,#14916,#14917));
#14919=FACE_OUTER_BOUND('',#14918,.F.);
#14921=CARTESIAN_POINT('',(-5.7E0,5.E-2,-7.55E0));
#14922=DIRECTION('',(1.E0,0.E0,0.E0));
#14923=DIRECTION('',(0.E0,-1.E0,0.E0));
#14924=AXIS2_PLACEMENT_3D('',#14921,#14922,#14923);
#14925=CYLINDRICAL_SURFACE('',#14924,2.E-1);
#14926=ORIENTED_EDGE('',*,*,#14784,.F.);
#14927=ORIENTED_EDGE('',*,*,#14882,.T.);
#14928=ORIENTED_EDGE('',*,*,#14903,.T.);
#14929=ORIENTED_EDGE('',*,*,#9473,.F.);
#14930=EDGE_LOOP('',(#14926,#14927,#14928,#14929));
#14931=FACE_OUTER_BOUND('',#14930,.F.);
#14933=CARTESIAN_POINT('',(-5.7E0,-6.5E-1,-1.17E1));
#14934=DIRECTION('',(0.E0,0.E0,-1.E0));
#14935=DIRECTION('',(0.E0,1.E0,0.E0));
#14936=AXIS2_PLACEMENT_3D('',#14933,#14934,#14935);
#14937=PLANE('',#14936);
#14938=ORIENTED_EDGE('',*,*,#14868,.F.);
#14939=ORIENTED_EDGE('',*,*,#14887,.F.);
#14940=ORIENTED_EDGE('',*,*,#14817,.T.);
#14941=ORIENTED_EDGE('',*,*,#14833,.T.);
#14942=EDGE_LOOP('',(#14938,#14939,#14940,#14941));
#14943=FACE_OUTER_BOUND('',#14942,.F.);
#14945=CARTESIAN_POINT('',(-2.2E0,0.E0,-4.1E0));
#14946=DIRECTION('',(1.E0,0.E0,0.E0));
#14947=DIRECTION('',(0.E0,-1.E0,0.E0));
#14948=AXIS2_PLACEMENT_3D('',#14945,#14946,#14947);
#14949=PLANE('',#14948);
#14951=ORIENTED_EDGE('',*,*,#14950,.T.);
#14953=ORIENTED_EDGE('',*,*,#14952,.T.);
#14955=ORIENTED_EDGE('',*,*,#14954,.T.);
#14956=ORIENTED_EDGE('',*,*,#9481,.T.);
#14958=ORIENTED_EDGE('',*,*,#14957,.T.);
#14960=ORIENTED_EDGE('',*,*,#14959,.T.);
#14961=EDGE_LOOP('',(#14951,#14953,#14955,#14956,#14958,#14960));
#14962=FACE_OUTER_BOUND('',#14961,.F.);
#14964=CARTESIAN_POINT('',(-2.039719767662E0,-6.5E-1,-1.155176380902E1));
#14965=DIRECTION('',(9.659258262891E-1,0.E0,2.588190451025E-1));
#14966=DIRECTION('',(-2.588190451025E-1,0.E0,9.659258262891E-1));
#14967=AXIS2_PLACEMENT_3D('',#14964,#14965,#14966);
#14968=PLANE('',#14967);
#14970=ORIENTED_EDGE('',*,*,#14969,.T.);
#14972=ORIENTED_EDGE('',*,*,#14971,.T.);
#14973=ORIENTED_EDGE('',*,*,#14950,.F.);
#14975=ORIENTED_EDGE('',*,*,#14974,.F.);
#14976=EDGE_LOOP('',(#14970,#14972,#14973,#14975));
#14977=FACE_OUTER_BOUND('',#14976,.F.);
#14979=CARTESIAN_POINT('',(-1.846534602404E0,-6.5E-1,-1.15E1));
#14980=DIRECTION('',(0.E0,-1.E0,0.E0));
#14981=DIRECTION('',(0.E0,0.E0,-1.E0));
#14982=AXIS2_PLACEMENT_3D('',#14979,#14980,#14981);
#14983=CYLINDRICAL_SURFACE('',#14982,2.E-1);
#14984=ORIENTED_EDGE('',*,*,#14969,.F.);
#14986=ORIENTED_EDGE('',*,*,#14985,.T.);
#14988=ORIENTED_EDGE('',*,*,#14987,.F.);
#14990=ORIENTED_EDGE('',*,*,#14989,.F.);
#14991=EDGE_LOOP('',(#14984,#14986,#14988,#14990));
#14992=FACE_OUTER_BOUND('',#14991,.F.);
#14994=CARTESIAN_POINT('',(-2.2E0,-6.5E-1,-7.55E0));
#14995=DIRECTION('',(0.E0,-1.E0,0.E0));
#14996=DIRECTION('',(0.E0,0.E0,-1.E0));
#14997=AXIS2_PLACEMENT_3D('',#14994,#14995,#14996);
#14998=PLANE('',#14997);
#15000=ORIENTED_EDGE('',*,*,#14999,.T.);
#15002=ORIENTED_EDGE('',*,*,#15001,.F.);
#15004=ORIENTED_EDGE('',*,*,#15003,.F.);
#15005=ORIENTED_EDGE('',*,*,#14985,.F.);
#15006=ORIENTED_EDGE('',*,*,#14974,.T.);
#15007=ORIENTED_EDGE('',*,*,#14959,.F.);
#15009=ORIENTED_EDGE('',*,*,#15008,.T.);
#15011=ORIENTED_EDGE('',*,*,#15010,.T.);
#15012=EDGE_LOOP('',(#15000,#15002,#15004,#15005,#15006,#15007,#15009,#15011));
#15013=FACE_OUTER_BOUND('',#15012,.F.);
#15015=CARTESIAN_POINT('',(-1.3E0,-6.5E-1,-1.095358983849E1));
#15016=DIRECTION('',(-9.659258262891E-1,0.E0,2.588190451025E-1));
#15017=DIRECTION('',(-2.588190451025E-1,0.E0,-9.659258262891E-1));
#15018=AXIS2_PLACEMENT_3D('',#15015,#15016,#15017);
#15019=PLANE('',#15018);
#15021=ORIENTED_EDGE('',*,*,#15020,.F.);
#15022=ORIENTED_EDGE('',*,*,#14999,.F.);
#15024=ORIENTED_EDGE('',*,*,#15023,.T.);
#15026=ORIENTED_EDGE('',*,*,#15025,.T.);
#15027=EDGE_LOOP('',(#15021,#15022,#15024,#15026));
#15028=FACE_OUTER_BOUND('',#15027,.F.);
#15030=CARTESIAN_POINT('',(-1.653465397596E0,-6.5E-1,-1.15E1));
#15031=DIRECTION('',(0.E0,-1.E0,0.E0));
#15032=DIRECTION('',(0.E0,0.E0,-1.E0));
#15033=AXIS2_PLACEMENT_3D('',#15030,#15031,#15032);
#15034=CYLINDRICAL_SURFACE('',#15033,2.E-1);
#15035=ORIENTED_EDGE('',*,*,#15020,.T.);
#15037=ORIENTED_EDGE('',*,*,#15036,.F.);
#15039=ORIENTED_EDGE('',*,*,#15038,.T.);
#15040=ORIENTED_EDGE('',*,*,#15001,.T.);
#15041=EDGE_LOOP('',(#15035,#15037,#15039,#15040));
#15042=FACE_OUTER_BOUND('',#15041,.F.);
#15044=CARTESIAN_POINT('',(-2.2E0,-1.5E-1,-1.17E1));
#15045=DIRECTION('',(0.E0,1.E0,0.E0));
#15046=DIRECTION('',(0.E0,0.E0,1.E0));
#15047=AXIS2_PLACEMENT_3D('',#15044,#15045,#15046);
#15048=PLANE('',#15047);
#15049=ORIENTED_EDGE('',*,*,#15025,.F.);
#15051=ORIENTED_EDGE('',*,*,#15050,.T.);
#15053=ORIENTED_EDGE('',*,*,#15052,.F.);
#15054=ORIENTED_EDGE('',*,*,#14952,.F.);
#15055=ORIENTED_EDGE('',*,*,#14971,.F.);
#15056=ORIENTED_EDGE('',*,*,#14989,.T.);
#15058=ORIENTED_EDGE('',*,*,#15057,.T.);
#15059=ORIENTED_EDGE('',*,*,#15036,.T.);
#15060=EDGE_LOOP('',(#15049,#15051,#15053,#15054,#15055,#15056,#15058,#15059));
#15061=FACE_OUTER_BOUND('',#15060,.F.);
#15063=CARTESIAN_POINT('',(-1.3E0,0.E0,-4.1E0));
#15064=DIRECTION('',(1.E0,0.E0,0.E0));
#15065=DIRECTION('',(0.E0,-1.E0,0.E0));
#15066=AXIS2_PLACEMENT_3D('',#15063,#15064,#15065);
#15067=PLANE('',#15066);
#15068=ORIENTED_EDGE('',*,*,#15023,.F.);
#15069=ORIENTED_EDGE('',*,*,#15010,.F.);
#15071=ORIENTED_EDGE('',*,*,#15070,.F.);
#15072=ORIENTED_EDGE('',*,*,#9485,.F.);
#15074=ORIENTED_EDGE('',*,*,#15073,.F.);
#15075=ORIENTED_EDGE('',*,*,#15050,.F.);
#15076=EDGE_LOOP('',(#15068,#15069,#15071,#15072,#15074,#15075));
#15077=FACE_OUTER_BOUND('',#15076,.F.);
#15079=CARTESIAN_POINT('',(-2.2E0,5.E-2,-7.55E0));
#15080=DIRECTION('',(1.E0,0.E0,0.E0));
#15081=DIRECTION('',(0.E0,-1.E0,0.E0));
#15082=AXIS2_PLACEMENT_3D('',#15079,#15080,#15081);
#15083=CYLINDRICAL_SURFACE('',#15082,7.E-1);
#15084=ORIENTED_EDGE('',*,*,#14957,.F.);
#15085=ORIENTED_EDGE('',*,*,#9487,.T.);
#15086=ORIENTED_EDGE('',*,*,#15070,.T.);
#15087=ORIENTED_EDGE('',*,*,#15008,.F.);
#15088=EDGE_LOOP('',(#15084,#15085,#15086,#15087));
#15089=FACE_OUTER_BOUND('',#15088,.F.);
#15091=CARTESIAN_POINT('',(-2.2E0,5.E-2,-7.55E0));
#15092=DIRECTION('',(1.E0,0.E0,0.E0));
#15093=DIRECTION('',(0.E0,-1.E0,0.E0));
#15094=AXIS2_PLACEMENT_3D('',#15091,#15092,#15093);
#15095=CYLINDRICAL_SURFACE('',#15094,2.E-1);
#15096=ORIENTED_EDGE('',*,*,#14954,.F.);
#15097=ORIENTED_EDGE('',*,*,#15052,.T.);
#15098=ORIENTED_EDGE('',*,*,#15073,.T.);
#15099=ORIENTED_EDGE('',*,*,#9483,.F.);
#15100=EDGE_LOOP('',(#15096,#15097,#15098,#15099));
#15101=FACE_OUTER_BOUND('',#15100,.F.);
#15103=CARTESIAN_POINT('',(-2.2E0,-6.5E-1,-1.17E1));
#15104=DIRECTION('',(0.E0,0.E0,-1.E0));
#15105=DIRECTION('',(0.E0,1.E0,0.E0));
#15106=AXIS2_PLACEMENT_3D('',#15103,#15104,#15105);
#15107=PLANE('',#15106);
#15108=ORIENTED_EDGE('',*,*,#15038,.F.);
#15109=ORIENTED_EDGE('',*,*,#15057,.F.);
#15110=ORIENTED_EDGE('',*,*,#14987,.T.);
#15111=ORIENTED_EDGE('',*,*,#15003,.T.);
#15112=EDGE_LOOP('',(#15108,#15109,#15110,#15111));
#15113=FACE_OUTER_BOUND('',#15112,.F.);
#15115=CARTESIAN_POINT('',(1.3E0,0.E0,-4.1E0));
#15116=DIRECTION('',(1.E0,0.E0,0.E0));
#15117=DIRECTION('',(0.E0,-1.E0,0.E0));
#15118=AXIS2_PLACEMENT_3D('',#15115,#15116,#15117);
#15119=PLANE('',#15118);
#15121=ORIENTED_EDGE('',*,*,#15120,.T.);
#15123=ORIENTED_EDGE('',*,*,#15122,.T.);
#15125=ORIENTED_EDGE('',*,*,#15124,.T.);
#15126=ORIENTED_EDGE('',*,*,#9491,.T.);
#15128=ORIENTED_EDGE('',*,*,#15127,.T.);
#15130=ORIENTED_EDGE('',*,*,#15129,.T.);
#15131=EDGE_LOOP('',(#15121,#15123,#15125,#15126,#15128,#15130));
#15132=FACE_OUTER_BOUND('',#15131,.F.);
#15134=CARTESIAN_POINT('',(1.460280232338E0,-6.5E-1,-1.155176380902E1));
#15135=DIRECTION('',(9.659258262891E-1,0.E0,2.588190451025E-1));
#15136=DIRECTION('',(-2.588190451025E-1,0.E0,9.659258262891E-1));
#15137=AXIS2_PLACEMENT_3D('',#15134,#15135,#15136);
#15138=PLANE('',#15137);
#15140=ORIENTED_EDGE('',*,*,#15139,.T.);
#15142=ORIENTED_EDGE('',*,*,#15141,.T.);
#15143=ORIENTED_EDGE('',*,*,#15120,.F.);
#15145=ORIENTED_EDGE('',*,*,#15144,.F.);
#15146=EDGE_LOOP('',(#15140,#15142,#15143,#15145));
#15147=FACE_OUTER_BOUND('',#15146,.F.);
#15149=CARTESIAN_POINT('',(1.653465397596E0,-6.5E-1,-1.15E1));
#15150=DIRECTION('',(0.E0,-1.E0,0.E0));
#15151=DIRECTION('',(0.E0,0.E0,-1.E0));
#15152=AXIS2_PLACEMENT_3D('',#15149,#15150,#15151);
#15153=CYLINDRICAL_SURFACE('',#15152,2.E-1);
#15154=ORIENTED_EDGE('',*,*,#15139,.F.);
#15156=ORIENTED_EDGE('',*,*,#15155,.T.);
#15158=ORIENTED_EDGE('',*,*,#15157,.F.);
#15160=ORIENTED_EDGE('',*,*,#15159,.F.);
#15161=EDGE_LOOP('',(#15154,#15156,#15158,#15160));
#15162=FACE_OUTER_BOUND('',#15161,.F.);
#15164=CARTESIAN_POINT('',(1.3E0,-6.5E-1,-7.55E0));
#15165=DIRECTION('',(0.E0,-1.E0,0.E0));
#15166=DIRECTION('',(0.E0,0.E0,-1.E0));
#15167=AXIS2_PLACEMENT_3D('',#15164,#15165,#15166);
#15168=PLANE('',#15167);
#15170=ORIENTED_EDGE('',*,*,#15169,.T.);
#15172=ORIENTED_EDGE('',*,*,#15171,.F.);
#15174=ORIENTED_EDGE('',*,*,#15173,.F.);
#15175=ORIENTED_EDGE('',*,*,#15155,.F.);
#15176=ORIENTED_EDGE('',*,*,#15144,.T.);
#15177=ORIENTED_EDGE('',*,*,#15129,.F.);
#15179=ORIENTED_EDGE('',*,*,#15178,.T.);
#15181=ORIENTED_EDGE('',*,*,#15180,.T.);
#15182=EDGE_LOOP('',(#15170,#15172,#15174,#15175,#15176,#15177,#15179,#15181));
#15183=FACE_OUTER_BOUND('',#15182,.F.);
#15185=CARTESIAN_POINT('',(2.2E0,-6.5E-1,-1.095358983849E1));
#15186=DIRECTION('',(-9.659258262891E-1,0.E0,2.588190451025E-1));
#15187=DIRECTION('',(-2.588190451025E-1,0.E0,-9.659258262891E-1));
#15188=AXIS2_PLACEMENT_3D('',#15185,#15186,#15187);
#15189=PLANE('',#15188);
#15191=ORIENTED_EDGE('',*,*,#15190,.F.);
#15192=ORIENTED_EDGE('',*,*,#15169,.F.);
#15194=ORIENTED_EDGE('',*,*,#15193,.T.);
#15196=ORIENTED_EDGE('',*,*,#15195,.T.);
#15197=EDGE_LOOP('',(#15191,#15192,#15194,#15196));
#15198=FACE_OUTER_BOUND('',#15197,.F.);
#15200=CARTESIAN_POINT('',(1.846534602404E0,-6.5E-1,-1.15E1));
#15201=DIRECTION('',(0.E0,-1.E0,0.E0));
#15202=DIRECTION('',(0.E0,0.E0,-1.E0));
#15203=AXIS2_PLACEMENT_3D('',#15200,#15201,#15202);
#15204=CYLINDRICAL_SURFACE('',#15203,2.E-1);
#15205=ORIENTED_EDGE('',*,*,#15190,.T.);
#15207=ORIENTED_EDGE('',*,*,#15206,.F.);
#15209=ORIENTED_EDGE('',*,*,#15208,.T.);
#15210=ORIENTED_EDGE('',*,*,#15171,.T.);
#15211=EDGE_LOOP('',(#15205,#15207,#15209,#15210));
#15212=FACE_OUTER_BOUND('',#15211,.F.);
#15214=CARTESIAN_POINT('',(1.3E0,-1.5E-1,-1.17E1));
#15215=DIRECTION('',(0.E0,1.E0,0.E0));
#15216=DIRECTION('',(0.E0,0.E0,1.E0));
#15217=AXIS2_PLACEMENT_3D('',#15214,#15215,#15216);
#15218=PLANE('',#15217);
#15219=ORIENTED_EDGE('',*,*,#15195,.F.);
#15221=ORIENTED_EDGE('',*,*,#15220,.T.);
#15223=ORIENTED_EDGE('',*,*,#15222,.F.);
#15224=ORIENTED_EDGE('',*,*,#15122,.F.);
#15225=ORIENTED_EDGE('',*,*,#15141,.F.);
#15226=ORIENTED_EDGE('',*,*,#15159,.T.);
#15228=ORIENTED_EDGE('',*,*,#15227,.T.);
#15229=ORIENTED_EDGE('',*,*,#15206,.T.);
#15230=EDGE_LOOP('',(#15219,#15221,#15223,#15224,#15225,#15226,#15228,#15229));
#15231=FACE_OUTER_BOUND('',#15230,.F.);
#15233=CARTESIAN_POINT('',(2.2E0,0.E0,-4.1E0));
#15234=DIRECTION('',(1.E0,0.E0,0.E0));
#15235=DIRECTION('',(0.E0,-1.E0,0.E0));
#15236=AXIS2_PLACEMENT_3D('',#15233,#15234,#15235);
#15237=PLANE('',#15236);
#15238=ORIENTED_EDGE('',*,*,#15193,.F.);
#15239=ORIENTED_EDGE('',*,*,#15180,.F.);
#15241=ORIENTED_EDGE('',*,*,#15240,.F.);
#15242=ORIENTED_EDGE('',*,*,#9495,.F.);
#15244=ORIENTED_EDGE('',*,*,#15243,.F.);
#15245=ORIENTED_EDGE('',*,*,#15220,.F.);
#15246=EDGE_LOOP('',(#15238,#15239,#15241,#15242,#15244,#15245));
#15247=FACE_OUTER_BOUND('',#15246,.F.);
#15249=CARTESIAN_POINT('',(1.3E0,5.E-2,-7.55E0));
#15250=DIRECTION('',(1.E0,0.E0,0.E0));
#15251=DIRECTION('',(0.E0,-1.E0,0.E0));
#15252=AXIS2_PLACEMENT_3D('',#15249,#15250,#15251);
#15253=CYLINDRICAL_SURFACE('',#15252,7.E-1);
#15254=ORIENTED_EDGE('',*,*,#15127,.F.);
#15255=ORIENTED_EDGE('',*,*,#9497,.T.);
#15256=ORIENTED_EDGE('',*,*,#15240,.T.);
#15257=ORIENTED_EDGE('',*,*,#15178,.F.);
#15258=EDGE_LOOP('',(#15254,#15255,#15256,#15257));
#15259=FACE_OUTER_BOUND('',#15258,.F.);
#15261=CARTESIAN_POINT('',(1.3E0,5.E-2,-7.55E0));
#15262=DIRECTION('',(1.E0,0.E0,0.E0));
#15263=DIRECTION('',(0.E0,-1.E0,0.E0));
#15264=AXIS2_PLACEMENT_3D('',#15261,#15262,#15263);
#15265=CYLINDRICAL_SURFACE('',#15264,2.E-1);
#15266=ORIENTED_EDGE('',*,*,#15124,.F.);
#15267=ORIENTED_EDGE('',*,*,#15222,.T.);
#15268=ORIENTED_EDGE('',*,*,#15243,.T.);
#15269=ORIENTED_EDGE('',*,*,#9493,.F.);
#15270=EDGE_LOOP('',(#15266,#15267,#15268,#15269));
#15271=FACE_OUTER_BOUND('',#15270,.F.);
#15273=CARTESIAN_POINT('',(1.3E0,-6.5E-1,-1.17E1));
#15274=DIRECTION('',(0.E0,0.E0,-1.E0));
#15275=DIRECTION('',(0.E0,1.E0,0.E0));
#15276=AXIS2_PLACEMENT_3D('',#15273,#15274,#15275);
#15277=PLANE('',#15276);
#15278=ORIENTED_EDGE('',*,*,#15208,.F.);
#15279=ORIENTED_EDGE('',*,*,#15227,.F.);
#15280=ORIENTED_EDGE('',*,*,#15157,.T.);
#15281=ORIENTED_EDGE('',*,*,#15173,.T.);
#15282=EDGE_LOOP('',(#15278,#15279,#15280,#15281));
#15283=FACE_OUTER_BOUND('',#15282,.F.);
#15285=CARTESIAN_POINT('',(4.8E0,0.E0,-4.1E0));
#15286=DIRECTION('',(1.E0,0.E0,0.E0));
#15287=DIRECTION('',(0.E0,-1.E0,0.E0));
#15288=AXIS2_PLACEMENT_3D('',#15285,#15286,#15287);
#15289=PLANE('',#15288);
#15291=ORIENTED_EDGE('',*,*,#15290,.T.);
#15293=ORIENTED_EDGE('',*,*,#15292,.T.);
#15295=ORIENTED_EDGE('',*,*,#15294,.T.);
#15296=ORIENTED_EDGE('',*,*,#9501,.T.);
#15298=ORIENTED_EDGE('',*,*,#15297,.T.);
#15300=ORIENTED_EDGE('',*,*,#15299,.T.);
#15301=EDGE_LOOP('',(#15291,#15293,#15295,#15296,#15298,#15300));
#15302=FACE_OUTER_BOUND('',#15301,.F.);
#15304=CARTESIAN_POINT('',(4.960280232338E0,-6.5E-1,-1.155176380902E1));
#15305=DIRECTION('',(9.659258262891E-1,0.E0,2.588190451025E-1));
#15306=DIRECTION('',(-2.588190451025E-1,0.E0,9.659258262891E-1));
#15307=AXIS2_PLACEMENT_3D('',#15304,#15305,#15306);
#15308=PLANE('',#15307);
#15310=ORIENTED_EDGE('',*,*,#15309,.T.);
#15312=ORIENTED_EDGE('',*,*,#15311,.T.);
#15313=ORIENTED_EDGE('',*,*,#15290,.F.);
#15315=ORIENTED_EDGE('',*,*,#15314,.F.);
#15316=EDGE_LOOP('',(#15310,#15312,#15313,#15315));
#15317=FACE_OUTER_BOUND('',#15316,.F.);
#15319=CARTESIAN_POINT('',(5.153465397596E0,-6.5E-1,-1.15E1));
#15320=DIRECTION('',(0.E0,-1.E0,0.E0));
#15321=DIRECTION('',(0.E0,0.E0,-1.E0));
#15322=AXIS2_PLACEMENT_3D('',#15319,#15320,#15321);
#15323=CYLINDRICAL_SURFACE('',#15322,2.E-1);
#15324=ORIENTED_EDGE('',*,*,#15309,.F.);
#15326=ORIENTED_EDGE('',*,*,#15325,.T.);
#15328=ORIENTED_EDGE('',*,*,#15327,.F.);
#15330=ORIENTED_EDGE('',*,*,#15329,.F.);
#15331=EDGE_LOOP('',(#15324,#15326,#15328,#15330));
#15332=FACE_OUTER_BOUND('',#15331,.F.);
#15334=CARTESIAN_POINT('',(4.8E0,-6.5E-1,-7.55E0));
#15335=DIRECTION('',(0.E0,-1.E0,0.E0));
#15336=DIRECTION('',(0.E0,0.E0,-1.E0));
#15337=AXIS2_PLACEMENT_3D('',#15334,#15335,#15336);
#15338=PLANE('',#15337);
#15340=ORIENTED_EDGE('',*,*,#15339,.T.);
#15342=ORIENTED_EDGE('',*,*,#15341,.F.);
#15344=ORIENTED_EDGE('',*,*,#15343,.F.);
#15345=ORIENTED_EDGE('',*,*,#15325,.F.);
#15346=ORIENTED_EDGE('',*,*,#15314,.T.);
#15347=ORIENTED_EDGE('',*,*,#15299,.F.);
#15349=ORIENTED_EDGE('',*,*,#15348,.T.);
#15351=ORIENTED_EDGE('',*,*,#15350,.T.);
#15352=EDGE_LOOP('',(#15340,#15342,#15344,#15345,#15346,#15347,#15349,#15351));
#15353=FACE_OUTER_BOUND('',#15352,.F.);
#15355=CARTESIAN_POINT('',(5.7E0,-6.5E-1,-1.095358983849E1));
#15356=DIRECTION('',(-9.659258262891E-1,0.E0,2.588190451025E-1));
#15357=DIRECTION('',(-2.588190451025E-1,0.E0,-9.659258262891E-1));
#15358=AXIS2_PLACEMENT_3D('',#15355,#15356,#15357);
#15359=PLANE('',#15358);
#15361=ORIENTED_EDGE('',*,*,#15360,.F.);
#15362=ORIENTED_EDGE('',*,*,#15339,.F.);
#15364=ORIENTED_EDGE('',*,*,#15363,.T.);
#15366=ORIENTED_EDGE('',*,*,#15365,.T.);
#15367=EDGE_LOOP('',(#15361,#15362,#15364,#15366));
#15368=FACE_OUTER_BOUND('',#15367,.F.);
#15370=CARTESIAN_POINT('',(5.346534602404E0,-6.5E-1,-1.15E1));
#15371=DIRECTION('',(0.E0,-1.E0,0.E0));
#15372=DIRECTION('',(0.E0,0.E0,-1.E0));
#15373=AXIS2_PLACEMENT_3D('',#15370,#15371,#15372);
#15374=CYLINDRICAL_SURFACE('',#15373,2.E-1);
#15375=ORIENTED_EDGE('',*,*,#15360,.T.);
#15377=ORIENTED_EDGE('',*,*,#15376,.F.);
#15379=ORIENTED_EDGE('',*,*,#15378,.T.);
#15380=ORIENTED_EDGE('',*,*,#15341,.T.);
#15381=EDGE_LOOP('',(#15375,#15377,#15379,#15380));
#15382=FACE_OUTER_BOUND('',#15381,.F.);
#15384=CARTESIAN_POINT('',(4.8E0,-1.5E-1,-1.17E1));
#15385=DIRECTION('',(0.E0,1.E0,0.E0));
#15386=DIRECTION('',(0.E0,0.E0,1.E0));
#15387=AXIS2_PLACEMENT_3D('',#15384,#15385,#15386);
#15388=PLANE('',#15387);
#15389=ORIENTED_EDGE('',*,*,#15365,.F.);
#15391=ORIENTED_EDGE('',*,*,#15390,.T.);
#15393=ORIENTED_EDGE('',*,*,#15392,.F.);
#15394=ORIENTED_EDGE('',*,*,#15292,.F.);
#15395=ORIENTED_EDGE('',*,*,#15311,.F.);
#15396=ORIENTED_EDGE('',*,*,#15329,.T.);
#15398=ORIENTED_EDGE('',*,*,#15397,.T.);
#15399=ORIENTED_EDGE('',*,*,#15376,.T.);
#15400=EDGE_LOOP('',(#15389,#15391,#15393,#15394,#15395,#15396,#15398,#15399));
#15401=FACE_OUTER_BOUND('',#15400,.F.);
#15403=CARTESIAN_POINT('',(5.7E0,0.E0,-4.1E0));
#15404=DIRECTION('',(1.E0,0.E0,0.E0));
#15405=DIRECTION('',(0.E0,-1.E0,0.E0));
#15406=AXIS2_PLACEMENT_3D('',#15403,#15404,#15405);
#15407=PLANE('',#15406);
#15408=ORIENTED_EDGE('',*,*,#15363,.F.);
#15409=ORIENTED_EDGE('',*,*,#15350,.F.);
#15411=ORIENTED_EDGE('',*,*,#15410,.F.);
#15412=ORIENTED_EDGE('',*,*,#9505,.F.);
#15414=ORIENTED_EDGE('',*,*,#15413,.F.);
#15415=ORIENTED_EDGE('',*,*,#15390,.F.);
#15416=EDGE_LOOP('',(#15408,#15409,#15411,#15412,#15414,#15415));
#15417=FACE_OUTER_BOUND('',#15416,.F.);
#15419=CARTESIAN_POINT('',(4.8E0,5.E-2,-7.55E0));
#15420=DIRECTION('',(1.E0,0.E0,0.E0));
#15421=DIRECTION('',(0.E0,-1.E0,0.E0));
#15422=AXIS2_PLACEMENT_3D('',#15419,#15420,#15421);
#15423=CYLINDRICAL_SURFACE('',#15422,7.E-1);
#15424=ORIENTED_EDGE('',*,*,#15297,.F.);
#15425=ORIENTED_EDGE('',*,*,#9507,.T.);
#15426=ORIENTED_EDGE('',*,*,#15410,.T.);
#15427=ORIENTED_EDGE('',*,*,#15348,.F.);
#15428=EDGE_LOOP('',(#15424,#15425,#15426,#15427));
#15429=FACE_OUTER_BOUND('',#15428,.F.);
#15431=CARTESIAN_POINT('',(4.8E0,5.E-2,-7.55E0));
#15432=DIRECTION('',(1.E0,0.E0,0.E0));
#15433=DIRECTION('',(0.E0,-1.E0,0.E0));
#15434=AXIS2_PLACEMENT_3D('',#15431,#15432,#15433);
#15435=CYLINDRICAL_SURFACE('',#15434,2.E-1);
#15436=ORIENTED_EDGE('',*,*,#15294,.F.);
#15437=ORIENTED_EDGE('',*,*,#15392,.T.);
#15438=ORIENTED_EDGE('',*,*,#15413,.T.);
#15439=ORIENTED_EDGE('',*,*,#9503,.F.);
#15440=EDGE_LOOP('',(#15436,#15437,#15438,#15439));
#15441=FACE_OUTER_BOUND('',#15440,.F.);
#15443=CARTESIAN_POINT('',(4.8E0,-6.5E-1,-1.17E1));
#15444=DIRECTION('',(0.E0,0.E0,-1.E0));
#15445=DIRECTION('',(0.E0,1.E0,0.E0));
#15446=AXIS2_PLACEMENT_3D('',#15443,#15444,#15445);
#15447=PLANE('',#15446);
#15448=ORIENTED_EDGE('',*,*,#15378,.F.);
#15449=ORIENTED_EDGE('',*,*,#15397,.F.);
#15450=ORIENTED_EDGE('',*,*,#15327,.T.);
#15451=ORIENTED_EDGE('',*,*,#15343,.T.);
#15452=EDGE_LOOP('',(#15448,#15449,#15450,#15451));
#15453=FACE_OUTER_BOUND('',#15452,.F.);
#15455=CARTESIAN_POINT('',(8.3E0,0.E0,-4.1E0));
#15456=DIRECTION('',(1.E0,0.E0,0.E0));
#15457=DIRECTION('',(0.E0,-1.E0,0.E0));
#15458=AXIS2_PLACEMENT_3D('',#15455,#15456,#15457);
#15459=PLANE('',#15458);
#15461=ORIENTED_EDGE('',*,*,#15460,.T.);
#15463=ORIENTED_EDGE('',*,*,#15462,.T.);
#15465=ORIENTED_EDGE('',*,*,#15464,.T.);
#15466=ORIENTED_EDGE('',*,*,#9511,.T.);
#15468=ORIENTED_EDGE('',*,*,#15467,.T.);
#15470=ORIENTED_EDGE('',*,*,#15469,.T.);
#15471=EDGE_LOOP('',(#15461,#15463,#15465,#15466,#15468,#15470));
#15472=FACE_OUTER_BOUND('',#15471,.F.);
#15474=CARTESIAN_POINT('',(8.460280232338E0,-6.5E-1,-1.155176380902E1));
#15475=DIRECTION('',(9.659258262891E-1,0.E0,2.588190451025E-1));
#15476=DIRECTION('',(-2.588190451025E-1,0.E0,9.659258262891E-1));
#15477=AXIS2_PLACEMENT_3D('',#15474,#15475,#15476);
#15478=PLANE('',#15477);
#15480=ORIENTED_EDGE('',*,*,#15479,.T.);
#15482=ORIENTED_EDGE('',*,*,#15481,.T.);
#15483=ORIENTED_EDGE('',*,*,#15460,.F.);
#15485=ORIENTED_EDGE('',*,*,#15484,.F.);
#15486=EDGE_LOOP('',(#15480,#15482,#15483,#15485));
#15487=FACE_OUTER_BOUND('',#15486,.F.);
#15489=CARTESIAN_POINT('',(8.653465397596E0,-6.5E-1,-1.15E1));
#15490=DIRECTION('',(0.E0,-1.E0,0.E0));
#15491=DIRECTION('',(0.E0,0.E0,-1.E0));
#15492=AXIS2_PLACEMENT_3D('',#15489,#15490,#15491);
#15493=CYLINDRICAL_SURFACE('',#15492,2.E-1);
#15494=ORIENTED_EDGE('',*,*,#15479,.F.);
#15496=ORIENTED_EDGE('',*,*,#15495,.T.);
#15498=ORIENTED_EDGE('',*,*,#15497,.F.);
#15500=ORIENTED_EDGE('',*,*,#15499,.F.);
#15501=EDGE_LOOP('',(#15494,#15496,#15498,#15500));
#15502=FACE_OUTER_BOUND('',#15501,.F.);
#15504=CARTESIAN_POINT('',(8.3E0,-6.5E-1,-7.55E0));
#15505=DIRECTION('',(0.E0,-1.E0,0.E0));
#15506=DIRECTION('',(0.E0,0.E0,-1.E0));
#15507=AXIS2_PLACEMENT_3D('',#15504,#15505,#15506);
#15508=PLANE('',#15507);
#15510=ORIENTED_EDGE('',*,*,#15509,.T.);
#15512=ORIENTED_EDGE('',*,*,#15511,.F.);
#15514=ORIENTED_EDGE('',*,*,#15513,.F.);
#15515=ORIENTED_EDGE('',*,*,#15495,.F.);
#15516=ORIENTED_EDGE('',*,*,#15484,.T.);
#15517=ORIENTED_EDGE('',*,*,#15469,.F.);
#15519=ORIENTED_EDGE('',*,*,#15518,.T.);
#15521=ORIENTED_EDGE('',*,*,#15520,.T.);
#15522=EDGE_LOOP('',(#15510,#15512,#15514,#15515,#15516,#15517,#15519,#15521));
#15523=FACE_OUTER_BOUND('',#15522,.F.);
#15525=CARTESIAN_POINT('',(9.2E0,-6.5E-1,-1.095358983849E1));
#15526=DIRECTION('',(-9.659258262891E-1,0.E0,2.588190451025E-1));
#15527=DIRECTION('',(-2.588190451025E-1,0.E0,-9.659258262891E-1));
#15528=AXIS2_PLACEMENT_3D('',#15525,#15526,#15527);
#15529=PLANE('',#15528);
#15531=ORIENTED_EDGE('',*,*,#15530,.F.);
#15532=ORIENTED_EDGE('',*,*,#15509,.F.);
#15534=ORIENTED_EDGE('',*,*,#15533,.T.);
#15536=ORIENTED_EDGE('',*,*,#15535,.T.);
#15537=EDGE_LOOP('',(#15531,#15532,#15534,#15536));
#15538=FACE_OUTER_BOUND('',#15537,.F.);
#15540=CARTESIAN_POINT('',(8.846534602404E0,-6.5E-1,-1.15E1));
#15541=DIRECTION('',(0.E0,-1.E0,0.E0));
#15542=DIRECTION('',(0.E0,0.E0,-1.E0));
#15543=AXIS2_PLACEMENT_3D('',#15540,#15541,#15542);
#15544=CYLINDRICAL_SURFACE('',#15543,2.E-1);
#15545=ORIENTED_EDGE('',*,*,#15530,.T.);
#15547=ORIENTED_EDGE('',*,*,#15546,.F.);
#15549=ORIENTED_EDGE('',*,*,#15548,.T.);
#15550=ORIENTED_EDGE('',*,*,#15511,.T.);
#15551=EDGE_LOOP('',(#15545,#15547,#15549,#15550));
#15552=FACE_OUTER_BOUND('',#15551,.F.);
#15554=CARTESIAN_POINT('',(8.3E0,-1.5E-1,-1.17E1));
#15555=DIRECTION('',(0.E0,1.E0,0.E0));
#15556=DIRECTION('',(0.E0,0.E0,1.E0));
#15557=AXIS2_PLACEMENT_3D('',#15554,#15555,#15556);
#15558=PLANE('',#15557);
#15559=ORIENTED_EDGE('',*,*,#15535,.F.);
#15561=ORIENTED_EDGE('',*,*,#15560,.T.);
#15563=ORIENTED_EDGE('',*,*,#15562,.F.);
#15564=ORIENTED_EDGE('',*,*,#15462,.F.);
#15565=ORIENTED_EDGE('',*,*,#15481,.F.);
#15566=ORIENTED_EDGE('',*,*,#15499,.T.);
#15568=ORIENTED_EDGE('',*,*,#15567,.T.);
#15569=ORIENTED_EDGE('',*,*,#15546,.T.);
#15570=EDGE_LOOP('',(#15559,#15561,#15563,#15564,#15565,#15566,#15568,#15569));
#15571=FACE_OUTER_BOUND('',#15570,.F.);
#15573=CARTESIAN_POINT('',(9.2E0,0.E0,-4.1E0));
#15574=DIRECTION('',(1.E0,0.E0,0.E0));
#15575=DIRECTION('',(0.E0,-1.E0,0.E0));
#15576=AXIS2_PLACEMENT_3D('',#15573,#15574,#15575);
#15577=PLANE('',#15576);
#15578=ORIENTED_EDGE('',*,*,#15533,.F.);
#15579=ORIENTED_EDGE('',*,*,#15520,.F.);
#15581=ORIENTED_EDGE('',*,*,#15580,.F.);
#15582=ORIENTED_EDGE('',*,*,#9515,.F.);
#15584=ORIENTED_EDGE('',*,*,#15583,.F.);
#15585=ORIENTED_EDGE('',*,*,#15560,.F.);
#15586=EDGE_LOOP('',(#15578,#15579,#15581,#15582,#15584,#15585));
#15587=FACE_OUTER_BOUND('',#15586,.F.);
#15589=CARTESIAN_POINT('',(8.3E0,5.E-2,-7.55E0));
#15590=DIRECTION('',(1.E0,0.E0,0.E0));
#15591=DIRECTION('',(0.E0,-1.E0,0.E0));
#15592=AXIS2_PLACEMENT_3D('',#15589,#15590,#15591);
#15593=CYLINDRICAL_SURFACE('',#15592,7.E-1);
#15594=ORIENTED_EDGE('',*,*,#15467,.F.);
#15595=ORIENTED_EDGE('',*,*,#9517,.T.);
#15596=ORIENTED_EDGE('',*,*,#15580,.T.);
#15597=ORIENTED_EDGE('',*,*,#15518,.F.);
#15598=EDGE_LOOP('',(#15594,#15595,#15596,#15597));
#15599=FACE_OUTER_BOUND('',#15598,.F.);
#15601=CARTESIAN_POINT('',(8.3E0,5.E-2,-7.55E0));
#15602=DIRECTION('',(1.E0,0.E0,0.E0));
#15603=DIRECTION('',(0.E0,-1.E0,0.E0));
#15604=AXIS2_PLACEMENT_3D('',#15601,#15602,#15603);
#15605=CYLINDRICAL_SURFACE('',#15604,2.E-1);
#15606=ORIENTED_EDGE('',*,*,#15464,.F.);
#15607=ORIENTED_EDGE('',*,*,#15562,.T.);
#15608=ORIENTED_EDGE('',*,*,#15583,.T.);
#15609=ORIENTED_EDGE('',*,*,#9513,.F.);
#15610=EDGE_LOOP('',(#15606,#15607,#15608,#15609));
#15611=FACE_OUTER_BOUND('',#15610,.F.);
#15613=CARTESIAN_POINT('',(8.3E0,-6.5E-1,-1.17E1));
#15614=DIRECTION('',(0.E0,0.E0,-1.E0));
#15615=DIRECTION('',(0.E0,1.E0,0.E0));
#15616=AXIS2_PLACEMENT_3D('',#15613,#15614,#15615);
#15617=PLANE('',#15616);
#15618=ORIENTED_EDGE('',*,*,#15548,.F.);
#15619=ORIENTED_EDGE('',*,*,#15567,.F.);
#15620=ORIENTED_EDGE('',*,*,#15497,.T.);
#15621=ORIENTED_EDGE('',*,*,#15513,.T.);
#15622=EDGE_LOOP('',(#15618,#15619,#15620,#15621));
#15623=FACE_OUTER_BOUND('',#15622,.F.);
#15629=PLANE_ANGLE_MEASURE_WITH_UNIT(PLANE_ANGLE_MEASURE(1.745329251994E-2),
#15628);
#15630=(CONVERSION_BASED_UNIT('DEGREE',#15629)NAMED_UNIT(*)PLANE_ANGLE_UNIT());
#15632=UNCERTAINTY_MEASURE_WITH_UNIT(LENGTH_MEASURE(1.2E-4),#15627,
'distance_accuracy_value',
'Maximum model space distance between geometric entities at asserted connectivities');
#15635=APPLICATION_CONTEXT('automotive_design');
#15636=APPLICATION_PROTOCOL_DEFINITION('international standard',
'automotive_design',2001,#15635);
#15637=PRODUCT_DEFINITION_CONTEXT('part definition',#15635,'design');
#15638=PRODUCT_CONTEXT('',#15635,'mechanical');
#15639=PRODUCT('C-284414-6','C-284414-6','NOT SPECIFIED',(#15638));
#15640=PRODUCT_DEFINITION_FORMATION('1','LAST_VERSION',#15639);
#15648=DERIVED_UNIT_ELEMENT(#15647,2.E0);
#15649=DERIVED_UNIT((#15648));
#15650=MEASURE_REPRESENTATION_ITEM('surface area measure',AREA_MEASURE(
1.393367651868E3),#15649);
#15655=DERIVED_UNIT_ELEMENT(#15654,3.E0);
#15656=DERIVED_UNIT((#15655));
#15657=MEASURE_REPRESENTATION_ITEM('volume measure',VOLUME_MEASURE(
1.763944782150E3),#15656);
#15661=CARTESIAN_POINT('centre point',(1.891073928491E-2,5.608775862857E0,
-4.412207150553E0));
#15666=DERIVED_UNIT_ELEMENT(#15665,2.E0);
#15667=DERIVED_UNIT((#15666));
#15668=MEASURE_REPRESENTATION_ITEM('surface area measure',AREA_MEASURE(
1.393367651868E3),#15667);
#15673=DERIVED_UNIT_ELEMENT(#15672,3.E0);
#15674=DERIVED_UNIT((#15673));
#15675=MEASURE_REPRESENTATION_ITEM('volume measure',VOLUME_MEASURE(
1.763944782150E3),#15674);
#15679=CARTESIAN_POINT('centre point',(1.891073928491E-2,5.608775862857E0,
-4.412207150553E0));
#15684=PRODUCT_RELATED_PRODUCT_CATEGORY('part','',(#15639));
#1=COLOUR_RGB('',8.784E-1,9.49E-1,1.E0);
#22=CIRCLE('',#21,1.5E-1);
#63=CIRCLE('',#62,1.5E-1);
#88=CIRCLE('',#87,2.E-1);
#101=CIRCLE('',#100,1.5E-1);
#110=CIRCLE('',#109,5.E-2);
#123=CIRCLE('',#122,5.E-2);
#132=CIRCLE('',#131,1.5E-1);
#145=CIRCLE('',#144,2.E-1);
#162=CIRCLE('',#161,2.E-1);
#187=CIRCLE('',#186,2.E-1);
#204=CIRCLE('',#203,2.E-1);
#286=B_SPLINE_CURVE_WITH_KNOTS('',3,(#261,#262,#263,#264,#265,#266,#267,#268,
#269,#270,#271,#272,#273,#274,#275,#276,#277,#278,#279,#280,#281,#282,#283,#284,
#285),.UNSPECIFIED.,.F.,.F.,(4,1,1,1,1,1,1,1,1,1,1,1,1,1,1,1,1,1,1,1,1,1,4),(
0.E0,4.545454545455E-2,9.090909090909E-2,1.363636363636E-1,1.818181818182E-1,
2.272727272727E-1,2.727272727273E-1,3.181818181818E-1,3.636363636364E-1,
4.090909090909E-1,4.545454545455E-1,5.E-1,5.454545454545E-1,5.909090909091E-1,
6.363636363636E-1,6.818181818182E-1,7.272727272727E-1,7.727272727273E-1,
8.181818181818E-1,8.636363636364E-1,9.090909090909E-1,9.545454545455E-1,1.E0),
.UNSPECIFIED.);
#488=B_SPLINE_CURVE_WITH_KNOTS('',3,(#463,#464,#465,#466,#467,#468,#469,#470,
#471,#472,#473,#474,#475,#476,#477,#478,#479,#480,#481,#482,#483,#484,#485,#486,
#487),.UNSPECIFIED.,.F.,.F.,(4,1,1,1,1,1,1,1,1,1,1,1,1,1,1,1,1,1,1,1,1,1,4),(
0.E0,4.545454545455E-2,9.090909090909E-2,1.363636363636E-1,1.818181818182E-1,
2.272727272727E-1,2.727272727273E-1,3.181818181818E-1,3.636363636364E-1,
4.090909090909E-1,4.545454545455E-1,5.E-1,5.454545454545E-1,5.909090909091E-1,
6.363636363636E-1,6.818181818182E-1,7.272727272727E-1,7.727272727273E-1,
8.181818181818E-1,8.636363636364E-1,9.090909090909E-1,9.545454545455E-1,1.E0),
.UNSPECIFIED.);
#493=CIRCLE('',#492,2.E-1);
#506=CIRCLE('',#505,1.940178571429E1);
#515=CIRCLE('',#514,1.940178571429E1);
#524=CIRCLE('',#523,1.940178571429E1);
#537=CIRCLE('',#536,1.940178571429E1);
#546=CIRCLE('',#545,1.940178571429E1);
#555=CIRCLE('',#554,1.940178571429E1);
#564=CIRCLE('',#563,1.940178571429E1);
#573=CIRCLE('',#572,1.940178571429E1);
#582=CIRCLE('',#581,1.940178571429E1);
#591=CIRCLE('',#590,1.940178571429E1);
#600=CIRCLE('',#599,1.940178571429E1);
#609=CIRCLE('',#608,1.940178571429E1);
#618=CIRCLE('',#617,4.510416666667E1);
#635=CIRCLE('',#634,2.E-1);
#660=CIRCLE('',#659,1.5E-1);
#701=CIRCLE('',#700,1.5E-1);
#739=B_SPLINE_CURVE_WITH_KNOTS('',3,(#714,#715,#716,#717,#718,#719,#720,#721,
#722,#723,#724,#725,#726,#727,#728,#729,#730,#731,#732,#733,#734,#735,#736,#737,
#738),.UNSPECIFIED.,.F.,.F.,(4,1,1,1,1,1,1,1,1,1,1,1,1,1,1,1,1,1,1,1,1,1,4),(
0.E0,4.545454545455E-2,9.090909090909E-2,1.363636363636E-1,1.818181818182E-1,
2.272727272727E-1,2.727272727273E-1,3.181818181818E-1,3.636363636364E-1,
4.090909090909E-1,4.545454545455E-1,5.E-1,5.454545454545E-1,5.909090909091E-1,
6.363636363636E-1,6.818181818182E-1,7.272727272727E-1,7.727272727273E-1,
8.181818181818E-1,8.636363636364E-1,9.090909090909E-1,9.545454545455E-1,1.E0),
.UNSPECIFIED.);
#768=CIRCLE('',#767,5.E-2);
#777=CIRCLE('',#776,1.5E-1);
#786=CIRCLE('',#785,1.5E-1);
#795=CIRCLE('',#794,5.E-2);
#800=CIRCLE('',#799,5.E-2);
#809=CIRCLE('',#808,1.5E-1);
#818=CIRCLE('',#817,1.5E-1);
#827=CIRCLE('',#826,5.E-2);
#832=CIRCLE('',#831,1.5E-1);
#841=CIRCLE('',#840,5.E-2);
#850=CIRCLE('',#849,5.E-2);
#859=CIRCLE('',#858,1.5E-1);
#864=CIRCLE('',#863,1.5E-1);
#873=CIRCLE('',#872,5.E-2);
#882=CIRCLE('',#881,5.E-2);
#891=CIRCLE('',#890,1.5E-1);
#896=CIRCLE('',#895,1.45E0);
#901=CIRCLE('',#900,1.45E0);
#906=CIRCLE('',#905,1.45E0);
#911=CIRCLE('',#910,1.45E0);
#916=CIRCLE('',#915,1.45E0);
#921=CIRCLE('',#920,1.45E0);
#926=CIRCLE('',#925,1.45E0);
#931=CIRCLE('',#930,1.45E0);
#936=CIRCLE('',#935,1.45E0);
#941=CIRCLE('',#940,1.45E0);
#946=CIRCLE('',#945,1.45E0);
#951=CIRCLE('',#950,1.45E0);
#968=CIRCLE('',#967,5.E-2);
#977=CIRCLE('',#976,1.5E-1);
#986=CIRCLE('',#985,1.5E-1);
#995=CIRCLE('',#994,5.E-2);
#1032=CIRCLE('',#1031,5.E-2);
#1041=CIRCLE('',#1040,1.5E-1);
#1050=CIRCLE('',#1049,1.5E-1);
#1059=CIRCLE('',#1058,5.E-2);
#1064=CIRCLE('',#1063,5.E-2);
#1073=CIRCLE('',#1072,1.5E-1);
#1082=CIRCLE('',#1081,1.5E-1);
#1091=CIRCLE('',#1090,5.E-2);
#1140=CIRCLE('',#1139,1.5E-1);
#1149=CIRCLE('',#1148,5.E-2);
#1158=CIRCLE('',#1157,5.E-2);
#1167=CIRCLE('',#1166,1.5E-1);
#1172=CIRCLE('',#1171,1.5E-1);
#1181=CIRCLE('',#1180,5.E-2);
#1190=CIRCLE('',#1189,5.E-2);
#1199=CIRCLE('',#1198,1.5E-1);
#1274=B_SPLINE_CURVE_WITH_KNOTS('',3,(#1248,#1249,#1250,#1251,#1252,#1253,#1254,
#1255,#1256,#1257,#1258,#1259,#1260,#1261,#1262,#1263,#1264,#1265,#1266,#1267,
#1268,#1269,#1270,#1271,#1272,#1273),.UNSPECIFIED.,.F.,.F.,(4,1,1,1,1,1,1,1,1,1,
1,1,1,1,1,1,1,1,1,1,1,1,1,4),(0.E0,4.347826086957E-2,8.695652173913E-2,
1.304347826087E-1,1.739130434783E-1,2.173913043478E-1,2.608695652174E-1,
3.043478260870E-1,3.478260869565E-1,3.913043478261E-1,4.347826086957E-1,
4.782608695652E-1,5.217391304348E-1,5.652173913043E-1,6.086956521739E-1,
6.521739130435E-1,6.956521739130E-1,7.391304347826E-1,7.826086956522E-1,
8.260869565217E-1,8.695652173913E-1,9.130434782609E-1,9.565217391304E-1,1.E0),
.UNSPECIFIED.);
#1282=B_SPLINE_CURVE_WITH_KNOTS('',3,(#1275,#1276,#1277,#1278,#1279,#1280,
#1281),.UNSPECIFIED.,.F.,.F.,(4,1,1,1,4),(0.E0,2.5E-1,5.E-1,7.5E-1,1.E0),
.UNSPECIFIED.);
#1309=B_SPLINE_CURVE_WITH_KNOTS('',3,(#1283,#1284,#1285,#1286,#1287,#1288,#1289,
#1290,#1291,#1292,#1293,#1294,#1295,#1296,#1297,#1298,#1299,#1300,#1301,#1302,
#1303,#1304,#1305,#1306,#1307,#1308),.UNSPECIFIED.,.F.,.F.,(4,1,1,1,1,1,1,1,1,1,
1,1,1,1,1,1,1,1,1,1,1,1,1,4),(0.E0,4.347826086957E-2,8.695652173913E-2,
1.304347826087E-1,1.739130434783E-1,2.173913043478E-1,2.608695652174E-1,
3.043478260870E-1,3.478260869565E-1,3.913043478261E-1,4.347826086957E-1,
4.782608695652E-1,5.217391304348E-1,5.652173913043E-1,6.086956521739E-1,
6.521739130435E-1,6.956521739130E-1,7.391304347826E-1,7.826086956522E-1,
8.260869565217E-1,8.695652173913E-1,9.130434782609E-1,9.565217391304E-1,1.E0),
.UNSPECIFIED.);
#1321=B_SPLINE_CURVE_WITH_KNOTS('',3,(#1310,#1311,#1312,#1313,#1314,#1315,#1316,
#1317,#1318,#1319,#1320),.UNSPECIFIED.,.F.,.F.,(4,1,1,1,1,1,1,1,4),(0.E0,
1.25E-1,2.5E-1,3.75E-1,5.E-1,6.25E-1,7.5E-1,8.75E-1,1.E0),.UNSPECIFIED.);
#1348=B_SPLINE_CURVE_WITH_KNOTS('',3,(#1322,#1323,#1324,#1325,#1326,#1327,#1328,
#1329,#1330,#1331,#1332,#1333,#1334,#1335,#1336,#1337,#1338,#1339,#1340,#1341,
#1342,#1343,#1344,#1345,#1346,#1347),.UNSPECIFIED.,.F.,.F.,(4,1,1,1,1,1,1,1,1,1,
1,1,1,1,1,1,1,1,1,1,1,1,1,4),(0.E0,4.347826086957E-2,8.695652173913E-2,
1.304347826087E-1,1.739130434783E-1,2.173913043478E-1,2.608695652174E-1,
3.043478260870E-1,3.478260869565E-1,3.913043478261E-1,4.347826086957E-1,
4.782608695652E-1,5.217391304348E-1,5.652173913043E-1,6.086956521739E-1,
6.521739130435E-1,6.956521739130E-1,7.391304347826E-1,7.826086956522E-1,
8.260869565217E-1,8.695652173913E-1,9.130434782609E-1,9.565217391304E-1,1.E0),
.UNSPECIFIED.);
#1356=B_SPLINE_CURVE_WITH_KNOTS('',3,(#1349,#1350,#1351,#1352,#1353,#1354,
#1355),.UNSPECIFIED.,.F.,.F.,(4,1,1,1,4),(0.E0,2.5E-1,5.E-1,7.5E-1,1.E0),
.UNSPECIFIED.);
#1383=B_SPLINE_CURVE_WITH_KNOTS('',3,(#1357,#1358,#1359,#1360,#1361,#1362,#1363,
#1364,#1365,#1366,#1367,#1368,#1369,#1370,#1371,#1372,#1373,#1374,#1375,#1376,
#1377,#1378,#1379,#1380,#1381,#1382),.UNSPECIFIED.,.F.,.F.,(4,1,1,1,1,1,1,1,1,1,
1,1,1,1,1,1,1,1,1,1,1,1,1,4),(0.E0,4.347826086957E-2,8.695652173913E-2,
1.304347826087E-1,1.739130434783E-1,2.173913043478E-1,2.608695652174E-1,
3.043478260870E-1,3.478260869565E-1,3.913043478261E-1,4.347826086957E-1,
4.782608695652E-1,5.217391304348E-1,5.652173913043E-1,6.086956521739E-1,
6.521739130435E-1,6.956521739130E-1,7.391304347826E-1,7.826086956522E-1,
8.260869565217E-1,8.695652173913E-1,9.130434782609E-1,9.565217391304E-1,1.E0),
.UNSPECIFIED.);
#1395=B_SPLINE_CURVE_WITH_KNOTS('',3,(#1384,#1385,#1386,#1387,#1388,#1389,#1390,
#1391,#1392,#1393,#1394),.UNSPECIFIED.,.F.,.F.,(4,1,1,1,1,1,1,1,4),(0.E0,
1.25E-1,2.5E-1,3.75E-1,5.E-1,6.25E-1,7.5E-1,8.75E-1,1.E0),.UNSPECIFIED.);
#1430=B_SPLINE_CURVE_WITH_KNOTS('',3,(#1404,#1405,#1406,#1407,#1408,#1409,#1410,
#1411,#1412,#1413,#1414,#1415,#1416,#1417,#1418,#1419,#1420,#1421,#1422,#1423,
#1424,#1425,#1426,#1427,#1428,#1429),.UNSPECIFIED.,.F.,.F.,(4,1,1,1,1,1,1,1,1,1,
1,1,1,1,1,1,1,1,1,1,1,1,1,4),(0.E0,4.347826086957E-2,8.695652173913E-2,
1.304347826087E-1,1.739130434783E-1,2.173913043478E-1,2.608695652174E-1,
3.043478260870E-1,3.478260869565E-1,3.913043478261E-1,4.347826086957E-1,
4.782608695652E-1,5.217391304348E-1,5.652173913043E-1,6.086956521739E-1,
6.521739130435E-1,6.956521739130E-1,7.391304347826E-1,7.826086956522E-1,
8.260869565217E-1,8.695652173913E-1,9.130434782609E-1,9.565217391304E-1,1.E0),
.UNSPECIFIED.);
#1438=B_SPLINE_CURVE_WITH_KNOTS('',3,(#1431,#1432,#1433,#1434,#1435,#1436,
#1437),.UNSPECIFIED.,.F.,.F.,(4,1,1,1,4),(0.E0,2.5E-1,5.E-1,7.5E-1,1.E0),
.UNSPECIFIED.);
#1465=B_SPLINE_CURVE_WITH_KNOTS('',3,(#1439,#1440,#1441,#1442,#1443,#1444,#1445,
#1446,#1447,#1448,#1449,#1450,#1451,#1452,#1453,#1454,#1455,#1456,#1457,#1458,
#1459,#1460,#1461,#1462,#1463,#1464),.UNSPECIFIED.,.F.,.F.,(4,1,1,1,1,1,1,1,1,1,
1,1,1,1,1,1,1,1,1,1,1,1,1,4),(0.E0,4.347826086957E-2,8.695652173913E-2,
1.304347826087E-1,1.739130434783E-1,2.173913043478E-1,2.608695652174E-1,
3.043478260870E-1,3.478260869565E-1,3.913043478261E-1,4.347826086957E-1,
4.782608695652E-1,5.217391304348E-1,5.652173913043E-1,6.086956521739E-1,
6.521739130435E-1,6.956521739130E-1,7.391304347826E-1,7.826086956522E-1,
8.260869565217E-1,8.695652173913E-1,9.130434782609E-1,9.565217391304E-1,1.E0),
.UNSPECIFIED.);
#1477=B_SPLINE_CURVE_WITH_KNOTS('',3,(#1466,#1467,#1468,#1469,#1470,#1471,#1472,
#1473,#1474,#1475,#1476),.UNSPECIFIED.,.F.,.F.,(4,1,1,1,1,1,1,1,4),(0.E0,
1.25E-1,2.5E-1,3.75E-1,5.E-1,6.25E-1,7.5E-1,8.75E-1,1.E0),.UNSPECIFIED.);
#1504=B_SPLINE_CURVE_WITH_KNOTS('',3,(#1478,#1479,#1480,#1481,#1482,#1483,#1484,
#1485,#1486,#1487,#1488,#1489,#1490,#1491,#1492,#1493,#1494,#1495,#1496,#1497,
#1498,#1499,#1500,#1501,#1502,#1503),.UNSPECIFIED.,.F.,.F.,(4,1,1,1,1,1,1,1,1,1,
1,1,1,1,1,1,1,1,1,1,1,1,1,4),(0.E0,4.347826086957E-2,8.695652173913E-2,
1.304347826087E-1,1.739130434783E-1,2.173913043478E-1,2.608695652174E-1,
3.043478260870E-1,3.478260869565E-1,3.913043478261E-1,4.347826086957E-1,
4.782608695652E-1,5.217391304348E-1,5.652173913043E-1,6.086956521739E-1,
6.521739130435E-1,6.956521739130E-1,7.391304347826E-1,7.826086956522E-1,
8.260869565217E-1,8.695652173913E-1,9.130434782609E-1,9.565217391304E-1,1.E0),
.UNSPECIFIED.);
#1512=B_SPLINE_CURVE_WITH_KNOTS('',3,(#1505,#1506,#1507,#1508,#1509,#1510,
#1511),.UNSPECIFIED.,.F.,.F.,(4,1,1,1,4),(0.E0,2.5E-1,5.E-1,7.5E-1,1.E0),
.UNSPECIFIED.);
#1539=B_SPLINE_CURVE_WITH_KNOTS('',3,(#1513,#1514,#1515,#1516,#1517,#1518,#1519,
#1520,#1521,#1522,#1523,#1524,#1525,#1526,#1527,#1528,#1529,#1530,#1531,#1532,
#1533,#1534,#1535,#1536,#1537,#1538),.UNSPECIFIED.,.F.,.F.,(4,1,1,1,1,1,1,1,1,1,
1,1,1,1,1,1,1,1,1,1,1,1,1,4),(0.E0,4.347826086957E-2,8.695652173913E-2,
1.304347826087E-1,1.739130434783E-1,2.173913043478E-1,2.608695652174E-1,
3.043478260870E-1,3.478260869565E-1,3.913043478261E-1,4.347826086957E-1,
4.782608695652E-1,5.217391304348E-1,5.652173913043E-1,6.086956521739E-1,
6.521739130435E-1,6.956521739130E-1,7.391304347826E-1,7.826086956522E-1,
8.260869565217E-1,8.695652173913E-1,9.130434782609E-1,9.565217391304E-1,1.E0),
.UNSPECIFIED.);
#1551=B_SPLINE_CURVE_WITH_KNOTS('',3,(#1540,#1541,#1542,#1543,#1544,#1545,#1546,
#1547,#1548,#1549,#1550),.UNSPECIFIED.,.F.,.F.,(4,1,1,1,1,1,1,1,4),(0.E0,
1.25E-1,2.5E-1,3.75E-1,5.E-1,6.25E-1,7.5E-1,8.75E-1,1.E0),.UNSPECIFIED.);
#1560=CIRCLE('',#1559,1.45E0);
#1565=CIRCLE('',#1564,1.45E0);
#1578=CIRCLE('',#1577,1.4E0);
#1591=CIRCLE('',#1590,1.4E0);
#1600=CIRCLE('',#1599,1.4E0);
#1605=CIRCLE('',#1604,1.2E0);
#1630=B_SPLINE_CURVE_WITH_KNOTS('',3,(#1606,#1607,#1608,#1609,#1610,#1611,#1612,
#1613,#1614,#1615,#1616,#1617,#1618,#1619,#1620,#1621,#1622,#1623,#1624,#1625,
#1626,#1627,#1628,#1629),.UNSPECIFIED.,.F.,.F.,(4,1,1,1,1,1,1,1,1,1,1,1,1,1,1,1,
1,1,1,1,1,4),(0.E0,4.761904761905E-2,9.523809523810E-2,1.428571428571E-1,
1.904761904762E-1,2.380952380952E-1,2.857142857143E-1,3.333333333333E-1,
3.809523809524E-1,4.285714285714E-1,4.761904761905E-1,5.238095238095E-1,
5.714285714286E-1,6.190476190476E-1,6.666666666667E-1,7.142857142857E-1,
7.619047619048E-1,8.095238095238E-1,8.571428571429E-1,9.047619047619E-1,
9.523809523810E-1,1.E0),.UNSPECIFIED.);
#1655=B_SPLINE_CURVE_WITH_KNOTS('',3,(#1631,#1632,#1633,#1634,#1635,#1636,#1637,
#1638,#1639,#1640,#1641,#1642,#1643,#1644,#1645,#1646,#1647,#1648,#1649,#1650,
#1651,#1652,#1653,#1654),.UNSPECIFIED.,.F.,.F.,(4,1,1,1,1,1,1,1,1,1,1,1,1,1,1,1,
1,1,1,1,1,4),(0.E0,4.761904761905E-2,9.523809523810E-2,1.428571428571E-1,
1.904761904762E-1,2.380952380952E-1,2.857142857143E-1,3.333333333333E-1,
3.809523809524E-1,4.285714285714E-1,4.761904761905E-1,5.238095238095E-1,
5.714285714286E-1,6.190476190476E-1,6.666666666667E-1,7.142857142857E-1,
7.619047619048E-1,8.095238095238E-1,8.571428571429E-1,9.047619047619E-1,
9.523809523810E-1,1.E0),.UNSPECIFIED.);
#1668=CIRCLE('',#1667,1.4E0);
#1673=CIRCLE('',#1672,1.2E0);
#1698=B_SPLINE_CURVE_WITH_KNOTS('',3,(#1674,#1675,#1676,#1677,#1678,#1679,#1680,
#1681,#1682,#1683,#1684,#1685,#1686,#1687,#1688,#1689,#1690,#1691,#1692,#1693,
#1694,#1695,#1696,#1697),.UNSPECIFIED.,.F.,.F.,(4,1,1,1,1,1,1,1,1,1,1,1,1,1,1,1,
1,1,1,1,1,4),(0.E0,4.761904761905E-2,9.523809523810E-2,1.428571428571E-1,
1.904761904762E-1,2.380952380952E-1,2.857142857143E-1,3.333333333333E-1,
3.809523809524E-1,4.285714285714E-1,4.761904761905E-1,5.238095238095E-1,
5.714285714286E-1,6.190476190476E-1,6.666666666667E-1,7.142857142857E-1,
7.619047619048E-1,8.095238095238E-1,8.571428571429E-1,9.047619047619E-1,
9.523809523810E-1,1.E0),.UNSPECIFIED.);
#1723=B_SPLINE_CURVE_WITH_KNOTS('',3,(#1699,#1700,#1701,#1702,#1703,#1704,#1705,
#1706,#1707,#1708,#1709,#1710,#1711,#1712,#1713,#1714,#1715,#1716,#1717,#1718,
#1719,#1720,#1721,#1722),.UNSPECIFIED.,.F.,.F.,(4,1,1,1,1,1,1,1,1,1,1,1,1,1,1,1,
1,1,1,1,1,4),(0.E0,4.761904761905E-2,9.523809523810E-2,1.428571428571E-1,
1.904761904762E-1,2.380952380952E-1,2.857142857143E-1,3.333333333333E-1,
3.809523809524E-1,4.285714285714E-1,4.761904761905E-1,5.238095238095E-1,
5.714285714286E-1,6.190476190476E-1,6.666666666667E-1,7.142857142857E-1,
7.619047619048E-1,8.095238095238E-1,8.571428571429E-1,9.047619047619E-1,
9.523809523810E-1,1.E0),.UNSPECIFIED.);
#1782=B_SPLINE_CURVE_WITH_KNOTS('',3,(#1756,#1757,#1758,#1759,#1760,#1761,#1762,
#1763,#1764,#1765,#1766,#1767,#1768,#1769,#1770,#1771,#1772,#1773,#1774,#1775,
#1776,#1777,#1778,#1779,#1780,#1781),.UNSPECIFIED.,.F.,.F.,(4,1,1,1,1,1,1,1,1,1,
1,1,1,1,1,1,1,1,1,1,1,1,1,4),(0.E0,4.347826086957E-2,8.695652173913E-2,
1.304347826087E-1,1.739130434783E-1,2.173913043478E-1,2.608695652174E-1,
3.043478260870E-1,3.478260869565E-1,3.913043478261E-1,4.347826086957E-1,
4.782608695652E-1,5.217391304348E-1,5.652173913043E-1,6.086956521739E-1,
6.521739130435E-1,6.956521739130E-1,7.391304347826E-1,7.826086956522E-1,
8.260869565217E-1,8.695652173913E-1,9.130434782609E-1,9.565217391304E-1,1.E0),
.UNSPECIFIED.);
#1790=B_SPLINE_CURVE_WITH_KNOTS('',3,(#1783,#1784,#1785,#1786,#1787,#1788,
#1789),.UNSPECIFIED.,.F.,.F.,(4,1,1,1,4),(0.E0,2.5E-1,5.E-1,7.5E-1,1.E0),
.UNSPECIFIED.);
#1817=B_SPLINE_CURVE_WITH_KNOTS('',3,(#1791,#1792,#1793,#1794,#1795,#1796,#1797,
#1798,#1799,#1800,#1801,#1802,#1803,#1804,#1805,#1806,#1807,#1808,#1809,#1810,
#1811,#1812,#1813,#1814,#1815,#1816),.UNSPECIFIED.,.F.,.F.,(4,1,1,1,1,1,1,1,1,1,
1,1,1,1,1,1,1,1,1,1,1,1,1,4),(0.E0,4.347826086957E-2,8.695652173913E-2,
1.304347826087E-1,1.739130434783E-1,2.173913043478E-1,2.608695652174E-1,
3.043478260870E-1,3.478260869565E-1,3.913043478261E-1,4.347826086957E-1,
4.782608695652E-1,5.217391304348E-1,5.652173913043E-1,6.086956521739E-1,
6.521739130435E-1,6.956521739130E-1,7.391304347826E-1,7.826086956522E-1,
8.260869565217E-1,8.695652173913E-1,9.130434782609E-1,9.565217391304E-1,1.E0),
.UNSPECIFIED.);
#1829=B_SPLINE_CURVE_WITH_KNOTS('',3,(#1818,#1819,#1820,#1821,#1822,#1823,#1824,
#1825,#1826,#1827,#1828),.UNSPECIFIED.,.F.,.F.,(4,1,1,1,1,1,1,1,4),(0.E0,
1.25E-1,2.5E-1,3.75E-1,5.E-1,6.25E-1,7.5E-1,8.75E-1,1.E0),.UNSPECIFIED.);
#1856=B_SPLINE_CURVE_WITH_KNOTS('',3,(#1830,#1831,#1832,#1833,#1834,#1835,#1836,
#1837,#1838,#1839,#1840,#1841,#1842,#1843,#1844,#1845,#1846,#1847,#1848,#1849,
#1850,#1851,#1852,#1853,#1854,#1855),.UNSPECIFIED.,.F.,.F.,(4,1,1,1,1,1,1,1,1,1,
1,1,1,1,1,1,1,1,1,1,1,1,1,4),(0.E0,4.347826086957E-2,8.695652173913E-2,
1.304347826087E-1,1.739130434783E-1,2.173913043478E-1,2.608695652174E-1,
3.043478260870E-1,3.478260869565E-1,3.913043478261E-1,4.347826086957E-1,
4.782608695652E-1,5.217391304348E-1,5.652173913043E-1,6.086956521739E-1,
6.521739130435E-1,6.956521739130E-1,7.391304347826E-1,7.826086956522E-1,
8.260869565217E-1,8.695652173913E-1,9.130434782609E-1,9.565217391304E-1,1.E0),
.UNSPECIFIED.);
#1864=B_SPLINE_CURVE_WITH_KNOTS('',3,(#1857,#1858,#1859,#1860,#1861,#1862,
#1863),.UNSPECIFIED.,.F.,.F.,(4,1,1,1,4),(0.E0,2.5E-1,5.E-1,7.5E-1,1.E0),
.UNSPECIFIED.);
#1891=B_SPLINE_CURVE_WITH_KNOTS('',3,(#1865,#1866,#1867,#1868,#1869,#1870,#1871,
#1872,#1873,#1874,#1875,#1876,#1877,#1878,#1879,#1880,#1881,#1882,#1883,#1884,
#1885,#1886,#1887,#1888,#1889,#1890),.UNSPECIFIED.,.F.,.F.,(4,1,1,1,1,1,1,1,1,1,
1,1,1,1,1,1,1,1,1,1,1,1,1,4),(0.E0,4.347826086957E-2,8.695652173913E-2,
1.304347826087E-1,1.739130434783E-1,2.173913043478E-1,2.608695652174E-1,
3.043478260870E-1,3.478260869565E-1,3.913043478261E-1,4.347826086957E-1,
4.782608695652E-1,5.217391304348E-1,5.652173913043E-1,6.086956521739E-1,
6.521739130435E-1,6.956521739130E-1,7.391304347826E-1,7.826086956522E-1,
8.260869565217E-1,8.695652173913E-1,9.130434782609E-1,9.565217391304E-1,1.E0),
.UNSPECIFIED.);
#1903=B_SPLINE_CURVE_WITH_KNOTS('',3,(#1892,#1893,#1894,#1895,#1896,#1897,#1898,
#1899,#1900,#1901,#1902),.UNSPECIFIED.,.F.,.F.,(4,1,1,1,1,1,1,1,4),(0.E0,
1.25E-1,2.5E-1,3.75E-1,5.E-1,6.25E-1,7.5E-1,8.75E-1,1.E0),.UNSPECIFIED.);
#1938=B_SPLINE_CURVE_WITH_KNOTS('',3,(#1912,#1913,#1914,#1915,#1916,#1917,#1918,
#1919,#1920,#1921,#1922,#1923,#1924,#1925,#1926,#1927,#1928,#1929,#1930,#1931,
#1932,#1933,#1934,#1935,#1936,#1937),.UNSPECIFIED.,.F.,.F.,(4,1,1,1,1,1,1,1,1,1,
1,1,1,1,1,1,1,1,1,1,1,1,1,4),(0.E0,4.347826086957E-2,8.695652173913E-2,
1.304347826087E-1,1.739130434783E-1,2.173913043478E-1,2.608695652174E-1,
3.043478260870E-1,3.478260869565E-1,3.913043478261E-1,4.347826086957E-1,
4.782608695652E-1,5.217391304348E-1,5.652173913043E-1,6.086956521739E-1,
6.521739130435E-1,6.956521739130E-1,7.391304347826E-1,7.826086956522E-1,
8.260869565217E-1,8.695652173913E-1,9.130434782609E-1,9.565217391304E-1,1.E0),
.UNSPECIFIED.);
#1946=B_SPLINE_CURVE_WITH_KNOTS('',3,(#1939,#1940,#1941,#1942,#1943,#1944,
#1945),.UNSPECIFIED.,.F.,.F.,(4,1,1,1,4),(0.E0,2.5E-1,5.E-1,7.5E-1,1.E0),
.UNSPECIFIED.);
#1973=B_SPLINE_CURVE_WITH_KNOTS('',3,(#1947,#1948,#1949,#1950,#1951,#1952,#1953,
#1954,#1955,#1956,#1957,#1958,#1959,#1960,#1961,#1962,#1963,#1964,#1965,#1966,
#1967,#1968,#1969,#1970,#1971,#1972),.UNSPECIFIED.,.F.,.F.,(4,1,1,1,1,1,1,1,1,1,
1,1,1,1,1,1,1,1,1,1,1,1,1,4),(0.E0,4.347826086957E-2,8.695652173913E-2,
1.304347826087E-1,1.739130434783E-1,2.173913043478E-1,2.608695652174E-1,
3.043478260870E-1,3.478260869565E-1,3.913043478261E-1,4.347826086957E-1,
4.782608695652E-1,5.217391304348E-1,5.652173913043E-1,6.086956521739E-1,
6.521739130435E-1,6.956521739130E-1,7.391304347826E-1,7.826086956522E-1,
8.260869565217E-1,8.695652173913E-1,9.130434782609E-1,9.565217391304E-1,1.E0),
.UNSPECIFIED.);
#1985=B_SPLINE_CURVE_WITH_KNOTS('',3,(#1974,#1975,#1976,#1977,#1978,#1979,#1980,
#1981,#1982,#1983,#1984),.UNSPECIFIED.,.F.,.F.,(4,1,1,1,1,1,1,1,4),(0.E0,
1.25E-1,2.5E-1,3.75E-1,5.E-1,6.25E-1,7.5E-1,8.75E-1,1.E0),.UNSPECIFIED.);
#2012=B_SPLINE_CURVE_WITH_KNOTS('',3,(#1986,#1987,#1988,#1989,#1990,#1991,#1992,
#1993,#1994,#1995,#1996,#1997,#1998,#1999,#2000,#2001,#2002,#2003,#2004,#2005,
#2006,#2007,#2008,#2009,#2010,#2011),.UNSPECIFIED.,.F.,.F.,(4,1,1,1,1,1,1,1,1,1,
1,1,1,1,1,1,1,1,1,1,1,1,1,4),(0.E0,4.347826086957E-2,8.695652173913E-2,
1.304347826087E-1,1.739130434783E-1,2.173913043478E-1,2.608695652174E-1,
3.043478260870E-1,3.478260869565E-1,3.913043478261E-1,4.347826086957E-1,
4.782608695652E-1,5.217391304348E-1,5.652173913043E-1,6.086956521739E-1,
6.521739130435E-1,6.956521739130E-1,7.391304347826E-1,7.826086956522E-1,
8.260869565217E-1,8.695652173913E-1,9.130434782609E-1,9.565217391304E-1,1.E0),
.UNSPECIFIED.);
#2020=B_SPLINE_CURVE_WITH_KNOTS('',3,(#2013,#2014,#2015,#2016,#2017,#2018,
#2019),.UNSPECIFIED.,.F.,.F.,(4,1,1,1,4),(0.E0,2.5E-1,5.E-1,7.5E-1,1.E0),
.UNSPECIFIED.);
#2047=B_SPLINE_CURVE_WITH_KNOTS('',3,(#2021,#2022,#2023,#2024,#2025,#2026,#2027,
#2028,#2029,#2030,#2031,#2032,#2033,#2034,#2035,#2036,#2037,#2038,#2039,#2040,
#2041,#2042,#2043,#2044,#2045,#2046),.UNSPECIFIED.,.F.,.F.,(4,1,1,1,1,1,1,1,1,1,
1,1,1,1,1,1,1,1,1,1,1,1,1,4),(0.E0,4.347826086957E-2,8.695652173913E-2,
1.304347826087E-1,1.739130434783E-1,2.173913043478E-1,2.608695652174E-1,
3.043478260870E-1,3.478260869565E-1,3.913043478261E-1,4.347826086957E-1,
4.782608695652E-1,5.217391304348E-1,5.652173913043E-1,6.086956521739E-1,
6.521739130435E-1,6.956521739130E-1,7.391304347826E-1,7.826086956522E-1,
8.260869565217E-1,8.695652173913E-1,9.130434782609E-1,9.565217391304E-1,1.E0),
.UNSPECIFIED.);
#2059=B_SPLINE_CURVE_WITH_KNOTS('',3,(#2048,#2049,#2050,#2051,#2052,#2053,#2054,
#2055,#2056,#2057,#2058),.UNSPECIFIED.,.F.,.F.,(4,1,1,1,1,1,1,1,4),(0.E0,
1.25E-1,2.5E-1,3.75E-1,5.E-1,6.25E-1,7.5E-1,8.75E-1,1.E0),.UNSPECIFIED.);
#2068=CIRCLE('',#2067,1.45E0);
#2073=CIRCLE('',#2072,1.45E0);
#2086=CIRCLE('',#2085,1.4E0);
#2099=CIRCLE('',#2098,1.4E0);
#2108=CIRCLE('',#2107,1.4E0);
#2113=CIRCLE('',#2112,1.2E0);
#2138=B_SPLINE_CURVE_WITH_KNOTS('',3,(#2114,#2115,#2116,#2117,#2118,#2119,#2120,
#2121,#2122,#2123,#2124,#2125,#2126,#2127,#2128,#2129,#2130,#2131,#2132,#2133,
#2134,#2135,#2136,#2137),.UNSPECIFIED.,.F.,.F.,(4,1,1,1,1,1,1,1,1,1,1,1,1,1,1,1,
1,1,1,1,1,4),(0.E0,4.761904761905E-2,9.523809523810E-2,1.428571428571E-1,
1.904761904762E-1,2.380952380952E-1,2.857142857143E-1,3.333333333333E-1,
3.809523809524E-1,4.285714285714E-1,4.761904761905E-1,5.238095238095E-1,
5.714285714286E-1,6.190476190476E-1,6.666666666667E-1,7.142857142857E-1,
7.619047619048E-1,8.095238095238E-1,8.571428571429E-1,9.047619047619E-1,
9.523809523810E-1,1.E0),.UNSPECIFIED.);
#2163=B_SPLINE_CURVE_WITH_KNOTS('',3,(#2139,#2140,#2141,#2142,#2143,#2144,#2145,
#2146,#2147,#2148,#2149,#2150,#2151,#2152,#2153,#2154,#2155,#2156,#2157,#2158,
#2159,#2160,#2161,#2162),.UNSPECIFIED.,.F.,.F.,(4,1,1,1,1,1,1,1,1,1,1,1,1,1,1,1,
1,1,1,1,1,4),(0.E0,4.761904761905E-2,9.523809523810E-2,1.428571428571E-1,
1.904761904762E-1,2.380952380952E-1,2.857142857143E-1,3.333333333333E-1,
3.809523809524E-1,4.285714285714E-1,4.761904761905E-1,5.238095238095E-1,
5.714285714286E-1,6.190476190476E-1,6.666666666667E-1,7.142857142857E-1,
7.619047619048E-1,8.095238095238E-1,8.571428571429E-1,9.047619047619E-1,
9.523809523810E-1,1.E0),.UNSPECIFIED.);
#2176=CIRCLE('',#2175,1.4E0);
#2181=CIRCLE('',#2180,1.2E0);
#2206=B_SPLINE_CURVE_WITH_KNOTS('',3,(#2182,#2183,#2184,#2185,#2186,#2187,#2188,
#2189,#2190,#2191,#2192,#2193,#2194,#2195,#2196,#2197,#2198,#2199,#2200,#2201,
#2202,#2203,#2204,#2205),.UNSPECIFIED.,.F.,.F.,(4,1,1,1,1,1,1,1,1,1,1,1,1,1,1,1,
1,1,1,1,1,4),(0.E0,4.761904761905E-2,9.523809523810E-2,1.428571428571E-1,
1.904761904762E-1,2.380952380952E-1,2.857142857143E-1,3.333333333333E-1,
3.809523809524E-1,4.285714285714E-1,4.761904761905E-1,5.238095238095E-1,
5.714285714286E-1,6.190476190476E-1,6.666666666667E-1,7.142857142857E-1,
7.619047619048E-1,8.095238095238E-1,8.571428571429E-1,9.047619047619E-1,
9.523809523810E-1,1.E0),.UNSPECIFIED.);
#2231=B_SPLINE_CURVE_WITH_KNOTS('',3,(#2207,#2208,#2209,#2210,#2211,#2212,#2213,
#2214,#2215,#2216,#2217,#2218,#2219,#2220,#2221,#2222,#2223,#2224,#2225,#2226,
#2227,#2228,#2229,#2230),.UNSPECIFIED.,.F.,.F.,(4,1,1,1,1,1,1,1,1,1,1,1,1,1,1,1,
1,1,1,1,1,4),(0.E0,4.761904761905E-2,9.523809523810E-2,1.428571428571E-1,
1.904761904762E-1,2.380952380952E-1,2.857142857143E-1,3.333333333333E-1,
3.809523809524E-1,4.285714285714E-1,4.761904761905E-1,5.238095238095E-1,
5.714285714286E-1,6.190476190476E-1,6.666666666667E-1,7.142857142857E-1,
7.619047619048E-1,8.095238095238E-1,8.571428571429E-1,9.047619047619E-1,
9.523809523810E-1,1.E0),.UNSPECIFIED.);
#2290=B_SPLINE_CURVE_WITH_KNOTS('',3,(#2264,#2265,#2266,#2267,#2268,#2269,#2270,
#2271,#2272,#2273,#2274,#2275,#2276,#2277,#2278,#2279,#2280,#2281,#2282,#2283,
#2284,#2285,#2286,#2287,#2288,#2289),.UNSPECIFIED.,.F.,.F.,(4,1,1,1,1,1,1,1,1,1,
1,1,1,1,1,1,1,1,1,1,1,1,1,4),(0.E0,4.347826086957E-2,8.695652173913E-2,
1.304347826087E-1,1.739130434783E-1,2.173913043478E-1,2.608695652174E-1,
3.043478260870E-1,3.478260869565E-1,3.913043478261E-1,4.347826086957E-1,
4.782608695652E-1,5.217391304348E-1,5.652173913043E-1,6.086956521739E-1,
6.521739130435E-1,6.956521739130E-1,7.391304347826E-1,7.826086956522E-1,
8.260869565217E-1,8.695652173913E-1,9.130434782609E-1,9.565217391304E-1,1.E0),
.UNSPECIFIED.);
#2298=B_SPLINE_CURVE_WITH_KNOTS('',3,(#2291,#2292,#2293,#2294,#2295,#2296,
#2297),.UNSPECIFIED.,.F.,.F.,(4,1,1,1,4),(0.E0,2.5E-1,5.E-1,7.5E-1,1.E0),
.UNSPECIFIED.);
#2325=B_SPLINE_CURVE_WITH_KNOTS('',3,(#2299,#2300,#2301,#2302,#2303,#2304,#2305,
#2306,#2307,#2308,#2309,#2310,#2311,#2312,#2313,#2314,#2315,#2316,#2317,#2318,
#2319,#2320,#2321,#2322,#2323,#2324),.UNSPECIFIED.,.F.,.F.,(4,1,1,1,1,1,1,1,1,1,
1,1,1,1,1,1,1,1,1,1,1,1,1,4),(0.E0,4.347826086957E-2,8.695652173913E-2,
1.304347826087E-1,1.739130434783E-1,2.173913043478E-1,2.608695652174E-1,
3.043478260870E-1,3.478260869565E-1,3.913043478261E-1,4.347826086957E-1,
4.782608695652E-1,5.217391304348E-1,5.652173913043E-1,6.086956521739E-1,
6.521739130435E-1,6.956521739130E-1,7.391304347826E-1,7.826086956522E-1,
8.260869565217E-1,8.695652173913E-1,9.130434782609E-1,9.565217391304E-1,1.E0),
.UNSPECIFIED.);
#2337=B_SPLINE_CURVE_WITH_KNOTS('',3,(#2326,#2327,#2328,#2329,#2330,#2331,#2332,
#2333,#2334,#2335,#2336),.UNSPECIFIED.,.F.,.F.,(4,1,1,1,1,1,1,1,4),(0.E0,
1.25E-1,2.5E-1,3.75E-1,5.E-1,6.25E-1,7.5E-1,8.75E-1,1.E0),.UNSPECIFIED.);
#2364=B_SPLINE_CURVE_WITH_KNOTS('',3,(#2338,#2339,#2340,#2341,#2342,#2343,#2344,
#2345,#2346,#2347,#2348,#2349,#2350,#2351,#2352,#2353,#2354,#2355,#2356,#2357,
#2358,#2359,#2360,#2361,#2362,#2363),.UNSPECIFIED.,.F.,.F.,(4,1,1,1,1,1,1,1,1,1,
1,1,1,1,1,1,1,1,1,1,1,1,1,4),(0.E0,4.347826086957E-2,8.695652173913E-2,
1.304347826087E-1,1.739130434783E-1,2.173913043478E-1,2.608695652174E-1,
3.043478260870E-1,3.478260869565E-1,3.913043478261E-1,4.347826086957E-1,
4.782608695652E-1,5.217391304348E-1,5.652173913043E-1,6.086956521739E-1,
6.521739130435E-1,6.956521739130E-1,7.391304347826E-1,7.826086956522E-1,
8.260869565217E-1,8.695652173913E-1,9.130434782609E-1,9.565217391304E-1,1.E0),
.UNSPECIFIED.);
#2372=B_SPLINE_CURVE_WITH_KNOTS('',3,(#2365,#2366,#2367,#2368,#2369,#2370,
#2371),.UNSPECIFIED.,.F.,.F.,(4,1,1,1,4),(0.E0,2.5E-1,5.E-1,7.5E-1,1.E0),
.UNSPECIFIED.);
#2399=B_SPLINE_CURVE_WITH_KNOTS('',3,(#2373,#2374,#2375,#2376,#2377,#2378,#2379,
#2380,#2381,#2382,#2383,#2384,#2385,#2386,#2387,#2388,#2389,#2390,#2391,#2392,
#2393,#2394,#2395,#2396,#2397,#2398),.UNSPECIFIED.,.F.,.F.,(4,1,1,1,1,1,1,1,1,1,
1,1,1,1,1,1,1,1,1,1,1,1,1,4),(0.E0,4.347826086957E-2,8.695652173913E-2,
1.304347826087E-1,1.739130434783E-1,2.173913043478E-1,2.608695652174E-1,
3.043478260870E-1,3.478260869565E-1,3.913043478261E-1,4.347826086957E-1,
4.782608695652E-1,5.217391304348E-1,5.652173913043E-1,6.086956521739E-1,
6.521739130435E-1,6.956521739130E-1,7.391304347826E-1,7.826086956522E-1,
8.260869565217E-1,8.695652173913E-1,9.130434782609E-1,9.565217391304E-1,1.E0),
.UNSPECIFIED.);
#2411=B_SPLINE_CURVE_WITH_KNOTS('',3,(#2400,#2401,#2402,#2403,#2404,#2405,#2406,
#2407,#2408,#2409,#2410),.UNSPECIFIED.,.F.,.F.,(4,1,1,1,1,1,1,1,4),(0.E0,
1.25E-1,2.5E-1,3.75E-1,5.E-1,6.25E-1,7.5E-1,8.75E-1,1.E0),.UNSPECIFIED.);
#2446=B_SPLINE_CURVE_WITH_KNOTS('',3,(#2420,#2421,#2422,#2423,#2424,#2425,#2426,
#2427,#2428,#2429,#2430,#2431,#2432,#2433,#2434,#2435,#2436,#2437,#2438,#2439,
#2440,#2441,#2442,#2443,#2444,#2445),.UNSPECIFIED.,.F.,.F.,(4,1,1,1,1,1,1,1,1,1,
1,1,1,1,1,1,1,1,1,1,1,1,1,4),(0.E0,4.347826086957E-2,8.695652173913E-2,
1.304347826087E-1,1.739130434783E-1,2.173913043478E-1,2.608695652174E-1,
3.043478260870E-1,3.478260869565E-1,3.913043478261E-1,4.347826086957E-1,
4.782608695652E-1,5.217391304348E-1,5.652173913043E-1,6.086956521739E-1,
6.521739130435E-1,6.956521739130E-1,7.391304347826E-1,7.826086956522E-1,
8.260869565217E-1,8.695652173913E-1,9.130434782609E-1,9.565217391304E-1,1.E0),
.UNSPECIFIED.);
#2454=B_SPLINE_CURVE_WITH_KNOTS('',3,(#2447,#2448,#2449,#2450,#2451,#2452,
#2453),.UNSPECIFIED.,.F.,.F.,(4,1,1,1,4),(0.E0,2.5E-1,5.E-1,7.5E-1,1.E0),
.UNSPECIFIED.);
#2481=B_SPLINE_CURVE_WITH_KNOTS('',3,(#2455,#2456,#2457,#2458,#2459,#2460,#2461,
#2462,#2463,#2464,#2465,#2466,#2467,#2468,#2469,#2470,#2471,#2472,#2473,#2474,
#2475,#2476,#2477,#2478,#2479,#2480),.UNSPECIFIED.,.F.,.F.,(4,1,1,1,1,1,1,1,1,1,
1,1,1,1,1,1,1,1,1,1,1,1,1,4),(0.E0,4.347826086957E-2,8.695652173913E-2,
1.304347826087E-1,1.739130434783E-1,2.173913043478E-1,2.608695652174E-1,
3.043478260870E-1,3.478260869565E-1,3.913043478261E-1,4.347826086957E-1,
4.782608695652E-1,5.217391304348E-1,5.652173913043E-1,6.086956521739E-1,
6.521739130435E-1,6.956521739130E-1,7.391304347826E-1,7.826086956522E-1,
8.260869565217E-1,8.695652173913E-1,9.130434782609E-1,9.565217391304E-1,1.E0),
.UNSPECIFIED.);
#2493=B_SPLINE_CURVE_WITH_KNOTS('',3,(#2482,#2483,#2484,#2485,#2486,#2487,#2488,
#2489,#2490,#2491,#2492),.UNSPECIFIED.,.F.,.F.,(4,1,1,1,1,1,1,1,4),(0.E0,
1.25E-1,2.5E-1,3.75E-1,5.E-1,6.25E-1,7.5E-1,8.75E-1,1.E0),.UNSPECIFIED.);
#2520=B_SPLINE_CURVE_WITH_KNOTS('',3,(#2494,#2495,#2496,#2497,#2498,#2499,#2500,
#2501,#2502,#2503,#2504,#2505,#2506,#2507,#2508,#2509,#2510,#2511,#2512,#2513,
#2514,#2515,#2516,#2517,#2518,#2519),.UNSPECIFIED.,.F.,.F.,(4,1,1,1,1,1,1,1,1,1,
1,1,1,1,1,1,1,1,1,1,1,1,1,4),(0.E0,4.347826086957E-2,8.695652173913E-2,
1.304347826087E-1,1.739130434783E-1,2.173913043478E-1,2.608695652174E-1,
3.043478260870E-1,3.478260869565E-1,3.913043478261E-1,4.347826086957E-1,
4.782608695652E-1,5.217391304348E-1,5.652173913043E-1,6.086956521739E-1,
6.521739130435E-1,6.956521739130E-1,7.391304347826E-1,7.826086956522E-1,
8.260869565217E-1,8.695652173913E-1,9.130434782609E-1,9.565217391304E-1,1.E0),
.UNSPECIFIED.);
#2528=B_SPLINE_CURVE_WITH_KNOTS('',3,(#2521,#2522,#2523,#2524,#2525,#2526,
#2527),.UNSPECIFIED.,.F.,.F.,(4,1,1,1,4),(0.E0,2.5E-1,5.E-1,7.5E-1,1.E0),
.UNSPECIFIED.);
#2555=B_SPLINE_CURVE_WITH_KNOTS('',3,(#2529,#2530,#2531,#2532,#2533,#2534,#2535,
#2536,#2537,#2538,#2539,#2540,#2541,#2542,#2543,#2544,#2545,#2546,#2547,#2548,
#2549,#2550,#2551,#2552,#2553,#2554),.UNSPECIFIED.,.F.,.F.,(4,1,1,1,1,1,1,1,1,1,
1,1,1,1,1,1,1,1,1,1,1,1,1,4),(0.E0,4.347826086957E-2,8.695652173913E-2,
1.304347826087E-1,1.739130434783E-1,2.173913043478E-1,2.608695652174E-1,
3.043478260870E-1,3.478260869565E-1,3.913043478261E-1,4.347826086957E-1,
4.782608695652E-1,5.217391304348E-1,5.652173913043E-1,6.086956521739E-1,
6.521739130435E-1,6.956521739130E-1,7.391304347826E-1,7.826086956522E-1,
8.260869565217E-1,8.695652173913E-1,9.130434782609E-1,9.565217391304E-1,1.E0),
.UNSPECIFIED.);
#2567=B_SPLINE_CURVE_WITH_KNOTS('',3,(#2556,#2557,#2558,#2559,#2560,#2561,#2562,
#2563,#2564,#2565,#2566),.UNSPECIFIED.,.F.,.F.,(4,1,1,1,1,1,1,1,4),(0.E0,
1.25E-1,2.5E-1,3.75E-1,5.E-1,6.25E-1,7.5E-1,8.75E-1,1.E0),.UNSPECIFIED.);
#2576=CIRCLE('',#2575,1.45E0);
#2581=CIRCLE('',#2580,1.45E0);
#2594=CIRCLE('',#2593,1.4E0);
#2607=CIRCLE('',#2606,1.4E0);
#2616=CIRCLE('',#2615,1.4E0);
#2621=CIRCLE('',#2620,1.2E0);
#2646=B_SPLINE_CURVE_WITH_KNOTS('',3,(#2622,#2623,#2624,#2625,#2626,#2627,#2628,
#2629,#2630,#2631,#2632,#2633,#2634,#2635,#2636,#2637,#2638,#2639,#2640,#2641,
#2642,#2643,#2644,#2645),.UNSPECIFIED.,.F.,.F.,(4,1,1,1,1,1,1,1,1,1,1,1,1,1,1,1,
1,1,1,1,1,4),(0.E0,4.761904761905E-2,9.523809523810E-2,1.428571428571E-1,
1.904761904762E-1,2.380952380952E-1,2.857142857143E-1,3.333333333333E-1,
3.809523809524E-1,4.285714285714E-1,4.761904761905E-1,5.238095238095E-1,
5.714285714286E-1,6.190476190476E-1,6.666666666667E-1,7.142857142857E-1,
7.619047619048E-1,8.095238095238E-1,8.571428571429E-1,9.047619047619E-1,
9.523809523810E-1,1.E0),.UNSPECIFIED.);
#2671=B_SPLINE_CURVE_WITH_KNOTS('',3,(#2647,#2648,#2649,#2650,#2651,#2652,#2653,
#2654,#2655,#2656,#2657,#2658,#2659,#2660,#2661,#2662,#2663,#2664,#2665,#2666,
#2667,#2668,#2669,#2670),.UNSPECIFIED.,.F.,.F.,(4,1,1,1,1,1,1,1,1,1,1,1,1,1,1,1,
1,1,1,1,1,4),(0.E0,4.761904761905E-2,9.523809523810E-2,1.428571428571E-1,
1.904761904762E-1,2.380952380952E-1,2.857142857143E-1,3.333333333333E-1,
3.809523809524E-1,4.285714285714E-1,4.761904761905E-1,5.238095238095E-1,
5.714285714286E-1,6.190476190476E-1,6.666666666667E-1,7.142857142857E-1,
7.619047619048E-1,8.095238095238E-1,8.571428571429E-1,9.047619047619E-1,
9.523809523810E-1,1.E0),.UNSPECIFIED.);
#2684=CIRCLE('',#2683,1.4E0);
#2689=CIRCLE('',#2688,1.2E0);
#2714=B_SPLINE_CURVE_WITH_KNOTS('',3,(#2690,#2691,#2692,#2693,#2694,#2695,#2696,
#2697,#2698,#2699,#2700,#2701,#2702,#2703,#2704,#2705,#2706,#2707,#2708,#2709,
#2710,#2711,#2712,#2713),.UNSPECIFIED.,.F.,.F.,(4,1,1,1,1,1,1,1,1,1,1,1,1,1,1,1,
1,1,1,1,1,4),(0.E0,4.761904761905E-2,9.523809523810E-2,1.428571428571E-1,
1.904761904762E-1,2.380952380952E-1,2.857142857143E-1,3.333333333333E-1,
3.809523809524E-1,4.285714285714E-1,4.761904761905E-1,5.238095238095E-1,
5.714285714286E-1,6.190476190476E-1,6.666666666667E-1,7.142857142857E-1,
7.619047619048E-1,8.095238095238E-1,8.571428571429E-1,9.047619047619E-1,
9.523809523810E-1,1.E0),.UNSPECIFIED.);
#2739=B_SPLINE_CURVE_WITH_KNOTS('',3,(#2715,#2716,#2717,#2718,#2719,#2720,#2721,
#2722,#2723,#2724,#2725,#2726,#2727,#2728,#2729,#2730,#2731,#2732,#2733,#2734,
#2735,#2736,#2737,#2738),.UNSPECIFIED.,.F.,.F.,(4,1,1,1,1,1,1,1,1,1,1,1,1,1,1,1,
1,1,1,1,1,4),(0.E0,4.761904761905E-2,9.523809523810E-2,1.428571428571E-1,
1.904761904762E-1,2.380952380952E-1,2.857142857143E-1,3.333333333333E-1,
3.809523809524E-1,4.285714285714E-1,4.761904761905E-1,5.238095238095E-1,
5.714285714286E-1,6.190476190476E-1,6.666666666667E-1,7.142857142857E-1,
7.619047619048E-1,8.095238095238E-1,8.571428571429E-1,9.047619047619E-1,
9.523809523810E-1,1.E0),.UNSPECIFIED.);
#2798=B_SPLINE_CURVE_WITH_KNOTS('',3,(#2772,#2773,#2774,#2775,#2776,#2777,#2778,
#2779,#2780,#2781,#2782,#2783,#2784,#2785,#2786,#2787,#2788,#2789,#2790,#2791,
#2792,#2793,#2794,#2795,#2796,#2797),.UNSPECIFIED.,.F.,.F.,(4,1,1,1,1,1,1,1,1,1,
1,1,1,1,1,1,1,1,1,1,1,1,1,4),(0.E0,4.347826086957E-2,8.695652173913E-2,
1.304347826087E-1,1.739130434783E-1,2.173913043478E-1,2.608695652174E-1,
3.043478260870E-1,3.478260869565E-1,3.913043478261E-1,4.347826086957E-1,
4.782608695652E-1,5.217391304348E-1,5.652173913043E-1,6.086956521739E-1,
6.521739130435E-1,6.956521739130E-1,7.391304347826E-1,7.826086956522E-1,
8.260869565217E-1,8.695652173913E-1,9.130434782609E-1,9.565217391304E-1,1.E0),
.UNSPECIFIED.);
#2806=B_SPLINE_CURVE_WITH_KNOTS('',3,(#2799,#2800,#2801,#2802,#2803,#2804,
#2805),.UNSPECIFIED.,.F.,.F.,(4,1,1,1,4),(0.E0,2.5E-1,5.E-1,7.5E-1,1.E0),
.UNSPECIFIED.);
#2833=B_SPLINE_CURVE_WITH_KNOTS('',3,(#2807,#2808,#2809,#2810,#2811,#2812,#2813,
#2814,#2815,#2816,#2817,#2818,#2819,#2820,#2821,#2822,#2823,#2824,#2825,#2826,
#2827,#2828,#2829,#2830,#2831,#2832),.UNSPECIFIED.,.F.,.F.,(4,1,1,1,1,1,1,1,1,1,
1,1,1,1,1,1,1,1,1,1,1,1,1,4),(0.E0,4.347826086957E-2,8.695652173913E-2,
1.304347826087E-1,1.739130434783E-1,2.173913043478E-1,2.608695652174E-1,
3.043478260870E-1,3.478260869565E-1,3.913043478261E-1,4.347826086957E-1,
4.782608695652E-1,5.217391304348E-1,5.652173913043E-1,6.086956521739E-1,
6.521739130435E-1,6.956521739130E-1,7.391304347826E-1,7.826086956522E-1,
8.260869565217E-1,8.695652173913E-1,9.130434782609E-1,9.565217391304E-1,1.E0),
.UNSPECIFIED.);
#2845=B_SPLINE_CURVE_WITH_KNOTS('',3,(#2834,#2835,#2836,#2837,#2838,#2839,#2840,
#2841,#2842,#2843,#2844),.UNSPECIFIED.,.F.,.F.,(4,1,1,1,1,1,1,1,4),(0.E0,
1.25E-1,2.5E-1,3.75E-1,5.E-1,6.25E-1,7.5E-1,8.75E-1,1.E0),.UNSPECIFIED.);
#2872=B_SPLINE_CURVE_WITH_KNOTS('',3,(#2846,#2847,#2848,#2849,#2850,#2851,#2852,
#2853,#2854,#2855,#2856,#2857,#2858,#2859,#2860,#2861,#2862,#2863,#2864,#2865,
#2866,#2867,#2868,#2869,#2870,#2871),.UNSPECIFIED.,.F.,.F.,(4,1,1,1,1,1,1,1,1,1,
1,1,1,1,1,1,1,1,1,1,1,1,1,4),(0.E0,4.347826086957E-2,8.695652173913E-2,
1.304347826087E-1,1.739130434783E-1,2.173913043478E-1,2.608695652174E-1,
3.043478260870E-1,3.478260869565E-1,3.913043478261E-1,4.347826086957E-1,
4.782608695652E-1,5.217391304348E-1,5.652173913043E-1,6.086956521739E-1,
6.521739130435E-1,6.956521739130E-1,7.391304347826E-1,7.826086956522E-1,
8.260869565217E-1,8.695652173913E-1,9.130434782609E-1,9.565217391304E-1,1.E0),
.UNSPECIFIED.);
#2880=B_SPLINE_CURVE_WITH_KNOTS('',3,(#2873,#2874,#2875,#2876,#2877,#2878,
#2879),.UNSPECIFIED.,.F.,.F.,(4,1,1,1,4),(0.E0,2.5E-1,5.E-1,7.5E-1,1.E0),
.UNSPECIFIED.);
#2907=B_SPLINE_CURVE_WITH_KNOTS('',3,(#2881,#2882,#2883,#2884,#2885,#2886,#2887,
#2888,#2889,#2890,#2891,#2892,#2893,#2894,#2895,#2896,#2897,#2898,#2899,#2900,
#2901,#2902,#2903,#2904,#2905,#2906),.UNSPECIFIED.,.F.,.F.,(4,1,1,1,1,1,1,1,1,1,
1,1,1,1,1,1,1,1,1,1,1,1,1,4),(0.E0,4.347826086957E-2,8.695652173913E-2,
1.304347826087E-1,1.739130434783E-1,2.173913043478E-1,2.608695652174E-1,
3.043478260870E-1,3.478260869565E-1,3.913043478261E-1,4.347826086957E-1,
4.782608695652E-1,5.217391304348E-1,5.652173913043E-1,6.086956521739E-1,
6.521739130435E-1,6.956521739130E-1,7.391304347826E-1,7.826086956522E-1,
8.260869565217E-1,8.695652173913E-1,9.130434782609E-1,9.565217391304E-1,1.E0),
.UNSPECIFIED.);
#2919=B_SPLINE_CURVE_WITH_KNOTS('',3,(#2908,#2909,#2910,#2911,#2912,#2913,#2914,
#2915,#2916,#2917,#2918),.UNSPECIFIED.,.F.,.F.,(4,1,1,1,1,1,1,1,4),(0.E0,
1.25E-1,2.5E-1,3.75E-1,5.E-1,6.25E-1,7.5E-1,8.75E-1,1.E0),.UNSPECIFIED.);
#2954=B_SPLINE_CURVE_WITH_KNOTS('',3,(#2928,#2929,#2930,#2931,#2932,#2933,#2934,
#2935,#2936,#2937,#2938,#2939,#2940,#2941,#2942,#2943,#2944,#2945,#2946,#2947,
#2948,#2949,#2950,#2951,#2952,#2953),.UNSPECIFIED.,.F.,.F.,(4,1,1,1,1,1,1,1,1,1,
1,1,1,1,1,1,1,1,1,1,1,1,1,4),(0.E0,4.347826086957E-2,8.695652173913E-2,
1.304347826087E-1,1.739130434783E-1,2.173913043478E-1,2.608695652174E-1,
3.043478260870E-1,3.478260869565E-1,3.913043478261E-1,4.347826086957E-1,
4.782608695652E-1,5.217391304348E-1,5.652173913043E-1,6.086956521739E-1,
6.521739130435E-1,6.956521739130E-1,7.391304347826E-1,7.826086956522E-1,
8.260869565217E-1,8.695652173913E-1,9.130434782609E-1,9.565217391304E-1,1.E0),
.UNSPECIFIED.);
#2962=B_SPLINE_CURVE_WITH_KNOTS('',3,(#2955,#2956,#2957,#2958,#2959,#2960,
#2961),.UNSPECIFIED.,.F.,.F.,(4,1,1,1,4),(0.E0,2.5E-1,5.E-1,7.5E-1,1.E0),
.UNSPECIFIED.);
#2989=B_SPLINE_CURVE_WITH_KNOTS('',3,(#2963,#2964,#2965,#2966,#2967,#2968,#2969,
#2970,#2971,#2972,#2973,#2974,#2975,#2976,#2977,#2978,#2979,#2980,#2981,#2982,
#2983,#2984,#2985,#2986,#2987,#2988),.UNSPECIFIED.,.F.,.F.,(4,1,1,1,1,1,1,1,1,1,
1,1,1,1,1,1,1,1,1,1,1,1,1,4),(0.E0,4.347826086957E-2,8.695652173913E-2,
1.304347826087E-1,1.739130434783E-1,2.173913043478E-1,2.608695652174E-1,
3.043478260870E-1,3.478260869565E-1,3.913043478261E-1,4.347826086957E-1,
4.782608695652E-1,5.217391304348E-1,5.652173913043E-1,6.086956521739E-1,
6.521739130435E-1,6.956521739130E-1,7.391304347826E-1,7.826086956522E-1,
8.260869565217E-1,8.695652173913E-1,9.130434782609E-1,9.565217391304E-1,1.E0),
.UNSPECIFIED.);
#3001=B_SPLINE_CURVE_WITH_KNOTS('',3,(#2990,#2991,#2992,#2993,#2994,#2995,#2996,
#2997,#2998,#2999,#3000),.UNSPECIFIED.,.F.,.F.,(4,1,1,1,1,1,1,1,4),(0.E0,
1.25E-1,2.5E-1,3.75E-1,5.E-1,6.25E-1,7.5E-1,8.75E-1,1.E0),.UNSPECIFIED.);
#3028=B_SPLINE_CURVE_WITH_KNOTS('',3,(#3002,#3003,#3004,#3005,#3006,#3007,#3008,
#3009,#3010,#3011,#3012,#3013,#3014,#3015,#3016,#3017,#3018,#3019,#3020,#3021,
#3022,#3023,#3024,#3025,#3026,#3027),.UNSPECIFIED.,.F.,.F.,(4,1,1,1,1,1,1,1,1,1,
1,1,1,1,1,1,1,1,1,1,1,1,1,4),(0.E0,4.347826086957E-2,8.695652173913E-2,
1.304347826087E-1,1.739130434783E-1,2.173913043478E-1,2.608695652174E-1,
3.043478260870E-1,3.478260869565E-1,3.913043478261E-1,4.347826086957E-1,
4.782608695652E-1,5.217391304348E-1,5.652173913043E-1,6.086956521739E-1,
6.521739130435E-1,6.956521739130E-1,7.391304347826E-1,7.826086956522E-1,
8.260869565217E-1,8.695652173913E-1,9.130434782609E-1,9.565217391304E-1,1.E0),
.UNSPECIFIED.);
#3036=B_SPLINE_CURVE_WITH_KNOTS('',3,(#3029,#3030,#3031,#3032,#3033,#3034,
#3035),.UNSPECIFIED.,.F.,.F.,(4,1,1,1,4),(0.E0,2.5E-1,5.E-1,7.5E-1,1.E0),
.UNSPECIFIED.);
#3063=B_SPLINE_CURVE_WITH_KNOTS('',3,(#3037,#3038,#3039,#3040,#3041,#3042,#3043,
#3044,#3045,#3046,#3047,#3048,#3049,#3050,#3051,#3052,#3053,#3054,#3055,#3056,
#3057,#3058,#3059,#3060,#3061,#3062),.UNSPECIFIED.,.F.,.F.,(4,1,1,1,1,1,1,1,1,1,
1,1,1,1,1,1,1,1,1,1,1,1,1,4),(0.E0,4.347826086957E-2,8.695652173913E-2,
1.304347826087E-1,1.739130434783E-1,2.173913043478E-1,2.608695652174E-1,
3.043478260870E-1,3.478260869565E-1,3.913043478261E-1,4.347826086957E-1,
4.782608695652E-1,5.217391304348E-1,5.652173913043E-1,6.086956521739E-1,
6.521739130435E-1,6.956521739130E-1,7.391304347826E-1,7.826086956522E-1,
8.260869565217E-1,8.695652173913E-1,9.130434782609E-1,9.565217391304E-1,1.E0),
.UNSPECIFIED.);
#3075=B_SPLINE_CURVE_WITH_KNOTS('',3,(#3064,#3065,#3066,#3067,#3068,#3069,#3070,
#3071,#3072,#3073,#3074),.UNSPECIFIED.,.F.,.F.,(4,1,1,1,1,1,1,1,4),(0.E0,
1.25E-1,2.5E-1,3.75E-1,5.E-1,6.25E-1,7.5E-1,8.75E-1,1.E0),.UNSPECIFIED.);
#3084=CIRCLE('',#3083,1.45E0);
#3089=CIRCLE('',#3088,1.45E0);
#3102=CIRCLE('',#3101,1.4E0);
#3115=CIRCLE('',#3114,1.4E0);
#3124=CIRCLE('',#3123,1.4E0);
#3129=CIRCLE('',#3128,1.2E0);
#3154=B_SPLINE_CURVE_WITH_KNOTS('',3,(#3130,#3131,#3132,#3133,#3134,#3135,#3136,
#3137,#3138,#3139,#3140,#3141,#3142,#3143,#3144,#3145,#3146,#3147,#3148,#3149,
#3150,#3151,#3152,#3153),.UNSPECIFIED.,.F.,.F.,(4,1,1,1,1,1,1,1,1,1,1,1,1,1,1,1,
1,1,1,1,1,4),(0.E0,4.761904761905E-2,9.523809523810E-2,1.428571428571E-1,
1.904761904762E-1,2.380952380952E-1,2.857142857143E-1,3.333333333333E-1,
3.809523809524E-1,4.285714285714E-1,4.761904761905E-1,5.238095238095E-1,
5.714285714286E-1,6.190476190476E-1,6.666666666667E-1,7.142857142857E-1,
7.619047619048E-1,8.095238095238E-1,8.571428571429E-1,9.047619047619E-1,
9.523809523810E-1,1.E0),.UNSPECIFIED.);
#3179=B_SPLINE_CURVE_WITH_KNOTS('',3,(#3155,#3156,#3157,#3158,#3159,#3160,#3161,
#3162,#3163,#3164,#3165,#3166,#3167,#3168,#3169,#3170,#3171,#3172,#3173,#3174,
#3175,#3176,#3177,#3178),.UNSPECIFIED.,.F.,.F.,(4,1,1,1,1,1,1,1,1,1,1,1,1,1,1,1,
1,1,1,1,1,4),(0.E0,4.761904761905E-2,9.523809523810E-2,1.428571428571E-1,
1.904761904762E-1,2.380952380952E-1,2.857142857143E-1,3.333333333333E-1,
3.809523809524E-1,4.285714285714E-1,4.761904761905E-1,5.238095238095E-1,
5.714285714286E-1,6.190476190476E-1,6.666666666667E-1,7.142857142857E-1,
7.619047619048E-1,8.095238095238E-1,8.571428571429E-1,9.047619047619E-1,
9.523809523810E-1,1.E0),.UNSPECIFIED.);
#3192=CIRCLE('',#3191,1.4E0);
#3197=CIRCLE('',#3196,1.2E0);
#3222=B_SPLINE_CURVE_WITH_KNOTS('',3,(#3198,#3199,#3200,#3201,#3202,#3203,#3204,
#3205,#3206,#3207,#3208,#3209,#3210,#3211,#3212,#3213,#3214,#3215,#3216,#3217,
#3218,#3219,#3220,#3221),.UNSPECIFIED.,.F.,.F.,(4,1,1,1,1,1,1,1,1,1,1,1,1,1,1,1,
1,1,1,1,1,4),(0.E0,4.761904761905E-2,9.523809523810E-2,1.428571428571E-1,
1.904761904762E-1,2.380952380952E-1,2.857142857143E-1,3.333333333333E-1,
3.809523809524E-1,4.285714285714E-1,4.761904761905E-1,5.238095238095E-1,
5.714285714286E-1,6.190476190476E-1,6.666666666667E-1,7.142857142857E-1,
7.619047619048E-1,8.095238095238E-1,8.571428571429E-1,9.047619047619E-1,
9.523809523810E-1,1.E0),.UNSPECIFIED.);
#3247=B_SPLINE_CURVE_WITH_KNOTS('',3,(#3223,#3224,#3225,#3226,#3227,#3228,#3229,
#3230,#3231,#3232,#3233,#3234,#3235,#3236,#3237,#3238,#3239,#3240,#3241,#3242,
#3243,#3244,#3245,#3246),.UNSPECIFIED.,.F.,.F.,(4,1,1,1,1,1,1,1,1,1,1,1,1,1,1,1,
1,1,1,1,1,4),(0.E0,4.761904761905E-2,9.523809523810E-2,1.428571428571E-1,
1.904761904762E-1,2.380952380952E-1,2.857142857143E-1,3.333333333333E-1,
3.809523809524E-1,4.285714285714E-1,4.761904761905E-1,5.238095238095E-1,
5.714285714286E-1,6.190476190476E-1,6.666666666667E-1,7.142857142857E-1,
7.619047619048E-1,8.095238095238E-1,8.571428571429E-1,9.047619047619E-1,
9.523809523810E-1,1.E0),.UNSPECIFIED.);
#3306=B_SPLINE_CURVE_WITH_KNOTS('',3,(#3280,#3281,#3282,#3283,#3284,#3285,#3286,
#3287,#3288,#3289,#3290,#3291,#3292,#3293,#3294,#3295,#3296,#3297,#3298,#3299,
#3300,#3301,#3302,#3303,#3304,#3305),.UNSPECIFIED.,.F.,.F.,(4,1,1,1,1,1,1,1,1,1,
1,1,1,1,1,1,1,1,1,1,1,1,1,4),(0.E0,4.347826086957E-2,8.695652173913E-2,
1.304347826087E-1,1.739130434783E-1,2.173913043478E-1,2.608695652174E-1,
3.043478260870E-1,3.478260869565E-1,3.913043478261E-1,4.347826086957E-1,
4.782608695652E-1,5.217391304348E-1,5.652173913043E-1,6.086956521739E-1,
6.521739130435E-1,6.956521739130E-1,7.391304347826E-1,7.826086956522E-1,
8.260869565217E-1,8.695652173913E-1,9.130434782609E-1,9.565217391304E-1,1.E0),
.UNSPECIFIED.);
#3314=B_SPLINE_CURVE_WITH_KNOTS('',3,(#3307,#3308,#3309,#3310,#3311,#3312,
#3313),.UNSPECIFIED.,.F.,.F.,(4,1,1,1,4),(0.E0,2.5E-1,5.E-1,7.5E-1,1.E0),
.UNSPECIFIED.);
#3341=B_SPLINE_CURVE_WITH_KNOTS('',3,(#3315,#3316,#3317,#3318,#3319,#3320,#3321,
#3322,#3323,#3324,#3325,#3326,#3327,#3328,#3329,#3330,#3331,#3332,#3333,#3334,
#3335,#3336,#3337,#3338,#3339,#3340),.UNSPECIFIED.,.F.,.F.,(4,1,1,1,1,1,1,1,1,1,
1,1,1,1,1,1,1,1,1,1,1,1,1,4),(0.E0,4.347826086957E-2,8.695652173913E-2,
1.304347826087E-1,1.739130434783E-1,2.173913043478E-1,2.608695652174E-1,
3.043478260870E-1,3.478260869565E-1,3.913043478261E-1,4.347826086957E-1,
4.782608695652E-1,5.217391304348E-1,5.652173913043E-1,6.086956521739E-1,
6.521739130435E-1,6.956521739130E-1,7.391304347826E-1,7.826086956522E-1,
8.260869565217E-1,8.695652173913E-1,9.130434782609E-1,9.565217391304E-1,1.E0),
.UNSPECIFIED.);
#3353=B_SPLINE_CURVE_WITH_KNOTS('',3,(#3342,#3343,#3344,#3345,#3346,#3347,#3348,
#3349,#3350,#3351,#3352),.UNSPECIFIED.,.F.,.F.,(4,1,1,1,1,1,1,1,4),(0.E0,
1.25E-1,2.5E-1,3.75E-1,5.E-1,6.25E-1,7.5E-1,8.75E-1,1.E0),.UNSPECIFIED.);
#3380=B_SPLINE_CURVE_WITH_KNOTS('',3,(#3354,#3355,#3356,#3357,#3358,#3359,#3360,
#3361,#3362,#3363,#3364,#3365,#3366,#3367,#3368,#3369,#3370,#3371,#3372,#3373,
#3374,#3375,#3376,#3377,#3378,#3379),.UNSPECIFIED.,.F.,.F.,(4,1,1,1,1,1,1,1,1,1,
1,1,1,1,1,1,1,1,1,1,1,1,1,4),(0.E0,4.347826086957E-2,8.695652173913E-2,
1.304347826087E-1,1.739130434783E-1,2.173913043478E-1,2.608695652174E-1,
3.043478260870E-1,3.478260869565E-1,3.913043478261E-1,4.347826086957E-1,
4.782608695652E-1,5.217391304348E-1,5.652173913043E-1,6.086956521739E-1,
6.521739130435E-1,6.956521739130E-1,7.391304347826E-1,7.826086956522E-1,
8.260869565217E-1,8.695652173913E-1,9.130434782609E-1,9.565217391304E-1,1.E0),
.UNSPECIFIED.);
#3388=B_SPLINE_CURVE_WITH_KNOTS('',3,(#3381,#3382,#3383,#3384,#3385,#3386,
#3387),.UNSPECIFIED.,.F.,.F.,(4,1,1,1,4),(0.E0,2.5E-1,5.E-1,7.5E-1,1.E0),
.UNSPECIFIED.);
#3415=B_SPLINE_CURVE_WITH_KNOTS('',3,(#3389,#3390,#3391,#3392,#3393,#3394,#3395,
#3396,#3397,#3398,#3399,#3400,#3401,#3402,#3403,#3404,#3405,#3406,#3407,#3408,
#3409,#3410,#3411,#3412,#3413,#3414),.UNSPECIFIED.,.F.,.F.,(4,1,1,1,1,1,1,1,1,1,
1,1,1,1,1,1,1,1,1,1,1,1,1,4),(0.E0,4.347826086957E-2,8.695652173913E-2,
1.304347826087E-1,1.739130434783E-1,2.173913043478E-1,2.608695652174E-1,
3.043478260870E-1,3.478260869565E-1,3.913043478261E-1,4.347826086957E-1,
4.782608695652E-1,5.217391304348E-1,5.652173913043E-1,6.086956521739E-1,
6.521739130435E-1,6.956521739130E-1,7.391304347826E-1,7.826086956522E-1,
8.260869565217E-1,8.695652173913E-1,9.130434782609E-1,9.565217391304E-1,1.E0),
.UNSPECIFIED.);
#3427=B_SPLINE_CURVE_WITH_KNOTS('',3,(#3416,#3417,#3418,#3419,#3420,#3421,#3422,
#3423,#3424,#3425,#3426),.UNSPECIFIED.,.F.,.F.,(4,1,1,1,1,1,1,1,4),(0.E0,
1.25E-1,2.5E-1,3.75E-1,5.E-1,6.25E-1,7.5E-1,8.75E-1,1.E0),.UNSPECIFIED.);
#3462=B_SPLINE_CURVE_WITH_KNOTS('',3,(#3436,#3437,#3438,#3439,#3440,#3441,#3442,
#3443,#3444,#3445,#3446,#3447,#3448,#3449,#3450,#3451,#3452,#3453,#3454,#3455,
#3456,#3457,#3458,#3459,#3460,#3461),.UNSPECIFIED.,.F.,.F.,(4,1,1,1,1,1,1,1,1,1,
1,1,1,1,1,1,1,1,1,1,1,1,1,4),(0.E0,4.347826086957E-2,8.695652173913E-2,
1.304347826087E-1,1.739130434783E-1,2.173913043478E-1,2.608695652174E-1,
3.043478260870E-1,3.478260869565E-1,3.913043478261E-1,4.347826086957E-1,
4.782608695652E-1,5.217391304348E-1,5.652173913043E-1,6.086956521739E-1,
6.521739130435E-1,6.956521739130E-1,7.391304347826E-1,7.826086956522E-1,
8.260869565217E-1,8.695652173913E-1,9.130434782609E-1,9.565217391304E-1,1.E0),
.UNSPECIFIED.);
#3470=B_SPLINE_CURVE_WITH_KNOTS('',3,(#3463,#3464,#3465,#3466,#3467,#3468,
#3469),.UNSPECIFIED.,.F.,.F.,(4,1,1,1,4),(0.E0,2.5E-1,5.E-1,7.5E-1,1.E0),
.UNSPECIFIED.);
#3497=B_SPLINE_CURVE_WITH_KNOTS('',3,(#3471,#3472,#3473,#3474,#3475,#3476,#3477,
#3478,#3479,#3480,#3481,#3482,#3483,#3484,#3485,#3486,#3487,#3488,#3489,#3490,
#3491,#3492,#3493,#3494,#3495,#3496),.UNSPECIFIED.,.F.,.F.,(4,1,1,1,1,1,1,1,1,1,
1,1,1,1,1,1,1,1,1,1,1,1,1,4),(0.E0,4.347826086957E-2,8.695652173913E-2,
1.304347826087E-1,1.739130434783E-1,2.173913043478E-1,2.608695652174E-1,
3.043478260870E-1,3.478260869565E-1,3.913043478261E-1,4.347826086957E-1,
4.782608695652E-1,5.217391304348E-1,5.652173913043E-1,6.086956521739E-1,
6.521739130435E-1,6.956521739130E-1,7.391304347826E-1,7.826086956522E-1,
8.260869565217E-1,8.695652173913E-1,9.130434782609E-1,9.565217391304E-1,1.E0),
.UNSPECIFIED.);
#3509=B_SPLINE_CURVE_WITH_KNOTS('',3,(#3498,#3499,#3500,#3501,#3502,#3503,#3504,
#3505,#3506,#3507,#3508),.UNSPECIFIED.,.F.,.F.,(4,1,1,1,1,1,1,1,4),(0.E0,
1.25E-1,2.5E-1,3.75E-1,5.E-1,6.25E-1,7.5E-1,8.75E-1,1.E0),.UNSPECIFIED.);
#3536=B_SPLINE_CURVE_WITH_KNOTS('',3,(#3510,#3511,#3512,#3513,#3514,#3515,#3516,
#3517,#3518,#3519,#3520,#3521,#3522,#3523,#3524,#3525,#3526,#3527,#3528,#3529,
#3530,#3531,#3532,#3533,#3534,#3535),.UNSPECIFIED.,.F.,.F.,(4,1,1,1,1,1,1,1,1,1,
1,1,1,1,1,1,1,1,1,1,1,1,1,4),(0.E0,4.347826086957E-2,8.695652173913E-2,
1.304347826087E-1,1.739130434783E-1,2.173913043478E-1,2.608695652174E-1,
3.043478260870E-1,3.478260869565E-1,3.913043478261E-1,4.347826086957E-1,
4.782608695652E-1,5.217391304348E-1,5.652173913043E-1,6.086956521739E-1,
6.521739130435E-1,6.956521739130E-1,7.391304347826E-1,7.826086956522E-1,
8.260869565217E-1,8.695652173913E-1,9.130434782609E-1,9.565217391304E-1,1.E0),
.UNSPECIFIED.);
#3544=B_SPLINE_CURVE_WITH_KNOTS('',3,(#3537,#3538,#3539,#3540,#3541,#3542,
#3543),.UNSPECIFIED.,.F.,.F.,(4,1,1,1,4),(0.E0,2.5E-1,5.E-1,7.5E-1,1.E0),
.UNSPECIFIED.);
#3571=B_SPLINE_CURVE_WITH_KNOTS('',3,(#3545,#3546,#3547,#3548,#3549,#3550,#3551,
#3552,#3553,#3554,#3555,#3556,#3557,#3558,#3559,#3560,#3561,#3562,#3563,#3564,
#3565,#3566,#3567,#3568,#3569,#3570),.UNSPECIFIED.,.F.,.F.,(4,1,1,1,1,1,1,1,1,1,
1,1,1,1,1,1,1,1,1,1,1,1,1,4),(0.E0,4.347826086957E-2,8.695652173913E-2,
1.304347826087E-1,1.739130434783E-1,2.173913043478E-1,2.608695652174E-1,
3.043478260870E-1,3.478260869565E-1,3.913043478261E-1,4.347826086957E-1,
4.782608695652E-1,5.217391304348E-1,5.652173913043E-1,6.086956521739E-1,
6.521739130435E-1,6.956521739130E-1,7.391304347826E-1,7.826086956522E-1,
8.260869565217E-1,8.695652173913E-1,9.130434782609E-1,9.565217391304E-1,1.E0),
.UNSPECIFIED.);
#3583=B_SPLINE_CURVE_WITH_KNOTS('',3,(#3572,#3573,#3574,#3575,#3576,#3577,#3578,
#3579,#3580,#3581,#3582),.UNSPECIFIED.,.F.,.F.,(4,1,1,1,1,1,1,1,4),(0.E0,
1.25E-1,2.5E-1,3.75E-1,5.E-1,6.25E-1,7.5E-1,8.75E-1,1.E0),.UNSPECIFIED.);
#3592=CIRCLE('',#3591,1.45E0);
#3597=CIRCLE('',#3596,1.45E0);
#3610=CIRCLE('',#3609,1.4E0);
#3623=CIRCLE('',#3622,1.4E0);
#3632=CIRCLE('',#3631,1.4E0);
#3637=CIRCLE('',#3636,1.2E0);
#3662=B_SPLINE_CURVE_WITH_KNOTS('',3,(#3638,#3639,#3640,#3641,#3642,#3643,#3644,
#3645,#3646,#3647,#3648,#3649,#3650,#3651,#3652,#3653,#3654,#3655,#3656,#3657,
#3658,#3659,#3660,#3661),.UNSPECIFIED.,.F.,.F.,(4,1,1,1,1,1,1,1,1,1,1,1,1,1,1,1,
1,1,1,1,1,4),(0.E0,4.761904761905E-2,9.523809523810E-2,1.428571428571E-1,
1.904761904762E-1,2.380952380952E-1,2.857142857143E-1,3.333333333333E-1,
3.809523809524E-1,4.285714285714E-1,4.761904761905E-1,5.238095238095E-1,
5.714285714286E-1,6.190476190476E-1,6.666666666667E-1,7.142857142857E-1,
7.619047619048E-1,8.095238095238E-1,8.571428571429E-1,9.047619047619E-1,
9.523809523810E-1,1.E0),.UNSPECIFIED.);
#3687=B_SPLINE_CURVE_WITH_KNOTS('',3,(#3663,#3664,#3665,#3666,#3667,#3668,#3669,
#3670,#3671,#3672,#3673,#3674,#3675,#3676,#3677,#3678,#3679,#3680,#3681,#3682,
#3683,#3684,#3685,#3686),.UNSPECIFIED.,.F.,.F.,(4,1,1,1,1,1,1,1,1,1,1,1,1,1,1,1,
1,1,1,1,1,4),(0.E0,4.761904761905E-2,9.523809523810E-2,1.428571428571E-1,
1.904761904762E-1,2.380952380952E-1,2.857142857143E-1,3.333333333333E-1,
3.809523809524E-1,4.285714285714E-1,4.761904761905E-1,5.238095238095E-1,
5.714285714286E-1,6.190476190476E-1,6.666666666667E-1,7.142857142857E-1,
7.619047619048E-1,8.095238095238E-1,8.571428571429E-1,9.047619047619E-1,
9.523809523810E-1,1.E0),.UNSPECIFIED.);
#3700=CIRCLE('',#3699,1.4E0);
#3705=CIRCLE('',#3704,1.2E0);
#3730=B_SPLINE_CURVE_WITH_KNOTS('',3,(#3706,#3707,#3708,#3709,#3710,#3711,#3712,
#3713,#3714,#3715,#3716,#3717,#3718,#3719,#3720,#3721,#3722,#3723,#3724,#3725,
#3726,#3727,#3728,#3729),.UNSPECIFIED.,.F.,.F.,(4,1,1,1,1,1,1,1,1,1,1,1,1,1,1,1,
1,1,1,1,1,4),(0.E0,4.761904761905E-2,9.523809523810E-2,1.428571428571E-1,
1.904761904762E-1,2.380952380952E-1,2.857142857143E-1,3.333333333333E-1,
3.809523809524E-1,4.285714285714E-1,4.761904761905E-1,5.238095238095E-1,
5.714285714286E-1,6.190476190476E-1,6.666666666667E-1,7.142857142857E-1,
7.619047619048E-1,8.095238095238E-1,8.571428571429E-1,9.047619047619E-1,
9.523809523810E-1,1.E0),.UNSPECIFIED.);
#3755=B_SPLINE_CURVE_WITH_KNOTS('',3,(#3731,#3732,#3733,#3734,#3735,#3736,#3737,
#3738,#3739,#3740,#3741,#3742,#3743,#3744,#3745,#3746,#3747,#3748,#3749,#3750,
#3751,#3752,#3753,#3754),.UNSPECIFIED.,.F.,.F.,(4,1,1,1,1,1,1,1,1,1,1,1,1,1,1,1,
1,1,1,1,1,4),(0.E0,4.761904761905E-2,9.523809523810E-2,1.428571428571E-1,
1.904761904762E-1,2.380952380952E-1,2.857142857143E-1,3.333333333333E-1,
3.809523809524E-1,4.285714285714E-1,4.761904761905E-1,5.238095238095E-1,
5.714285714286E-1,6.190476190476E-1,6.666666666667E-1,7.142857142857E-1,
7.619047619048E-1,8.095238095238E-1,8.571428571429E-1,9.047619047619E-1,
9.523809523810E-1,1.E0),.UNSPECIFIED.);
#3814=B_SPLINE_CURVE_WITH_KNOTS('',3,(#3788,#3789,#3790,#3791,#3792,#3793,#3794,
#3795,#3796,#3797,#3798,#3799,#3800,#3801,#3802,#3803,#3804,#3805,#3806,#3807,
#3808,#3809,#3810,#3811,#3812,#3813),.UNSPECIFIED.,.F.,.F.,(4,1,1,1,1,1,1,1,1,1,
1,1,1,1,1,1,1,1,1,1,1,1,1,4),(0.E0,4.347826086957E-2,8.695652173913E-2,
1.304347826087E-1,1.739130434783E-1,2.173913043478E-1,2.608695652174E-1,
3.043478260870E-1,3.478260869565E-1,3.913043478261E-1,4.347826086957E-1,
4.782608695652E-1,5.217391304348E-1,5.652173913043E-1,6.086956521739E-1,
6.521739130435E-1,6.956521739130E-1,7.391304347826E-1,7.826086956522E-1,
8.260869565217E-1,8.695652173913E-1,9.130434782609E-1,9.565217391304E-1,1.E0),
.UNSPECIFIED.);
#3822=B_SPLINE_CURVE_WITH_KNOTS('',3,(#3815,#3816,#3817,#3818,#3819,#3820,
#3821),.UNSPECIFIED.,.F.,.F.,(4,1,1,1,4),(0.E0,2.5E-1,5.E-1,7.5E-1,1.E0),
.UNSPECIFIED.);
#3849=B_SPLINE_CURVE_WITH_KNOTS('',3,(#3823,#3824,#3825,#3826,#3827,#3828,#3829,
#3830,#3831,#3832,#3833,#3834,#3835,#3836,#3837,#3838,#3839,#3840,#3841,#3842,
#3843,#3844,#3845,#3846,#3847,#3848),.UNSPECIFIED.,.F.,.F.,(4,1,1,1,1,1,1,1,1,1,
1,1,1,1,1,1,1,1,1,1,1,1,1,4),(0.E0,4.347826086957E-2,8.695652173913E-2,
1.304347826087E-1,1.739130434783E-1,2.173913043478E-1,2.608695652174E-1,
3.043478260870E-1,3.478260869565E-1,3.913043478261E-1,4.347826086957E-1,
4.782608695652E-1,5.217391304348E-1,5.652173913043E-1,6.086956521739E-1,
6.521739130435E-1,6.956521739130E-1,7.391304347826E-1,7.826086956522E-1,
8.260869565217E-1,8.695652173913E-1,9.130434782609E-1,9.565217391304E-1,1.E0),
.UNSPECIFIED.);
#3861=B_SPLINE_CURVE_WITH_KNOTS('',3,(#3850,#3851,#3852,#3853,#3854,#3855,#3856,
#3857,#3858,#3859,#3860),.UNSPECIFIED.,.F.,.F.,(4,1,1,1,1,1,1,1,4),(0.E0,
1.25E-1,2.5E-1,3.75E-1,5.E-1,6.25E-1,7.5E-1,8.75E-1,1.E0),.UNSPECIFIED.);
#3888=B_SPLINE_CURVE_WITH_KNOTS('',3,(#3862,#3863,#3864,#3865,#3866,#3867,#3868,
#3869,#3870,#3871,#3872,#3873,#3874,#3875,#3876,#3877,#3878,#3879,#3880,#3881,
#3882,#3883,#3884,#3885,#3886,#3887),.UNSPECIFIED.,.F.,.F.,(4,1,1,1,1,1,1,1,1,1,
1,1,1,1,1,1,1,1,1,1,1,1,1,4),(0.E0,4.347826086957E-2,8.695652173913E-2,
1.304347826087E-1,1.739130434783E-1,2.173913043478E-1,2.608695652174E-1,
3.043478260870E-1,3.478260869565E-1,3.913043478261E-1,4.347826086957E-1,
4.782608695652E-1,5.217391304348E-1,5.652173913043E-1,6.086956521739E-1,
6.521739130435E-1,6.956521739130E-1,7.391304347826E-1,7.826086956522E-1,
8.260869565217E-1,8.695652173913E-1,9.130434782609E-1,9.565217391304E-1,1.E0),
.UNSPECIFIED.);
#3896=B_SPLINE_CURVE_WITH_KNOTS('',3,(#3889,#3890,#3891,#3892,#3893,#3894,
#3895),.UNSPECIFIED.,.F.,.F.,(4,1,1,1,4),(0.E0,2.5E-1,5.E-1,7.5E-1,1.E0),
.UNSPECIFIED.);
#3923=B_SPLINE_CURVE_WITH_KNOTS('',3,(#3897,#3898,#3899,#3900,#3901,#3902,#3903,
#3904,#3905,#3906,#3907,#3908,#3909,#3910,#3911,#3912,#3913,#3914,#3915,#3916,
#3917,#3918,#3919,#3920,#3921,#3922),.UNSPECIFIED.,.F.,.F.,(4,1,1,1,1,1,1,1,1,1,
1,1,1,1,1,1,1,1,1,1,1,1,1,4),(0.E0,4.347826086957E-2,8.695652173913E-2,
1.304347826087E-1,1.739130434783E-1,2.173913043478E-1,2.608695652174E-1,
3.043478260870E-1,3.478260869565E-1,3.913043478261E-1,4.347826086957E-1,
4.782608695652E-1,5.217391304348E-1,5.652173913043E-1,6.086956521739E-1,
6.521739130435E-1,6.956521739130E-1,7.391304347826E-1,7.826086956522E-1,
8.260869565217E-1,8.695652173913E-1,9.130434782609E-1,9.565217391304E-1,1.E0),
.UNSPECIFIED.);
#3935=B_SPLINE_CURVE_WITH_KNOTS('',3,(#3924,#3925,#3926,#3927,#3928,#3929,#3930,
#3931,#3932,#3933,#3934),.UNSPECIFIED.,.F.,.F.,(4,1,1,1,1,1,1,1,4),(0.E0,
1.25E-1,2.5E-1,3.75E-1,5.E-1,6.25E-1,7.5E-1,8.75E-1,1.E0),.UNSPECIFIED.);
#3970=B_SPLINE_CURVE_WITH_KNOTS('',3,(#3944,#3945,#3946,#3947,#3948,#3949,#3950,
#3951,#3952,#3953,#3954,#3955,#3956,#3957,#3958,#3959,#3960,#3961,#3962,#3963,
#3964,#3965,#3966,#3967,#3968,#3969),.UNSPECIFIED.,.F.,.F.,(4,1,1,1,1,1,1,1,1,1,
1,1,1,1,1,1,1,1,1,1,1,1,1,4),(0.E0,4.347826086957E-2,8.695652173913E-2,
1.304347826087E-1,1.739130434783E-1,2.173913043478E-1,2.608695652174E-1,
3.043478260870E-1,3.478260869565E-1,3.913043478261E-1,4.347826086957E-1,
4.782608695652E-1,5.217391304348E-1,5.652173913043E-1,6.086956521739E-1,
6.521739130435E-1,6.956521739130E-1,7.391304347826E-1,7.826086956522E-1,
8.260869565217E-1,8.695652173913E-1,9.130434782609E-1,9.565217391304E-1,1.E0),
.UNSPECIFIED.);
#3978=B_SPLINE_CURVE_WITH_KNOTS('',3,(#3971,#3972,#3973,#3974,#3975,#3976,
#3977),.UNSPECIFIED.,.F.,.F.,(4,1,1,1,4),(0.E0,2.5E-1,5.E-1,7.5E-1,1.E0),
.UNSPECIFIED.);
#4005=B_SPLINE_CURVE_WITH_KNOTS('',3,(#3979,#3980,#3981,#3982,#3983,#3984,#3985,
#3986,#3987,#3988,#3989,#3990,#3991,#3992,#3993,#3994,#3995,#3996,#3997,#3998,
#3999,#4000,#4001,#4002,#4003,#4004),.UNSPECIFIED.,.F.,.F.,(4,1,1,1,1,1,1,1,1,1,
1,1,1,1,1,1,1,1,1,1,1,1,1,4),(0.E0,4.347826086957E-2,8.695652173913E-2,
1.304347826087E-1,1.739130434783E-1,2.173913043478E-1,2.608695652174E-1,
3.043478260870E-1,3.478260869565E-1,3.913043478261E-1,4.347826086957E-1,
4.782608695652E-1,5.217391304348E-1,5.652173913043E-1,6.086956521739E-1,
6.521739130435E-1,6.956521739130E-1,7.391304347826E-1,7.826086956522E-1,
8.260869565217E-1,8.695652173913E-1,9.130434782609E-1,9.565217391304E-1,1.E0),
.UNSPECIFIED.);
#4017=B_SPLINE_CURVE_WITH_KNOTS('',3,(#4006,#4007,#4008,#4009,#4010,#4011,#4012,
#4013,#4014,#4015,#4016),.UNSPECIFIED.,.F.,.F.,(4,1,1,1,1,1,1,1,4),(0.E0,
1.25E-1,2.5E-1,3.75E-1,5.E-1,6.25E-1,7.5E-1,8.75E-1,1.E0),.UNSPECIFIED.);
#4044=B_SPLINE_CURVE_WITH_KNOTS('',3,(#4018,#4019,#4020,#4021,#4022,#4023,#4024,
#4025,#4026,#4027,#4028,#4029,#4030,#4031,#4032,#4033,#4034,#4035,#4036,#4037,
#4038,#4039,#4040,#4041,#4042,#4043),.UNSPECIFIED.,.F.,.F.,(4,1,1,1,1,1,1,1,1,1,
1,1,1,1,1,1,1,1,1,1,1,1,1,4),(0.E0,4.347826086957E-2,8.695652173913E-2,
1.304347826087E-1,1.739130434783E-1,2.173913043478E-1,2.608695652174E-1,
3.043478260870E-1,3.478260869565E-1,3.913043478261E-1,4.347826086957E-1,
4.782608695652E-1,5.217391304348E-1,5.652173913043E-1,6.086956521739E-1,
6.521739130435E-1,6.956521739130E-1,7.391304347826E-1,7.826086956522E-1,
8.260869565217E-1,8.695652173913E-1,9.130434782609E-1,9.565217391304E-1,1.E0),
.UNSPECIFIED.);
#4052=B_SPLINE_CURVE_WITH_KNOTS('',3,(#4045,#4046,#4047,#4048,#4049,#4050,
#4051),.UNSPECIFIED.,.F.,.F.,(4,1,1,1,4),(0.E0,2.5E-1,5.E-1,7.5E-1,1.E0),
.UNSPECIFIED.);
#4079=B_SPLINE_CURVE_WITH_KNOTS('',3,(#4053,#4054,#4055,#4056,#4057,#4058,#4059,
#4060,#4061,#4062,#4063,#4064,#4065,#4066,#4067,#4068,#4069,#4070,#4071,#4072,
#4073,#4074,#4075,#4076,#4077,#4078),.UNSPECIFIED.,.F.,.F.,(4,1,1,1,1,1,1,1,1,1,
1,1,1,1,1,1,1,1,1,1,1,1,1,4),(0.E0,4.347826086957E-2,8.695652173913E-2,
1.304347826087E-1,1.739130434783E-1,2.173913043478E-1,2.608695652174E-1,
3.043478260870E-1,3.478260869565E-1,3.913043478261E-1,4.347826086957E-1,
4.782608695652E-1,5.217391304348E-1,5.652173913043E-1,6.086956521739E-1,
6.521739130435E-1,6.956521739130E-1,7.391304347826E-1,7.826086956522E-1,
8.260869565217E-1,8.695652173913E-1,9.130434782609E-1,9.565217391304E-1,1.E0),
.UNSPECIFIED.);
#4091=B_SPLINE_CURVE_WITH_KNOTS('',3,(#4080,#4081,#4082,#4083,#4084,#4085,#4086,
#4087,#4088,#4089,#4090),.UNSPECIFIED.,.F.,.F.,(4,1,1,1,1,1,1,1,4),(0.E0,
1.25E-1,2.5E-1,3.75E-1,5.E-1,6.25E-1,7.5E-1,8.75E-1,1.E0),.UNSPECIFIED.);
#4100=CIRCLE('',#4099,1.45E0);
#4105=CIRCLE('',#4104,1.45E0);
#4118=CIRCLE('',#4117,1.4E0);
#4131=CIRCLE('',#4130,1.4E0);
#4140=CIRCLE('',#4139,1.4E0);
#4145=CIRCLE('',#4144,1.2E0);
#4170=B_SPLINE_CURVE_WITH_KNOTS('',3,(#4146,#4147,#4148,#4149,#4150,#4151,#4152,
#4153,#4154,#4155,#4156,#4157,#4158,#4159,#4160,#4161,#4162,#4163,#4164,#4165,
#4166,#4167,#4168,#4169),.UNSPECIFIED.,.F.,.F.,(4,1,1,1,1,1,1,1,1,1,1,1,1,1,1,1,
1,1,1,1,1,4),(0.E0,4.761904761905E-2,9.523809523810E-2,1.428571428571E-1,
1.904761904762E-1,2.380952380952E-1,2.857142857143E-1,3.333333333333E-1,
3.809523809524E-1,4.285714285714E-1,4.761904761905E-1,5.238095238095E-1,
5.714285714286E-1,6.190476190476E-1,6.666666666667E-1,7.142857142857E-1,
7.619047619048E-1,8.095238095238E-1,8.571428571429E-1,9.047619047619E-1,
9.523809523810E-1,1.E0),.UNSPECIFIED.);
#4195=B_SPLINE_CURVE_WITH_KNOTS('',3,(#4171,#4172,#4173,#4174,#4175,#4176,#4177,
#4178,#4179,#4180,#4181,#4182,#4183,#4184,#4185,#4186,#4187,#4188,#4189,#4190,
#4191,#4192,#4193,#4194),.UNSPECIFIED.,.F.,.F.,(4,1,1,1,1,1,1,1,1,1,1,1,1,1,1,1,
1,1,1,1,1,4),(0.E0,4.761904761905E-2,9.523809523810E-2,1.428571428571E-1,
1.904761904762E-1,2.380952380952E-1,2.857142857143E-1,3.333333333333E-1,
3.809523809524E-1,4.285714285714E-1,4.761904761905E-1,5.238095238095E-1,
5.714285714286E-1,6.190476190476E-1,6.666666666667E-1,7.142857142857E-1,
7.619047619048E-1,8.095238095238E-1,8.571428571429E-1,9.047619047619E-1,
9.523809523810E-1,1.E0),.UNSPECIFIED.);
#4208=CIRCLE('',#4207,1.4E0);
#4213=CIRCLE('',#4212,1.2E0);
#4238=B_SPLINE_CURVE_WITH_KNOTS('',3,(#4214,#4215,#4216,#4217,#4218,#4219,#4220,
#4221,#4222,#4223,#4224,#4225,#4226,#4227,#4228,#4229,#4230,#4231,#4232,#4233,
#4234,#4235,#4236,#4237),.UNSPECIFIED.,.F.,.F.,(4,1,1,1,1,1,1,1,1,1,1,1,1,1,1,1,
1,1,1,1,1,4),(0.E0,4.761904761905E-2,9.523809523810E-2,1.428571428571E-1,
1.904761904762E-1,2.380952380952E-1,2.857142857143E-1,3.333333333333E-1,
3.809523809524E-1,4.285714285714E-1,4.761904761905E-1,5.238095238095E-1,
5.714285714286E-1,6.190476190476E-1,6.666666666667E-1,7.142857142857E-1,
7.619047619048E-1,8.095238095238E-1,8.571428571429E-1,9.047619047619E-1,
9.523809523810E-1,1.E0),.UNSPECIFIED.);
#4263=B_SPLINE_CURVE_WITH_KNOTS('',3,(#4239,#4240,#4241,#4242,#4243,#4244,#4245,
#4246,#4247,#4248,#4249,#4250,#4251,#4252,#4253,#4254,#4255,#4256,#4257,#4258,
#4259,#4260,#4261,#4262),.UNSPECIFIED.,.F.,.F.,(4,1,1,1,1,1,1,1,1,1,1,1,1,1,1,1,
1,1,1,1,1,4),(0.E0,4.761904761905E-2,9.523809523810E-2,1.428571428571E-1,
1.904761904762E-1,2.380952380952E-1,2.857142857143E-1,3.333333333333E-1,
3.809523809524E-1,4.285714285714E-1,4.761904761905E-1,5.238095238095E-1,
5.714285714286E-1,6.190476190476E-1,6.666666666667E-1,7.142857142857E-1,
7.619047619048E-1,8.095238095238E-1,8.571428571429E-1,9.047619047619E-1,
9.523809523810E-1,1.E0),.UNSPECIFIED.);
#4300=B_SPLINE_CURVE_WITH_KNOTS('',3,(#4296,#4297,#4298,#4299),.UNSPECIFIED.,
.F.,.F.,(4,4),(0.E0,1.E0),.UNSPECIFIED.);
#4307=B_SPLINE_CURVE_WITH_KNOTS('',3,(#4301,#4302,#4303,#4304,#4305,#4306),
.UNSPECIFIED.,.F.,.F.,(4,1,1,4),(0.E0,2.5E-1,5.E-1,1.E0),.UNSPECIFIED.);
#4318=B_SPLINE_CURVE_WITH_KNOTS('',3,(#4312,#4313,#4314,#4315,#4316,#4317),
.UNSPECIFIED.,.F.,.F.,(4,1,1,4),(0.E0,5.E-1,7.5E-1,1.E0),.UNSPECIFIED.);
#4323=B_SPLINE_CURVE_WITH_KNOTS('',3,(#4319,#4320,#4321,#4322),.UNSPECIFIED.,
.F.,.F.,(4,4),(0.E0,1.E0),.UNSPECIFIED.);
#4330=B_SPLINE_CURVE_WITH_KNOTS('',3,(#4324,#4325,#4326,#4327,#4328,#4329),
.UNSPECIFIED.,.F.,.F.,(4,1,1,4),(0.E0,2.5E-1,5.E-1,1.E0),.UNSPECIFIED.);
#4341=B_SPLINE_CURVE_WITH_KNOTS('',3,(#4335,#4336,#4337,#4338,#4339,#4340),
.UNSPECIFIED.,.F.,.F.,(4,1,1,4),(0.E0,5.E-1,7.5E-1,1.E0),.UNSPECIFIED.);
#4346=B_SPLINE_CURVE_WITH_KNOTS('',3,(#4342,#4343,#4344,#4345),.UNSPECIFIED.,
.F.,.F.,(4,4),(0.E0,1.E0),.UNSPECIFIED.);
#4351=B_SPLINE_CURVE_WITH_KNOTS('',3,(#4347,#4348,#4349,#4350),.UNSPECIFIED.,
.F.,.F.,(4,4),(0.E0,1.E0),.UNSPECIFIED.);
#4358=B_SPLINE_CURVE_WITH_KNOTS('',3,(#4352,#4353,#4354,#4355,#4356,#4357),
.UNSPECIFIED.,.F.,.F.,(4,1,1,4),(0.E0,2.5E-1,5.E-1,1.E0),.UNSPECIFIED.);
#4369=B_SPLINE_CURVE_WITH_KNOTS('',3,(#4363,#4364,#4365,#4366,#4367,#4368),
.UNSPECIFIED.,.F.,.F.,(4,1,1,4),(0.E0,5.E-1,7.5E-1,1.E0),.UNSPECIFIED.);
#4374=B_SPLINE_CURVE_WITH_KNOTS('',3,(#4370,#4371,#4372,#4373),.UNSPECIFIED.,
.F.,.F.,(4,4),(0.E0,1.E0),.UNSPECIFIED.);
#4379=B_SPLINE_CURVE_WITH_KNOTS('',3,(#4375,#4376,#4377,#4378),.UNSPECIFIED.,
.F.,.F.,(4,4),(0.E0,1.E0),.UNSPECIFIED.);
#4386=B_SPLINE_CURVE_WITH_KNOTS('',3,(#4380,#4381,#4382,#4383,#4384,#4385),
.UNSPECIFIED.,.F.,.F.,(4,1,1,4),(0.E0,2.5E-1,5.E-1,1.E0),.UNSPECIFIED.);
#4397=B_SPLINE_CURVE_WITH_KNOTS('',3,(#4391,#4392,#4393,#4394,#4395,#4396),
.UNSPECIFIED.,.F.,.F.,(4,1,1,4),(0.E0,5.E-1,7.5E-1,1.E0),.UNSPECIFIED.);
#4402=B_SPLINE_CURVE_WITH_KNOTS('',3,(#4398,#4399,#4400,#4401),.UNSPECIFIED.,
.F.,.F.,(4,4),(0.E0,1.E0),.UNSPECIFIED.);
#4407=B_SPLINE_CURVE_WITH_KNOTS('',3,(#4403,#4404,#4405,#4406),.UNSPECIFIED.,
.F.,.F.,(4,4),(0.E0,1.E0),.UNSPECIFIED.);
#4414=B_SPLINE_CURVE_WITH_KNOTS('',3,(#4408,#4409,#4410,#4411,#4412,#4413),
.UNSPECIFIED.,.F.,.F.,(4,1,1,4),(0.E0,2.5E-1,5.E-1,1.E0),.UNSPECIFIED.);
#4425=B_SPLINE_CURVE_WITH_KNOTS('',3,(#4419,#4420,#4421,#4422,#4423,#4424),
.UNSPECIFIED.,.F.,.F.,(4,1,1,4),(0.E0,5.E-1,7.5E-1,1.E0),.UNSPECIFIED.);
#4430=B_SPLINE_CURVE_WITH_KNOTS('',3,(#4426,#4427,#4428,#4429),.UNSPECIFIED.,
.F.,.F.,(4,4),(0.E0,1.E0),.UNSPECIFIED.);
#4437=B_SPLINE_CURVE_WITH_KNOTS('',3,(#4431,#4432,#4433,#4434,#4435,#4436),
.UNSPECIFIED.,.F.,.F.,(4,1,1,4),(0.E0,2.5E-1,5.E-1,1.E0),.UNSPECIFIED.);
#4448=B_SPLINE_CURVE_WITH_KNOTS('',3,(#4442,#4443,#4444,#4445,#4446,#4447),
.UNSPECIFIED.,.F.,.F.,(4,1,1,4),(0.E0,5.E-1,7.5E-1,1.E0),.UNSPECIFIED.);
#4453=B_SPLINE_CURVE_WITH_KNOTS('',3,(#4449,#4450,#4451,#4452),.UNSPECIFIED.,
.F.,.F.,(4,4),(0.E0,1.E0),.UNSPECIFIED.);
#4463=B_SPLINE_CURVE_WITH_KNOTS('',3,(#4454,#4455,#4456,#4457,#4458,#4459,#4460,
#4461,#4462),.UNSPECIFIED.,.F.,.F.,(4,1,1,1,1,1,4),(0.E0,1.666666666667E-1,
3.333333333333E-1,5.E-1,6.666666666667E-1,8.333333333333E-1,1.E0),
.UNSPECIFIED.);
#4473=B_SPLINE_CURVE_WITH_KNOTS('',3,(#4464,#4465,#4466,#4467,#4468,#4469,#4470,
#4471,#4472),.UNSPECIFIED.,.F.,.F.,(4,1,1,1,1,1,4),(0.E0,1.666666666667E-1,
3.333333333333E-1,5.E-1,6.666666666667E-1,8.333333333333E-1,1.E0),
.UNSPECIFIED.);
#4478=B_SPLINE_CURVE_WITH_KNOTS('',3,(#4474,#4475,#4476,#4477),.UNSPECIFIED.,
.F.,.F.,(4,4),(0.E0,1.E0),.UNSPECIFIED.);
#4489=B_SPLINE_CURVE_WITH_KNOTS('',3,(#4483,#4484,#4485,#4486,#4487,#4488),
.UNSPECIFIED.,.F.,.F.,(4,1,1,4),(0.E0,5.E-1,7.5E-1,1.E0),.UNSPECIFIED.);
#4496=B_SPLINE_CURVE_WITH_KNOTS('',3,(#4490,#4491,#4492,#4493,#4494,#4495),
.UNSPECIFIED.,.F.,.F.,(4,1,1,4),(0.E0,2.5E-1,5.E-1,1.E0),.UNSPECIFIED.);
#4501=B_SPLINE_CURVE_WITH_KNOTS('',3,(#4497,#4498,#4499,#4500),.UNSPECIFIED.,
.F.,.F.,(4,4),(0.E0,1.E0),.UNSPECIFIED.);
#4510=B_SPLINE_CURVE_WITH_KNOTS('',3,(#4506,#4507,#4508,#4509),.UNSPECIFIED.,
.F.,.F.,(4,4),(0.E0,1.E0),.UNSPECIFIED.);
#4517=B_SPLINE_CURVE_WITH_KNOTS('',3,(#4511,#4512,#4513,#4514,#4515,#4516),
.UNSPECIFIED.,.F.,.F.,(4,1,1,4),(0.E0,5.E-1,7.5E-1,1.E0),.UNSPECIFIED.);
#4524=B_SPLINE_CURVE_WITH_KNOTS('',3,(#4518,#4519,#4520,#4521,#4522,#4523),
.UNSPECIFIED.,.F.,.F.,(4,1,1,4),(0.E0,2.5E-1,5.E-1,1.E0),.UNSPECIFIED.);
#4529=B_SPLINE_CURVE_WITH_KNOTS('',3,(#4525,#4526,#4527,#4528),.UNSPECIFIED.,
.F.,.F.,(4,4),(0.E0,1.E0),.UNSPECIFIED.);
#4538=B_SPLINE_CURVE_WITH_KNOTS('',3,(#4534,#4535,#4536,#4537),.UNSPECIFIED.,
.F.,.F.,(4,4),(0.E0,1.E0),.UNSPECIFIED.);
#4545=B_SPLINE_CURVE_WITH_KNOTS('',3,(#4539,#4540,#4541,#4542,#4543,#4544),
.UNSPECIFIED.,.F.,.F.,(4,1,1,4),(0.E0,5.E-1,7.5E-1,1.E0),.UNSPECIFIED.);
#4552=B_SPLINE_CURVE_WITH_KNOTS('',3,(#4546,#4547,#4548,#4549,#4550,#4551),
.UNSPECIFIED.,.F.,.F.,(4,1,1,4),(0.E0,2.5E-1,5.E-1,1.E0),.UNSPECIFIED.);
#4557=B_SPLINE_CURVE_WITH_KNOTS('',3,(#4553,#4554,#4555,#4556),.UNSPECIFIED.,
.F.,.F.,(4,4),(0.E0,1.E0),.UNSPECIFIED.);
#4566=B_SPLINE_CURVE_WITH_KNOTS('',3,(#4562,#4563,#4564,#4565),.UNSPECIFIED.,
.F.,.F.,(4,4),(0.E0,1.E0),.UNSPECIFIED.);
#4573=B_SPLINE_CURVE_WITH_KNOTS('',3,(#4567,#4568,#4569,#4570,#4571,#4572),
.UNSPECIFIED.,.F.,.F.,(4,1,1,4),(0.E0,5.E-1,7.5E-1,1.E0),.UNSPECIFIED.);
#4580=B_SPLINE_CURVE_WITH_KNOTS('',3,(#4574,#4575,#4576,#4577,#4578,#4579),
.UNSPECIFIED.,.F.,.F.,(4,1,1,4),(0.E0,2.5E-1,5.E-1,1.E0),.UNSPECIFIED.);
#4585=B_SPLINE_CURVE_WITH_KNOTS('',3,(#4581,#4582,#4583,#4584),.UNSPECIFIED.,
.F.,.F.,(4,4),(0.E0,1.E0),.UNSPECIFIED.);
#4592=B_SPLINE_CURVE_WITH_KNOTS('',3,(#4586,#4587,#4588,#4589,#4590,#4591),
.UNSPECIFIED.,.F.,.F.,(4,1,1,4),(0.E0,5.E-1,7.5E-1,1.E0),.UNSPECIFIED.);
#4599=B_SPLINE_CURVE_WITH_KNOTS('',3,(#4593,#4594,#4595,#4596,#4597,#4598),
.UNSPECIFIED.,.F.,.F.,(4,1,1,4),(0.E0,2.5E-1,5.E-1,1.E0),.UNSPECIFIED.);
#4608=B_SPLINE_CURVE_WITH_KNOTS('',3,(#4604,#4605,#4606,#4607),.UNSPECIFIED.,
.F.,.F.,(4,4),(0.E0,1.E0),.UNSPECIFIED.);
#4617=B_SPLINE_CURVE_WITH_KNOTS('',3,(#4613,#4614,#4615,#4616),.UNSPECIFIED.,
.F.,.F.,(4,4),(0.E0,1.E0),.UNSPECIFIED.);
#4624=B_SPLINE_CURVE_WITH_KNOTS('',3,(#4618,#4619,#4620,#4621,#4622,#4623),
.UNSPECIFIED.,.F.,.F.,(4,1,1,4),(0.E0,5.E-1,7.5E-1,1.E0),.UNSPECIFIED.);
#4631=B_SPLINE_CURVE_WITH_KNOTS('',3,(#4625,#4626,#4627,#4628,#4629,#4630),
.UNSPECIFIED.,.F.,.F.,(4,1,1,4),(0.E0,2.5E-1,5.E-1,1.E0),.UNSPECIFIED.);
#4649=B_SPLINE_CURVE_WITH_KNOTS('',3,(#4632,#4633,#4634,#4635,#4636,#4637,#4638,
#4639,#4640,#4641,#4642,#4643,#4644,#4645,#4646,#4647,#4648),.UNSPECIFIED.,.F.,
.F.,(4,1,1,1,1,1,1,1,1,1,1,1,1,1,4),(0.E0,7.142857142857E-2,1.428571428571E-1,
2.142857142857E-1,2.857142857143E-1,3.571428571429E-1,4.285714285714E-1,5.E-1,
5.714285714286E-1,6.428571428571E-1,7.142857142857E-1,7.857142857143E-1,
8.571428571429E-1,9.285714285714E-1,1.E0),.UNSPECIFIED.);
#4665=B_SPLINE_CURVE_WITH_KNOTS('',3,(#4654,#4655,#4656,#4657,#4658,#4659,#4660,
#4661,#4662,#4663,#4664),.UNSPECIFIED.,.F.,.F.,(4,1,1,1,1,1,1,1,4),(0.E0,
1.25E-1,2.5E-1,3.75E-1,5.E-1,6.25E-1,7.5E-1,8.75E-1,1.E0),.UNSPECIFIED.);
#4675=B_SPLINE_CURVE_WITH_KNOTS('',3,(#4666,#4667,#4668,#4669,#4670,#4671,#4672,
#4673,#4674),.UNSPECIFIED.,.F.,.F.,(4,1,1,1,1,1,4),(0.E0,1.666666666667E-1,
3.333333333333E-1,5.E-1,6.666666666667E-1,8.333333333333E-1,1.E0),
.UNSPECIFIED.);
#4693=B_SPLINE_CURVE_WITH_KNOTS('',3,(#4676,#4677,#4678,#4679,#4680,#4681,#4682,
#4683,#4684,#4685,#4686,#4687,#4688,#4689,#4690,#4691,#4692),.UNSPECIFIED.,.F.,
.F.,(4,1,1,1,1,1,1,1,1,1,1,1,1,1,4),(0.E0,7.142857142857E-2,1.428571428571E-1,
2.142857142857E-1,2.857142857143E-1,3.571428571429E-1,4.285714285714E-1,5.E-1,
5.714285714286E-1,6.428571428571E-1,7.142857142857E-1,7.857142857143E-1,
8.571428571429E-1,9.285714285714E-1,1.E0),.UNSPECIFIED.);
#4715=B_SPLINE_CURVE_WITH_KNOTS('',3,(#4698,#4699,#4700,#4701,#4702,#4703,#4704,
#4705,#4706,#4707,#4708,#4709,#4710,#4711,#4712,#4713,#4714),.UNSPECIFIED.,.F.,
.F.,(4,1,1,1,1,1,1,1,1,1,1,1,1,1,4),(0.E0,7.142857142857E-2,1.428571428571E-1,
2.142857142857E-1,2.857142857143E-1,3.571428571429E-1,4.285714285714E-1,5.E-1,
5.714285714286E-1,6.428571428571E-1,7.142857142857E-1,7.857142857143E-1,
8.571428571429E-1,9.285714285714E-1,1.E0),.UNSPECIFIED.);
#4733=B_SPLINE_CURVE_WITH_KNOTS('',3,(#4716,#4717,#4718,#4719,#4720,#4721,#4722,
#4723,#4724,#4725,#4726,#4727,#4728,#4729,#4730,#4731,#4732),.UNSPECIFIED.,.F.,
.F.,(4,1,1,1,1,1,1,1,1,1,1,1,1,1,4),(0.E0,7.142857142857E-2,1.428571428571E-1,
2.142857142857E-1,2.857142857143E-1,3.571428571429E-1,4.285714285714E-1,5.E-1,
5.714285714286E-1,6.428571428571E-1,7.142857142857E-1,7.857142857143E-1,
8.571428571429E-1,9.285714285714E-1,1.E0),.UNSPECIFIED.);
#4755=B_SPLINE_CURVE_WITH_KNOTS('',3,(#4738,#4739,#4740,#4741,#4742,#4743,#4744,
#4745,#4746,#4747,#4748,#4749,#4750,#4751,#4752,#4753,#4754),.UNSPECIFIED.,.F.,
.F.,(4,1,1,1,1,1,1,1,1,1,1,1,1,1,4),(0.E0,7.142857142857E-2,1.428571428571E-1,
2.142857142857E-1,2.857142857143E-1,3.571428571429E-1,4.285714285714E-1,5.E-1,
5.714285714286E-1,6.428571428571E-1,7.142857142857E-1,7.857142857143E-1,
8.571428571429E-1,9.285714285714E-1,1.E0),.UNSPECIFIED.);
#4773=B_SPLINE_CURVE_WITH_KNOTS('',3,(#4756,#4757,#4758,#4759,#4760,#4761,#4762,
#4763,#4764,#4765,#4766,#4767,#4768,#4769,#4770,#4771,#4772),.UNSPECIFIED.,.F.,
.F.,(4,1,1,1,1,1,1,1,1,1,1,1,1,1,4),(0.E0,7.142857142857E-2,1.428571428571E-1,
2.142857142857E-1,2.857142857143E-1,3.571428571429E-1,4.285714285714E-1,5.E-1,
5.714285714286E-1,6.428571428571E-1,7.142857142857E-1,7.857142857143E-1,
8.571428571429E-1,9.285714285714E-1,1.E0),.UNSPECIFIED.);
#4795=B_SPLINE_CURVE_WITH_KNOTS('',3,(#4778,#4779,#4780,#4781,#4782,#4783,#4784,
#4785,#4786,#4787,#4788,#4789,#4790,#4791,#4792,#4793,#4794),.UNSPECIFIED.,.F.,
.F.,(4,1,1,1,1,1,1,1,1,1,1,1,1,1,4),(0.E0,7.142857142857E-2,1.428571428571E-1,
2.142857142857E-1,2.857142857143E-1,3.571428571429E-1,4.285714285714E-1,5.E-1,
5.714285714286E-1,6.428571428571E-1,7.142857142857E-1,7.857142857143E-1,
8.571428571429E-1,9.285714285714E-1,1.E0),.UNSPECIFIED.);
#4813=B_SPLINE_CURVE_WITH_KNOTS('',3,(#4796,#4797,#4798,#4799,#4800,#4801,#4802,
#4803,#4804,#4805,#4806,#4807,#4808,#4809,#4810,#4811,#4812),.UNSPECIFIED.,.F.,
.F.,(4,1,1,1,1,1,1,1,1,1,1,1,1,1,4),(0.E0,7.142857142857E-2,1.428571428571E-1,
2.142857142857E-1,2.857142857143E-1,3.571428571429E-1,4.285714285714E-1,5.E-1,
5.714285714286E-1,6.428571428571E-1,7.142857142857E-1,7.857142857143E-1,
8.571428571429E-1,9.285714285714E-1,1.E0),.UNSPECIFIED.);
#4819=B_SPLINE_CURVE_WITH_KNOTS('',3,(#4814,#4815,#4816,#4817,#4818),
.UNSPECIFIED.,.F.,.F.,(4,1,4),(0.E0,5.E-1,1.E0),.UNSPECIFIED.);
#4836=B_SPLINE_CURVE_WITH_KNOTS('',3,(#4820,#4821,#4822,#4823,#4824,#4825,#4826,
#4827,#4828,#4829,#4830,#4831,#4832,#4833,#4834,#4835),.UNSPECIFIED.,.F.,.F.,(4,
1,1,1,1,1,1,1,1,1,1,1,1,4),(0.E0,7.692307692308E-2,1.538461538462E-1,
2.307692307692E-1,3.076923076923E-1,3.846153846154E-1,4.615384615385E-1,
5.384615384615E-1,6.153846153846E-1,6.923076923077E-1,7.692307692308E-1,
8.461538461538E-1,9.230769230769E-1,1.E0),.UNSPECIFIED.);
#4858=B_SPLINE_CURVE_WITH_KNOTS('',3,(#4841,#4842,#4843,#4844,#4845,#4846,#4847,
#4848,#4849,#4850,#4851,#4852,#4853,#4854,#4855,#4856,#4857),.UNSPECIFIED.,.F.,
.F.,(4,1,1,1,1,1,1,1,1,1,1,1,1,1,4),(0.E0,7.142857142857E-2,1.428571428571E-1,
2.142857142857E-1,2.857142857143E-1,3.571428571429E-1,4.285714285714E-1,5.E-1,
5.714285714286E-1,6.428571428571E-1,7.142857142857E-1,7.857142857143E-1,
8.571428571429E-1,9.285714285714E-1,1.E0),.UNSPECIFIED.);
#4880=B_SPLINE_CURVE_WITH_KNOTS('',3,(#4863,#4864,#4865,#4866,#4867,#4868,#4869,
#4870,#4871,#4872,#4873,#4874,#4875,#4876,#4877,#4878,#4879),.UNSPECIFIED.,.F.,
.F.,(4,1,1,1,1,1,1,1,1,1,1,1,1,1,4),(0.E0,7.142857142857E-2,1.428571428571E-1,
2.142857142857E-1,2.857142857143E-1,3.571428571429E-1,4.285714285714E-1,5.E-1,
5.714285714286E-1,6.428571428571E-1,7.142857142857E-1,7.857142857143E-1,
8.571428571429E-1,9.285714285714E-1,1.E0),.UNSPECIFIED.);
#4978=B_SPLINE_CURVE_WITH_KNOTS('',3,(#4953,#4954,#4955,#4956,#4957,#4958,#4959,
#4960,#4961,#4962,#4963,#4964,#4965,#4966,#4967,#4968,#4969,#4970,#4971,#4972,
#4973,#4974,#4975,#4976,#4977),.UNSPECIFIED.,.F.,.F.,(4,1,1,1,1,1,1,1,1,1,1,1,1,
1,1,1,1,1,1,1,1,1,4),(0.E0,4.545454545455E-2,9.090909090909E-2,
1.363636363636E-1,1.818181818182E-1,2.272727272727E-1,2.727272727273E-1,
3.181818181818E-1,3.636363636364E-1,4.090909090909E-1,4.545454545455E-1,5.E-1,
5.454545454545E-1,5.909090909091E-1,6.363636363636E-1,6.818181818182E-1,
7.272727272727E-1,7.727272727273E-1,8.181818181818E-1,8.636363636364E-1,
9.090909090909E-1,9.545454545455E-1,1.E0),.UNSPECIFIED.);
#5003=B_SPLINE_CURVE_WITH_KNOTS('',3,(#4979,#4980,#4981,#4982,#4983,#4984,#4985,
#4986,#4987,#4988,#4989,#4990,#4991,#4992,#4993,#4994,#4995,#4996,#4997,#4998,
#4999,#5000,#5001,#5002),.UNSPECIFIED.,.F.,.F.,(4,1,1,1,1,1,1,1,1,1,1,1,1,1,1,1,
1,1,1,1,1,4),(0.E0,4.761904761905E-2,9.523809523810E-2,1.428571428571E-1,
1.904761904762E-1,2.380952380952E-1,2.857142857143E-1,3.333333333333E-1,
3.809523809524E-1,4.285714285714E-1,4.761904761905E-1,5.238095238095E-1,
5.714285714286E-1,6.190476190476E-1,6.666666666667E-1,7.142857142857E-1,
7.619047619048E-1,8.095238095238E-1,8.571428571429E-1,9.047619047619E-1,
9.523809523810E-1,1.E0),.UNSPECIFIED.);
#5029=B_SPLINE_CURVE_WITH_KNOTS('',3,(#5004,#5005,#5006,#5007,#5008,#5009,#5010,
#5011,#5012,#5013,#5014,#5015,#5016,#5017,#5018,#5019,#5020,#5021,#5022,#5023,
#5024,#5025,#5026,#5027,#5028),.UNSPECIFIED.,.F.,.F.,(4,1,1,1,1,1,1,1,1,1,1,1,1,
1,1,1,1,1,1,1,1,1,4),(0.E0,4.545454545455E-2,9.090909090909E-2,
1.363636363636E-1,1.818181818182E-1,2.272727272727E-1,2.727272727273E-1,
3.181818181818E-1,3.636363636364E-1,4.090909090909E-1,4.545454545455E-1,5.E-1,
5.454545454545E-1,5.909090909091E-1,6.363636363636E-1,6.818181818182E-1,
7.272727272727E-1,7.727272727273E-1,8.181818181818E-1,8.636363636364E-1,
9.090909090909E-1,9.545454545455E-1,1.E0),.UNSPECIFIED.);
#5055=B_SPLINE_CURVE_WITH_KNOTS('',3,(#5030,#5031,#5032,#5033,#5034,#5035,#5036,
#5037,#5038,#5039,#5040,#5041,#5042,#5043,#5044,#5045,#5046,#5047,#5048,#5049,
#5050,#5051,#5052,#5053,#5054),.UNSPECIFIED.,.F.,.F.,(4,1,1,1,1,1,1,1,1,1,1,1,1,
1,1,1,1,1,1,1,1,1,4),(0.E0,4.545454545455E-2,9.090909090909E-2,
1.363636363636E-1,1.818181818182E-1,2.272727272727E-1,2.727272727273E-1,
3.181818181818E-1,3.636363636364E-1,4.090909090909E-1,4.545454545455E-1,5.E-1,
5.454545454545E-1,5.909090909091E-1,6.363636363636E-1,6.818181818182E-1,
7.272727272727E-1,7.727272727273E-1,8.181818181818E-1,8.636363636364E-1,
9.090909090909E-1,9.545454545455E-1,1.E0),.UNSPECIFIED.);
#5081=B_SPLINE_CURVE_WITH_KNOTS('',3,(#5056,#5057,#5058,#5059,#5060,#5061,#5062,
#5063,#5064,#5065,#5066,#5067,#5068,#5069,#5070,#5071,#5072,#5073,#5074,#5075,
#5076,#5077,#5078,#5079,#5080),.UNSPECIFIED.,.F.,.F.,(4,1,1,1,1,1,1,1,1,1,1,1,1,
1,1,1,1,1,1,1,1,1,4),(0.E0,4.545454545455E-2,9.090909090909E-2,
1.363636363636E-1,1.818181818182E-1,2.272727272727E-1,2.727272727273E-1,
3.181818181818E-1,3.636363636364E-1,4.090909090909E-1,4.545454545455E-1,5.E-1,
5.454545454545E-1,5.909090909091E-1,6.363636363636E-1,6.818181818182E-1,
7.272727272727E-1,7.727272727273E-1,8.181818181818E-1,8.636363636364E-1,
9.090909090909E-1,9.545454545455E-1,1.E0),.UNSPECIFIED.);
#5107=B_SPLINE_CURVE_WITH_KNOTS('',3,(#5082,#5083,#5084,#5085,#5086,#5087,#5088,
#5089,#5090,#5091,#5092,#5093,#5094,#5095,#5096,#5097,#5098,#5099,#5100,#5101,
#5102,#5103,#5104,#5105,#5106),.UNSPECIFIED.,.F.,.F.,(4,1,1,1,1,1,1,1,1,1,1,1,1,
1,1,1,1,1,1,1,1,1,4),(0.E0,4.545454545455E-2,9.090909090909E-2,
1.363636363636E-1,1.818181818182E-1,2.272727272727E-1,2.727272727273E-1,
3.181818181818E-1,3.636363636364E-1,4.090909090909E-1,4.545454545455E-1,5.E-1,
5.454545454545E-1,5.909090909091E-1,6.363636363636E-1,6.818181818182E-1,
7.272727272727E-1,7.727272727273E-1,8.181818181818E-1,8.636363636364E-1,
9.090909090909E-1,9.545454545455E-1,1.E0),.UNSPECIFIED.);
#5133=B_SPLINE_CURVE_WITH_KNOTS('',3,(#5108,#5109,#5110,#5111,#5112,#5113,#5114,
#5115,#5116,#5117,#5118,#5119,#5120,#5121,#5122,#5123,#5124,#5125,#5126,#5127,
#5128,#5129,#5130,#5131,#5132),.UNSPECIFIED.,.F.,.F.,(4,1,1,1,1,1,1,1,1,1,1,1,1,
1,1,1,1,1,1,1,1,1,4),(0.E0,4.545454545455E-2,9.090909090909E-2,
1.363636363636E-1,1.818181818182E-1,2.272727272727E-1,2.727272727273E-1,
3.181818181818E-1,3.636363636364E-1,4.090909090909E-1,4.545454545455E-1,5.E-1,
5.454545454545E-1,5.909090909091E-1,6.363636363636E-1,6.818181818182E-1,
7.272727272727E-1,7.727272727273E-1,8.181818181818E-1,8.636363636364E-1,
9.090909090909E-1,9.545454545455E-1,1.E0),.UNSPECIFIED.);
#5159=B_SPLINE_CURVE_WITH_KNOTS('',3,(#5134,#5135,#5136,#5137,#5138,#5139,#5140,
#5141,#5142,#5143,#5144,#5145,#5146,#5147,#5148,#5149,#5150,#5151,#5152,#5153,
#5154,#5155,#5156,#5157,#5158),.UNSPECIFIED.,.F.,.F.,(4,1,1,1,1,1,1,1,1,1,1,1,1,
1,1,1,1,1,1,1,1,1,4),(0.E0,4.545454545455E-2,9.090909090909E-2,
1.363636363636E-1,1.818181818182E-1,2.272727272727E-1,2.727272727273E-1,
3.181818181818E-1,3.636363636364E-1,4.090909090909E-1,4.545454545455E-1,5.E-1,
5.454545454545E-1,5.909090909091E-1,6.363636363636E-1,6.818181818182E-1,
7.272727272727E-1,7.727272727273E-1,8.181818181818E-1,8.636363636364E-1,
9.090909090909E-1,9.545454545455E-1,1.E0),.UNSPECIFIED.);
#5185=B_SPLINE_CURVE_WITH_KNOTS('',3,(#5160,#5161,#5162,#5163,#5164,#5165,#5166,
#5167,#5168,#5169,#5170,#5171,#5172,#5173,#5174,#5175,#5176,#5177,#5178,#5179,
#5180,#5181,#5182,#5183,#5184),.UNSPECIFIED.,.F.,.F.,(4,1,1,1,1,1,1,1,1,1,1,1,1,
1,1,1,1,1,1,1,1,1,4),(0.E0,4.545454545455E-2,9.090909090909E-2,
1.363636363636E-1,1.818181818182E-1,2.272727272727E-1,2.727272727273E-1,
3.181818181818E-1,3.636363636364E-1,4.090909090909E-1,4.545454545455E-1,5.E-1,
5.454545454545E-1,5.909090909091E-1,6.363636363636E-1,6.818181818182E-1,
7.272727272727E-1,7.727272727273E-1,8.181818181818E-1,8.636363636364E-1,
9.090909090909E-1,9.545454545455E-1,1.E0),.UNSPECIFIED.);
#5210=B_SPLINE_CURVE_WITH_KNOTS('',3,(#5186,#5187,#5188,#5189,#5190,#5191,#5192,
#5193,#5194,#5195,#5196,#5197,#5198,#5199,#5200,#5201,#5202,#5203,#5204,#5205,
#5206,#5207,#5208,#5209),.UNSPECIFIED.,.F.,.F.,(4,1,1,1,1,1,1,1,1,1,1,1,1,1,1,1,
1,1,1,1,1,4),(0.E0,4.761904761905E-2,9.523809523810E-2,1.428571428571E-1,
1.904761904762E-1,2.380952380952E-1,2.857142857143E-1,3.333333333333E-1,
3.809523809524E-1,4.285714285714E-1,4.761904761905E-1,5.238095238095E-1,
5.714285714286E-1,6.190476190476E-1,6.666666666667E-1,7.142857142857E-1,
7.619047619048E-1,8.095238095238E-1,8.571428571429E-1,9.047619047619E-1,
9.523809523810E-1,1.E0),.UNSPECIFIED.);
#5236=B_SPLINE_CURVE_WITH_KNOTS('',3,(#5211,#5212,#5213,#5214,#5215,#5216,#5217,
#5218,#5219,#5220,#5221,#5222,#5223,#5224,#5225,#5226,#5227,#5228,#5229,#5230,
#5231,#5232,#5233,#5234,#5235),.UNSPECIFIED.,.F.,.F.,(4,1,1,1,1,1,1,1,1,1,1,1,1,
1,1,1,1,1,1,1,1,1,4),(0.E0,4.545454545455E-2,9.090909090909E-2,
1.363636363636E-1,1.818181818182E-1,2.272727272727E-1,2.727272727273E-1,
3.181818181818E-1,3.636363636364E-1,4.090909090909E-1,4.545454545455E-1,5.E-1,
5.454545454545E-1,5.909090909091E-1,6.363636363636E-1,6.818181818182E-1,
7.272727272727E-1,7.727272727273E-1,8.181818181818E-1,8.636363636364E-1,
9.090909090909E-1,9.545454545455E-1,1.E0),.UNSPECIFIED.);
#5262=B_SPLINE_CURVE_WITH_KNOTS('',3,(#5237,#5238,#5239,#5240,#5241,#5242,#5243,
#5244,#5245,#5246,#5247,#5248,#5249,#5250,#5251,#5252,#5253,#5254,#5255,#5256,
#5257,#5258,#5259,#5260,#5261),.UNSPECIFIED.,.F.,.F.,(4,1,1,1,1,1,1,1,1,1,1,1,1,
1,1,1,1,1,1,1,1,1,4),(0.E0,4.545454545455E-2,9.090909090909E-2,
1.363636363636E-1,1.818181818182E-1,2.272727272727E-1,2.727272727273E-1,
3.181818181818E-1,3.636363636364E-1,4.090909090909E-1,4.545454545455E-1,5.E-1,
5.454545454545E-1,5.909090909091E-1,6.363636363636E-1,6.818181818182E-1,
7.272727272727E-1,7.727272727273E-1,8.181818181818E-1,8.636363636364E-1,
9.090909090909E-1,9.545454545455E-1,1.E0),.UNSPECIFIED.);
#5292=B_SPLINE_CURVE_WITH_KNOTS('',3,(#5275,#5276,#5277,#5278,#5279,#5280,#5281,
#5282,#5283,#5284,#5285,#5286,#5287,#5288,#5289,#5290,#5291),.UNSPECIFIED.,.F.,
.F.,(4,1,1,1,1,1,1,1,1,1,1,1,1,1,4),(0.E0,7.142857142857E-2,1.428571428571E-1,
2.142857142857E-1,2.857142857143E-1,3.571428571429E-1,4.285714285714E-1,5.E-1,
5.714285714286E-1,6.428571428571E-1,7.142857142857E-1,7.857142857143E-1,
8.571428571429E-1,9.285714285714E-1,1.E0),.UNSPECIFIED.);
#5306=B_SPLINE_CURVE_WITH_KNOTS('',3,(#5297,#5298,#5299,#5300,#5301,#5302,#5303,
#5304,#5305),.UNSPECIFIED.,.F.,.F.,(4,1,1,1,1,1,4),(0.E0,1.666666666667E-1,
3.333333333333E-1,5.E-1,6.666666666667E-1,8.333333333333E-1,1.E0),
.UNSPECIFIED.);
#5318=B_SPLINE_CURVE_WITH_KNOTS('',3,(#5307,#5308,#5309,#5310,#5311,#5312,#5313,
#5314,#5315,#5316,#5317),.UNSPECIFIED.,.F.,.F.,(4,1,1,1,1,1,1,1,4),(0.E0,
1.25E-1,2.5E-1,3.75E-1,5.E-1,6.25E-1,7.5E-1,8.75E-1,1.E0),.UNSPECIFIED.);
#5336=B_SPLINE_CURVE_WITH_KNOTS('',3,(#5319,#5320,#5321,#5322,#5323,#5324,#5325,
#5326,#5327,#5328,#5329,#5330,#5331,#5332,#5333,#5334,#5335),.UNSPECIFIED.,.F.,
.F.,(4,1,1,1,1,1,1,1,1,1,1,1,1,1,4),(0.E0,7.142857142857E-2,1.428571428571E-1,
2.142857142857E-1,2.857142857143E-1,3.571428571429E-1,4.285714285714E-1,5.E-1,
5.714285714286E-1,6.428571428571E-1,7.142857142857E-1,7.857142857143E-1,
8.571428571429E-1,9.285714285714E-1,1.E0),.UNSPECIFIED.);
#5358=B_SPLINE_CURVE_WITH_KNOTS('',3,(#5341,#5342,#5343,#5344,#5345,#5346,#5347,
#5348,#5349,#5350,#5351,#5352,#5353,#5354,#5355,#5356,#5357),.UNSPECIFIED.,.F.,
.F.,(4,1,1,1,1,1,1,1,1,1,1,1,1,1,4),(0.E0,7.142857142857E-2,1.428571428571E-1,
2.142857142857E-1,2.857142857143E-1,3.571428571429E-1,4.285714285714E-1,5.E-1,
5.714285714286E-1,6.428571428571E-1,7.142857142857E-1,7.857142857143E-1,
8.571428571429E-1,9.285714285714E-1,1.E0),.UNSPECIFIED.);
#5376=B_SPLINE_CURVE_WITH_KNOTS('',3,(#5359,#5360,#5361,#5362,#5363,#5364,#5365,
#5366,#5367,#5368,#5369,#5370,#5371,#5372,#5373,#5374,#5375),.UNSPECIFIED.,.F.,
.F.,(4,1,1,1,1,1,1,1,1,1,1,1,1,1,4),(0.E0,7.142857142857E-2,1.428571428571E-1,
2.142857142857E-1,2.857142857143E-1,3.571428571429E-1,4.285714285714E-1,5.E-1,
5.714285714286E-1,6.428571428571E-1,7.142857142857E-1,7.857142857143E-1,
8.571428571429E-1,9.285714285714E-1,1.E0),.UNSPECIFIED.);
#5398=B_SPLINE_CURVE_WITH_KNOTS('',3,(#5381,#5382,#5383,#5384,#5385,#5386,#5387,
#5388,#5389,#5390,#5391,#5392,#5393,#5394,#5395,#5396,#5397),.UNSPECIFIED.,.F.,
.F.,(4,1,1,1,1,1,1,1,1,1,1,1,1,1,4),(0.E0,7.142857142857E-2,1.428571428571E-1,
2.142857142857E-1,2.857142857143E-1,3.571428571429E-1,4.285714285714E-1,5.E-1,
5.714285714286E-1,6.428571428571E-1,7.142857142857E-1,7.857142857143E-1,
8.571428571429E-1,9.285714285714E-1,1.E0),.UNSPECIFIED.);
#5416=B_SPLINE_CURVE_WITH_KNOTS('',3,(#5399,#5400,#5401,#5402,#5403,#5404,#5405,
#5406,#5407,#5408,#5409,#5410,#5411,#5412,#5413,#5414,#5415),.UNSPECIFIED.,.F.,
.F.,(4,1,1,1,1,1,1,1,1,1,1,1,1,1,4),(0.E0,7.142857142857E-2,1.428571428571E-1,
2.142857142857E-1,2.857142857143E-1,3.571428571429E-1,4.285714285714E-1,5.E-1,
5.714285714286E-1,6.428571428571E-1,7.142857142857E-1,7.857142857143E-1,
8.571428571429E-1,9.285714285714E-1,1.E0),.UNSPECIFIED.);
#5438=B_SPLINE_CURVE_WITH_KNOTS('',3,(#5421,#5422,#5423,#5424,#5425,#5426,#5427,
#5428,#5429,#5430,#5431,#5432,#5433,#5434,#5435,#5436,#5437),.UNSPECIFIED.,.F.,
.F.,(4,1,1,1,1,1,1,1,1,1,1,1,1,1,4),(0.E0,7.142857142857E-2,1.428571428571E-1,
2.142857142857E-1,2.857142857143E-1,3.571428571429E-1,4.285714285714E-1,5.E-1,
5.714285714286E-1,6.428571428571E-1,7.142857142857E-1,7.857142857143E-1,
8.571428571429E-1,9.285714285714E-1,1.E0),.UNSPECIFIED.);
#5456=B_SPLINE_CURVE_WITH_KNOTS('',3,(#5439,#5440,#5441,#5442,#5443,#5444,#5445,
#5446,#5447,#5448,#5449,#5450,#5451,#5452,#5453,#5454,#5455),.UNSPECIFIED.,.F.,
.F.,(4,1,1,1,1,1,1,1,1,1,1,1,1,1,4),(0.E0,7.142857142857E-2,1.428571428571E-1,
2.142857142857E-1,2.857142857143E-1,3.571428571429E-1,4.285714285714E-1,5.E-1,
5.714285714286E-1,6.428571428571E-1,7.142857142857E-1,7.857142857143E-1,
8.571428571429E-1,9.285714285714E-1,1.E0),.UNSPECIFIED.);
#5473=B_SPLINE_CURVE_WITH_KNOTS('',3,(#5457,#5458,#5459,#5460,#5461,#5462,#5463,
#5464,#5465,#5466,#5467,#5468,#5469,#5470,#5471,#5472),.UNSPECIFIED.,.F.,.F.,(4,
1,1,1,1,1,1,1,1,1,1,1,1,4),(0.E0,7.692307692308E-2,1.538461538462E-1,
2.307692307692E-1,3.076923076923E-1,3.846153846154E-1,4.615384615385E-1,
5.384615384615E-1,6.153846153846E-1,6.923076923077E-1,7.692307692308E-1,
8.461538461538E-1,9.230769230769E-1,1.E0),.UNSPECIFIED.);
#5479=B_SPLINE_CURVE_WITH_KNOTS('',3,(#5474,#5475,#5476,#5477,#5478),
.UNSPECIFIED.,.F.,.F.,(4,1,4),(0.E0,5.E-1,1.E0),.UNSPECIFIED.);
#5501=B_SPLINE_CURVE_WITH_KNOTS('',3,(#5484,#5485,#5486,#5487,#5488,#5489,#5490,
#5491,#5492,#5493,#5494,#5495,#5496,#5497,#5498,#5499,#5500),.UNSPECIFIED.,.F.,
.F.,(4,1,1,1,1,1,1,1,1,1,1,1,1,1,4),(0.E0,7.142857142857E-2,1.428571428571E-1,
2.142857142857E-1,2.857142857143E-1,3.571428571429E-1,4.285714285714E-1,5.E-1,
5.714285714286E-1,6.428571428571E-1,7.142857142857E-1,7.857142857143E-1,
8.571428571429E-1,9.285714285714E-1,1.E0),.UNSPECIFIED.);
#5523=B_SPLINE_CURVE_WITH_KNOTS('',3,(#5506,#5507,#5508,#5509,#5510,#5511,#5512,
#5513,#5514,#5515,#5516,#5517,#5518,#5519,#5520,#5521,#5522),.UNSPECIFIED.,.F.,
.F.,(4,1,1,1,1,1,1,1,1,1,1,1,1,1,4),(0.E0,7.142857142857E-2,1.428571428571E-1,
2.142857142857E-1,2.857142857143E-1,3.571428571429E-1,4.285714285714E-1,5.E-1,
5.714285714286E-1,6.428571428571E-1,7.142857142857E-1,7.857142857143E-1,
8.571428571429E-1,9.285714285714E-1,1.E0),.UNSPECIFIED.);
#5552=B_SPLINE_CURVE_WITH_KNOTS('',3,(#5528,#5529,#5530,#5531,#5532,#5533,#5534,
#5535,#5536,#5537,#5538,#5539,#5540,#5541,#5542,#5543,#5544,#5545,#5546,#5547,
#5548,#5549,#5550,#5551),.UNSPECIFIED.,.F.,.F.,(4,1,1,1,1,1,1,1,1,1,1,1,1,1,1,1,
1,1,1,1,1,4),(0.E0,4.761904761905E-2,9.523809523810E-2,1.428571428571E-1,
1.904761904762E-1,2.380952380952E-1,2.857142857143E-1,3.333333333333E-1,
3.809523809524E-1,4.285714285714E-1,4.761904761905E-1,5.238095238095E-1,
5.714285714286E-1,6.190476190476E-1,6.666666666667E-1,7.142857142857E-1,
7.619047619048E-1,8.095238095238E-1,8.571428571429E-1,9.047619047619E-1,
9.523809523810E-1,1.E0),.UNSPECIFIED.);
#5577=B_SPLINE_CURVE_WITH_KNOTS('',3,(#5553,#5554,#5555,#5556,#5557,#5558,#5559,
#5560,#5561,#5562,#5563,#5564,#5565,#5566,#5567,#5568,#5569,#5570,#5571,#5572,
#5573,#5574,#5575,#5576),.UNSPECIFIED.,.F.,.F.,(4,1,1,1,1,1,1,1,1,1,1,1,1,1,1,1,
1,1,1,1,1,4),(0.E0,4.761904761905E-2,9.523809523810E-2,1.428571428571E-1,
1.904761904762E-1,2.380952380952E-1,2.857142857143E-1,3.333333333333E-1,
3.809523809524E-1,4.285714285714E-1,4.761904761905E-1,5.238095238095E-1,
5.714285714286E-1,6.190476190476E-1,6.666666666667E-1,7.142857142857E-1,
7.619047619048E-1,8.095238095238E-1,8.571428571429E-1,9.047619047619E-1,
9.523809523810E-1,1.E0),.UNSPECIFIED.);
#5600=B_SPLINE_CURVE_WITH_KNOTS('',3,(#5578,#5579,#5580,#5581,#5582,#5583,#5584,
#5585,#5586,#5587,#5588,#5589,#5590,#5591,#5592,#5593,#5594,#5595,#5596,#5597,
#5598,#5599),.UNSPECIFIED.,.F.,.F.,(4,1,1,1,1,1,1,1,1,1,1,1,1,1,1,1,1,1,1,4),(
0.E0,5.263157894737E-2,1.052631578947E-1,1.578947368421E-1,2.105263157895E-1,
2.631578947368E-1,3.157894736842E-1,3.684210526316E-1,4.210526315789E-1,
4.736842105263E-1,5.263157894737E-1,5.789473684211E-1,6.315789473684E-1,
6.842105263158E-1,7.368421052632E-1,7.894736842105E-1,8.421052631579E-1,
8.947368421053E-1,9.473684210526E-1,1.E0),.UNSPECIFIED.);
#5625=B_SPLINE_CURVE_WITH_KNOTS('',3,(#5605,#5606,#5607,#5608,#5609,#5610,#5611,
#5612,#5613,#5614,#5615,#5616,#5617,#5618,#5619,#5620,#5621,#5622,#5623,#5624),
.UNSPECIFIED.,.F.,.F.,(4,1,1,1,1,1,1,1,1,1,1,1,1,1,1,1,1,4),(0.E0,
5.882352941176E-2,1.176470588235E-1,1.764705882353E-1,2.352941176471E-1,
2.941176470588E-1,3.529411764706E-1,4.117647058824E-1,4.705882352941E-1,
5.294117647059E-1,5.882352941176E-1,6.470588235294E-1,7.058823529412E-1,
7.647058823529E-1,8.235294117647E-1,8.823529411765E-1,9.411764705882E-1,1.E0),
.UNSPECIFIED.);
#5632=B_SPLINE_CURVE_WITH_KNOTS('',3,(#5626,#5627,#5628,#5629,#5630,#5631),
.UNSPECIFIED.,.F.,.F.,(4,1,1,4),(0.E0,3.333333333333E-1,6.666666666667E-1,1.E0),
.UNSPECIFIED.);
#5639=B_SPLINE_CURVE_WITH_KNOTS('',3,(#5633,#5634,#5635,#5636,#5637,#5638),
.UNSPECIFIED.,.F.,.F.,(4,1,1,4),(0.E0,3.333333333333E-1,6.666666666667E-1,1.E0),
.UNSPECIFIED.);
#5646=B_SPLINE_CURVE_WITH_KNOTS('',3,(#5640,#5641,#5642,#5643,#5644,#5645),
.UNSPECIFIED.,.F.,.F.,(4,1,1,4),(0.E0,3.333333333333E-1,6.666666666667E-1,1.E0),
.UNSPECIFIED.);
#5669=B_SPLINE_CURVE_WITH_KNOTS('',3,(#5647,#5648,#5649,#5650,#5651,#5652,#5653,
#5654,#5655,#5656,#5657,#5658,#5659,#5660,#5661,#5662,#5663,#5664,#5665,#5666,
#5667,#5668),.UNSPECIFIED.,.F.,.F.,(4,1,1,1,1,1,1,1,1,1,1,1,1,1,1,1,1,1,1,4),(
0.E0,5.263157894737E-2,1.052631578947E-1,1.578947368421E-1,2.105263157895E-1,
2.631578947368E-1,3.157894736842E-1,3.684210526316E-1,4.210526315789E-1,
4.736842105263E-1,5.263157894737E-1,5.789473684211E-1,6.315789473684E-1,
6.842105263158E-1,7.368421052632E-1,7.894736842105E-1,8.421052631579E-1,
8.947368421053E-1,9.473684210526E-1,1.E0),.UNSPECIFIED.);
#5696=B_SPLINE_CURVE_WITH_KNOTS('',3,(#5674,#5675,#5676,#5677,#5678,#5679,#5680,
#5681,#5682,#5683,#5684,#5685,#5686,#5687,#5688,#5689,#5690,#5691,#5692,#5693,
#5694,#5695),.UNSPECIFIED.,.F.,.F.,(4,1,1,1,1,1,1,1,1,1,1,1,1,1,1,1,1,1,1,4),(
0.E0,5.263157894737E-2,1.052631578947E-1,1.578947368421E-1,2.105263157895E-1,
2.631578947368E-1,3.157894736842E-1,3.684210526316E-1,4.210526315789E-1,
4.736842105263E-1,5.263157894737E-1,5.789473684211E-1,6.315789473684E-1,
6.842105263158E-1,7.368421052632E-1,7.894736842105E-1,8.421052631579E-1,
8.947368421053E-1,9.473684210526E-1,1.E0),.UNSPECIFIED.);
#5703=B_SPLINE_CURVE_WITH_KNOTS('',3,(#5697,#5698,#5699,#5700,#5701,#5702),
.UNSPECIFIED.,.F.,.F.,(4,1,1,4),(0.E0,3.333333333333E-1,6.666666666667E-1,1.E0),
.UNSPECIFIED.);
#5710=B_SPLINE_CURVE_WITH_KNOTS('',3,(#5704,#5705,#5706,#5707,#5708,#5709),
.UNSPECIFIED.,.F.,.F.,(4,1,1,4),(0.E0,3.333333333333E-1,6.666666666667E-1,1.E0),
.UNSPECIFIED.);
#5733=B_SPLINE_CURVE_WITH_KNOTS('',3,(#5711,#5712,#5713,#5714,#5715,#5716,#5717,
#5718,#5719,#5720,#5721,#5722,#5723,#5724,#5725,#5726,#5727,#5728,#5729,#5730,
#5731,#5732),.UNSPECIFIED.,.F.,.F.,(4,1,1,1,1,1,1,1,1,1,1,1,1,1,1,1,1,1,1,4),(
0.E0,5.263157894737E-2,1.052631578947E-1,1.578947368421E-1,2.105263157895E-1,
2.631578947368E-1,3.157894736842E-1,3.684210526316E-1,4.210526315789E-1,
4.736842105263E-1,5.263157894737E-1,5.789473684211E-1,6.315789473684E-1,
6.842105263158E-1,7.368421052632E-1,7.894736842105E-1,8.421052631579E-1,
8.947368421053E-1,9.473684210526E-1,1.E0),.UNSPECIFIED.);
#5760=B_SPLINE_CURVE_WITH_KNOTS('',3,(#5738,#5739,#5740,#5741,#5742,#5743,#5744,
#5745,#5746,#5747,#5748,#5749,#5750,#5751,#5752,#5753,#5754,#5755,#5756,#5757,
#5758,#5759),.UNSPECIFIED.,.F.,.F.,(4,1,1,1,1,1,1,1,1,1,1,1,1,1,1,1,1,1,1,4),(
0.E0,5.263157894737E-2,1.052631578947E-1,1.578947368421E-1,2.105263157895E-1,
2.631578947368E-1,3.157894736842E-1,3.684210526316E-1,4.210526315789E-1,
4.736842105263E-1,5.263157894737E-1,5.789473684211E-1,6.315789473684E-1,
6.842105263158E-1,7.368421052632E-1,7.894736842105E-1,8.421052631579E-1,
8.947368421053E-1,9.473684210526E-1,1.E0),.UNSPECIFIED.);
#5767=B_SPLINE_CURVE_WITH_KNOTS('',3,(#5761,#5762,#5763,#5764,#5765,#5766),
.UNSPECIFIED.,.F.,.F.,(4,1,1,4),(0.E0,3.333333333333E-1,6.666666666667E-1,1.E0),
.UNSPECIFIED.);
#5774=B_SPLINE_CURVE_WITH_KNOTS('',3,(#5768,#5769,#5770,#5771,#5772,#5773),
.UNSPECIFIED.,.F.,.F.,(4,1,1,4),(0.E0,3.333333333333E-1,6.666666666667E-1,1.E0),
.UNSPECIFIED.);
#5797=B_SPLINE_CURVE_WITH_KNOTS('',3,(#5775,#5776,#5777,#5778,#5779,#5780,#5781,
#5782,#5783,#5784,#5785,#5786,#5787,#5788,#5789,#5790,#5791,#5792,#5793,#5794,
#5795,#5796),.UNSPECIFIED.,.F.,.F.,(4,1,1,1,1,1,1,1,1,1,1,1,1,1,1,1,1,1,1,4),(
0.E0,5.263157894737E-2,1.052631578947E-1,1.578947368421E-1,2.105263157895E-1,
2.631578947368E-1,3.157894736842E-1,3.684210526316E-1,4.210526315789E-1,
4.736842105263E-1,5.263157894737E-1,5.789473684211E-1,6.315789473684E-1,
6.842105263158E-1,7.368421052632E-1,7.894736842105E-1,8.421052631579E-1,
8.947368421053E-1,9.473684210526E-1,1.E0),.UNSPECIFIED.);
#5824=B_SPLINE_CURVE_WITH_KNOTS('',3,(#5802,#5803,#5804,#5805,#5806,#5807,#5808,
#5809,#5810,#5811,#5812,#5813,#5814,#5815,#5816,#5817,#5818,#5819,#5820,#5821,
#5822,#5823),.UNSPECIFIED.,.F.,.F.,(4,1,1,1,1,1,1,1,1,1,1,1,1,1,1,1,1,1,1,4),(
0.E0,5.263157894737E-2,1.052631578947E-1,1.578947368421E-1,2.105263157895E-1,
2.631578947368E-1,3.157894736842E-1,3.684210526316E-1,4.210526315789E-1,
4.736842105263E-1,5.263157894737E-1,5.789473684211E-1,6.315789473684E-1,
6.842105263158E-1,7.368421052632E-1,7.894736842105E-1,8.421052631579E-1,
8.947368421053E-1,9.473684210526E-1,1.E0),.UNSPECIFIED.);
#5831=B_SPLINE_CURVE_WITH_KNOTS('',3,(#5825,#5826,#5827,#5828,#5829,#5830),
.UNSPECIFIED.,.F.,.F.,(4,1,1,4),(0.E0,3.333333333333E-1,6.666666666667E-1,1.E0),
.UNSPECIFIED.);
#5838=B_SPLINE_CURVE_WITH_KNOTS('',3,(#5832,#5833,#5834,#5835,#5836,#5837),
.UNSPECIFIED.,.F.,.F.,(4,1,1,4),(0.E0,3.333333333333E-1,6.666666666667E-1,1.E0),
.UNSPECIFIED.);
#5861=B_SPLINE_CURVE_WITH_KNOTS('',3,(#5839,#5840,#5841,#5842,#5843,#5844,#5845,
#5846,#5847,#5848,#5849,#5850,#5851,#5852,#5853,#5854,#5855,#5856,#5857,#5858,
#5859,#5860),.UNSPECIFIED.,.F.,.F.,(4,1,1,1,1,1,1,1,1,1,1,1,1,1,1,1,1,1,1,4),(
0.E0,5.263157894737E-2,1.052631578947E-1,1.578947368421E-1,2.105263157895E-1,
2.631578947368E-1,3.157894736842E-1,3.684210526316E-1,4.210526315789E-1,
4.736842105263E-1,5.263157894737E-1,5.789473684211E-1,6.315789473684E-1,
6.842105263158E-1,7.368421052632E-1,7.894736842105E-1,8.421052631579E-1,
8.947368421053E-1,9.473684210526E-1,1.E0),.UNSPECIFIED.);
#5888=B_SPLINE_CURVE_WITH_KNOTS('',3,(#5866,#5867,#5868,#5869,#5870,#5871,#5872,
#5873,#5874,#5875,#5876,#5877,#5878,#5879,#5880,#5881,#5882,#5883,#5884,#5885,
#5886,#5887),.UNSPECIFIED.,.F.,.F.,(4,1,1,1,1,1,1,1,1,1,1,1,1,1,1,1,1,1,1,4),(
0.E0,5.263157894737E-2,1.052631578947E-1,1.578947368421E-1,2.105263157895E-1,
2.631578947368E-1,3.157894736842E-1,3.684210526316E-1,4.210526315789E-1,
4.736842105263E-1,5.263157894737E-1,5.789473684211E-1,6.315789473684E-1,
6.842105263158E-1,7.368421052632E-1,7.894736842105E-1,8.421052631579E-1,
8.947368421053E-1,9.473684210526E-1,1.E0),.UNSPECIFIED.);
#5895=B_SPLINE_CURVE_WITH_KNOTS('',3,(#5889,#5890,#5891,#5892,#5893,#5894),
.UNSPECIFIED.,.F.,.F.,(4,1,1,4),(0.E0,3.333333333333E-1,6.666666666667E-1,1.E0),
.UNSPECIFIED.);
#5918=B_SPLINE_CURVE_WITH_KNOTS('',3,(#5896,#5897,#5898,#5899,#5900,#5901,#5902,
#5903,#5904,#5905,#5906,#5907,#5908,#5909,#5910,#5911,#5912,#5913,#5914,#5915,
#5916,#5917),.UNSPECIFIED.,.F.,.F.,(4,1,1,1,1,1,1,1,1,1,1,1,1,1,1,1,1,1,1,4),(
0.E0,5.263157894737E-2,1.052631578947E-1,1.578947368421E-1,2.105263157895E-1,
2.631578947368E-1,3.157894736842E-1,3.684210526316E-1,4.210526315789E-1,
4.736842105263E-1,5.263157894737E-1,5.789473684211E-1,6.315789473684E-1,
6.842105263158E-1,7.368421052632E-1,7.894736842105E-1,8.421052631579E-1,
8.947368421053E-1,9.473684210526E-1,1.E0),.UNSPECIFIED.);
#5925=B_SPLINE_CURVE_WITH_KNOTS('',3,(#5919,#5920,#5921,#5922,#5923,#5924),
.UNSPECIFIED.,.F.,.F.,(4,1,1,4),(0.E0,3.333333333333E-1,6.666666666667E-1,1.E0),
.UNSPECIFIED.);
#5932=B_SPLINE_CURVE_WITH_KNOTS('',3,(#5926,#5927,#5928,#5929,#5930,#5931),
.UNSPECIFIED.,.F.,.F.,(4,1,1,4),(0.E0,3.333333333333E-1,6.666666666667E-1,1.E0),
.UNSPECIFIED.);
#5953=B_SPLINE_CURVE_WITH_KNOTS('',3,(#5933,#5934,#5935,#5936,#5937,#5938,#5939,
#5940,#5941,#5942,#5943,#5944,#5945,#5946,#5947,#5948,#5949,#5950,#5951,#5952),
.UNSPECIFIED.,.F.,.F.,(4,1,1,1,1,1,1,1,1,1,1,1,1,1,1,1,1,4),(0.E0,
5.882352941176E-2,1.176470588235E-1,1.764705882353E-1,2.352941176471E-1,
2.941176470588E-1,3.529411764706E-1,4.117647058824E-1,4.705882352941E-1,
5.294117647059E-1,5.882352941176E-1,6.470588235294E-1,7.058823529412E-1,
7.647058823529E-1,8.235294117647E-1,8.823529411765E-1,9.411764705882E-1,1.E0),
.UNSPECIFIED.);
#5984=B_SPLINE_CURVE_WITH_KNOTS('',3,(#5962,#5963,#5964,#5965,#5966,#5967,#5968,
#5969,#5970,#5971,#5972,#5973,#5974,#5975,#5976,#5977,#5978,#5979,#5980,#5981,
#5982,#5983),.UNSPECIFIED.,.F.,.F.,(4,1,1,1,1,1,1,1,1,1,1,1,1,1,1,1,1,1,1,4),(
0.E0,5.263157894737E-2,1.052631578947E-1,1.578947368421E-1,2.105263157895E-1,
2.631578947368E-1,3.157894736842E-1,3.684210526316E-1,4.210526315789E-1,
4.736842105263E-1,5.263157894737E-1,5.789473684211E-1,6.315789473684E-1,
6.842105263158E-1,7.368421052632E-1,7.894736842105E-1,8.421052631579E-1,
8.947368421053E-1,9.473684210526E-1,1.E0),.UNSPECIFIED.);
#5991=B_SPLINE_CURVE_WITH_KNOTS('',3,(#5985,#5986,#5987,#5988,#5989,#5990),
.UNSPECIFIED.,.F.,.F.,(4,1,1,4),(0.E0,3.333333333333E-1,6.666666666667E-1,1.E0),
.UNSPECIFIED.);
#6002=B_SPLINE_CURVE_WITH_KNOTS('',3,(#5996,#5997,#5998,#5999,#6000,#6001),
.UNSPECIFIED.,.F.,.F.,(4,1,1,4),(0.E0,3.333333333333E-1,6.666666666667E-1,1.E0),
.UNSPECIFIED.);
#6023=B_SPLINE_CURVE_WITH_KNOTS('',3,(#6003,#6004,#6005,#6006,#6007,#6008,#6009,
#6010,#6011,#6012,#6013,#6014,#6015,#6016,#6017,#6018,#6019,#6020,#6021,#6022),
.UNSPECIFIED.,.F.,.F.,(4,1,1,1,1,1,1,1,1,1,1,1,1,1,1,1,1,4),(0.E0,
5.882352941176E-2,1.176470588235E-1,1.764705882353E-1,2.352941176471E-1,
2.941176470588E-1,3.529411764706E-1,4.117647058824E-1,4.705882352941E-1,
5.294117647059E-1,5.882352941176E-1,6.470588235294E-1,7.058823529412E-1,
7.647058823529E-1,8.235294117647E-1,8.823529411765E-1,9.411764705882E-1,1.E0),
.UNSPECIFIED.);
#6030=B_SPLINE_CURVE_WITH_KNOTS('',3,(#6024,#6025,#6026,#6027,#6028,#6029),
.UNSPECIFIED.,.F.,.F.,(4,1,1,4),(0.E0,3.333333333333E-1,6.666666666667E-1,1.E0),
.UNSPECIFIED.);
#6041=B_SPLINE_CURVE_WITH_KNOTS('',3,(#6035,#6036,#6037,#6038,#6039,#6040),
.UNSPECIFIED.,.F.,.F.,(4,1,1,4),(0.E0,3.333333333333E-1,6.666666666667E-1,1.E0),
.UNSPECIFIED.);
#6064=B_SPLINE_CURVE_WITH_KNOTS('',3,(#6042,#6043,#6044,#6045,#6046,#6047,#6048,
#6049,#6050,#6051,#6052,#6053,#6054,#6055,#6056,#6057,#6058,#6059,#6060,#6061,
#6062,#6063),.UNSPECIFIED.,.F.,.F.,(4,1,1,1,1,1,1,1,1,1,1,1,1,1,1,1,1,1,1,4),(
0.E0,5.263157894737E-2,1.052631578947E-1,1.578947368421E-1,2.105263157895E-1,
2.631578947368E-1,3.157894736842E-1,3.684210526316E-1,4.210526315789E-1,
4.736842105263E-1,5.263157894737E-1,5.789473684211E-1,6.315789473684E-1,
6.842105263158E-1,7.368421052632E-1,7.894736842105E-1,8.421052631579E-1,
8.947368421053E-1,9.473684210526E-1,1.E0),.UNSPECIFIED.);
#6087=B_SPLINE_CURVE_WITH_KNOTS('',3,(#6065,#6066,#6067,#6068,#6069,#6070,#6071,
#6072,#6073,#6074,#6075,#6076,#6077,#6078,#6079,#6080,#6081,#6082,#6083,#6084,
#6085,#6086),.UNSPECIFIED.,.F.,.F.,(4,1,1,1,1,1,1,1,1,1,1,1,1,1,1,1,1,1,1,4),(
0.E0,5.263157894737E-2,1.052631578947E-1,1.578947368421E-1,2.105263157895E-1,
2.631578947368E-1,3.157894736842E-1,3.684210526316E-1,4.210526315789E-1,
4.736842105263E-1,5.263157894737E-1,5.789473684211E-1,6.315789473684E-1,
6.842105263158E-1,7.368421052632E-1,7.894736842105E-1,8.421052631579E-1,
8.947368421053E-1,9.473684210526E-1,1.E0),.UNSPECIFIED.);
#6094=B_SPLINE_CURVE_WITH_KNOTS('',3,(#6088,#6089,#6090,#6091,#6092,#6093),
.UNSPECIFIED.,.F.,.F.,(4,1,1,4),(0.E0,3.333333333333E-1,6.666666666667E-1,1.E0),
.UNSPECIFIED.);
#6105=B_SPLINE_CURVE_WITH_KNOTS('',3,(#6099,#6100,#6101,#6102,#6103,#6104),
.UNSPECIFIED.,.F.,.F.,(4,1,1,4),(0.E0,3.333333333333E-1,6.666666666667E-1,1.E0),
.UNSPECIFIED.);
#6128=B_SPLINE_CURVE_WITH_KNOTS('',3,(#6106,#6107,#6108,#6109,#6110,#6111,#6112,
#6113,#6114,#6115,#6116,#6117,#6118,#6119,#6120,#6121,#6122,#6123,#6124,#6125,
#6126,#6127),.UNSPECIFIED.,.F.,.F.,(4,1,1,1,1,1,1,1,1,1,1,1,1,1,1,1,1,1,1,4),(
0.E0,5.263157894737E-2,1.052631578947E-1,1.578947368421E-1,2.105263157895E-1,
2.631578947368E-1,3.157894736842E-1,3.684210526316E-1,4.210526315789E-1,
4.736842105263E-1,5.263157894737E-1,5.789473684211E-1,6.315789473684E-1,
6.842105263158E-1,7.368421052632E-1,7.894736842105E-1,8.421052631579E-1,
8.947368421053E-1,9.473684210526E-1,1.E0),.UNSPECIFIED.);
#6151=B_SPLINE_CURVE_WITH_KNOTS('',3,(#6129,#6130,#6131,#6132,#6133,#6134,#6135,
#6136,#6137,#6138,#6139,#6140,#6141,#6142,#6143,#6144,#6145,#6146,#6147,#6148,
#6149,#6150),.UNSPECIFIED.,.F.,.F.,(4,1,1,1,1,1,1,1,1,1,1,1,1,1,1,1,1,1,1,4),(
0.E0,5.263157894737E-2,1.052631578947E-1,1.578947368421E-1,2.105263157895E-1,
2.631578947368E-1,3.157894736842E-1,3.684210526316E-1,4.210526315789E-1,
4.736842105263E-1,5.263157894737E-1,5.789473684211E-1,6.315789473684E-1,
6.842105263158E-1,7.368421052632E-1,7.894736842105E-1,8.421052631579E-1,
8.947368421053E-1,9.473684210526E-1,1.E0),.UNSPECIFIED.);
#6158=B_SPLINE_CURVE_WITH_KNOTS('',3,(#6152,#6153,#6154,#6155,#6156,#6157),
.UNSPECIFIED.,.F.,.F.,(4,1,1,4),(0.E0,3.333333333333E-1,6.666666666667E-1,1.E0),
.UNSPECIFIED.);
#6169=B_SPLINE_CURVE_WITH_KNOTS('',3,(#6163,#6164,#6165,#6166,#6167,#6168),
.UNSPECIFIED.,.F.,.F.,(4,1,1,4),(0.E0,3.333333333333E-1,6.666666666667E-1,1.E0),
.UNSPECIFIED.);
#6192=B_SPLINE_CURVE_WITH_KNOTS('',3,(#6170,#6171,#6172,#6173,#6174,#6175,#6176,
#6177,#6178,#6179,#6180,#6181,#6182,#6183,#6184,#6185,#6186,#6187,#6188,#6189,
#6190,#6191),.UNSPECIFIED.,.F.,.F.,(4,1,1,1,1,1,1,1,1,1,1,1,1,1,1,1,1,1,1,4),(
0.E0,5.263157894737E-2,1.052631578947E-1,1.578947368421E-1,2.105263157895E-1,
2.631578947368E-1,3.157894736842E-1,3.684210526316E-1,4.210526315789E-1,
4.736842105263E-1,5.263157894737E-1,5.789473684211E-1,6.315789473684E-1,
6.842105263158E-1,7.368421052632E-1,7.894736842105E-1,8.421052631579E-1,
8.947368421053E-1,9.473684210526E-1,1.E0),.UNSPECIFIED.);
#6215=B_SPLINE_CURVE_WITH_KNOTS('',3,(#6193,#6194,#6195,#6196,#6197,#6198,#6199,
#6200,#6201,#6202,#6203,#6204,#6205,#6206,#6207,#6208,#6209,#6210,#6211,#6212,
#6213,#6214),.UNSPECIFIED.,.F.,.F.,(4,1,1,1,1,1,1,1,1,1,1,1,1,1,1,1,1,1,1,4),(
0.E0,5.263157894737E-2,1.052631578947E-1,1.578947368421E-1,2.105263157895E-1,
2.631578947368E-1,3.157894736842E-1,3.684210526316E-1,4.210526315789E-1,
4.736842105263E-1,5.263157894737E-1,5.789473684211E-1,6.315789473684E-1,
6.842105263158E-1,7.368421052632E-1,7.894736842105E-1,8.421052631579E-1,
8.947368421053E-1,9.473684210526E-1,1.E0),.UNSPECIFIED.);
#6222=B_SPLINE_CURVE_WITH_KNOTS('',3,(#6216,#6217,#6218,#6219,#6220,#6221),
.UNSPECIFIED.,.F.,.F.,(4,1,1,4),(0.E0,3.333333333333E-1,6.666666666667E-1,1.E0),
.UNSPECIFIED.);
#6233=B_SPLINE_CURVE_WITH_KNOTS('',3,(#6227,#6228,#6229,#6230,#6231,#6232),
.UNSPECIFIED.,.F.,.F.,(4,1,1,4),(0.E0,3.333333333333E-1,6.666666666667E-1,1.E0),
.UNSPECIFIED.);
#6256=B_SPLINE_CURVE_WITH_KNOTS('',3,(#6234,#6235,#6236,#6237,#6238,#6239,#6240,
#6241,#6242,#6243,#6244,#6245,#6246,#6247,#6248,#6249,#6250,#6251,#6252,#6253,
#6254,#6255),.UNSPECIFIED.,.F.,.F.,(4,1,1,1,1,1,1,1,1,1,1,1,1,1,1,1,1,1,1,4),(
0.E0,5.263157894737E-2,1.052631578947E-1,1.578947368421E-1,2.105263157895E-1,
2.631578947368E-1,3.157894736842E-1,3.684210526316E-1,4.210526315789E-1,
4.736842105263E-1,5.263157894737E-1,5.789473684211E-1,6.315789473684E-1,
6.842105263158E-1,7.368421052632E-1,7.894736842105E-1,8.421052631579E-1,
8.947368421053E-1,9.473684210526E-1,1.E0),.UNSPECIFIED.);
#6279=B_SPLINE_CURVE_WITH_KNOTS('',3,(#6257,#6258,#6259,#6260,#6261,#6262,#6263,
#6264,#6265,#6266,#6267,#6268,#6269,#6270,#6271,#6272,#6273,#6274,#6275,#6276,
#6277,#6278),.UNSPECIFIED.,.F.,.F.,(4,1,1,1,1,1,1,1,1,1,1,1,1,1,1,1,1,1,1,4),(
0.E0,5.263157894737E-2,1.052631578947E-1,1.578947368421E-1,2.105263157895E-1,
2.631578947368E-1,3.157894736842E-1,3.684210526316E-1,4.210526315789E-1,
4.736842105263E-1,5.263157894737E-1,5.789473684211E-1,6.315789473684E-1,
6.842105263158E-1,7.368421052632E-1,7.894736842105E-1,8.421052631579E-1,
8.947368421053E-1,9.473684210526E-1,1.E0),.UNSPECIFIED.);
#6302=B_SPLINE_CURVE_WITH_KNOTS('',3,(#6280,#6281,#6282,#6283,#6284,#6285,#6286,
#6287,#6288,#6289,#6290,#6291,#6292,#6293,#6294,#6295,#6296,#6297,#6298,#6299,
#6300,#6301),.UNSPECIFIED.,.F.,.F.,(4,1,1,1,1,1,1,1,1,1,1,1,1,1,1,1,1,1,1,4),(
0.E0,5.263157894737E-2,1.052631578947E-1,1.578947368421E-1,2.105263157895E-1,
2.631578947368E-1,3.157894736842E-1,3.684210526316E-1,4.210526315789E-1,
4.736842105263E-1,5.263157894737E-1,5.789473684211E-1,6.315789473684E-1,
6.842105263158E-1,7.368421052632E-1,7.894736842105E-1,8.421052631579E-1,
8.947368421053E-1,9.473684210526E-1,1.E0),.UNSPECIFIED.);
#6323=B_SPLINE_CURVE_WITH_KNOTS('',3,(#6303,#6304,#6305,#6306,#6307,#6308,#6309,
#6310,#6311,#6312,#6313,#6314,#6315,#6316,#6317,#6318,#6319,#6320,#6321,#6322),
.UNSPECIFIED.,.F.,.F.,(4,1,1,1,1,1,1,1,1,1,1,1,1,1,1,1,1,4),(0.E0,
5.882352941176E-2,1.176470588235E-1,1.764705882353E-1,2.352941176471E-1,
2.941176470588E-1,3.529411764706E-1,4.117647058824E-1,4.705882352941E-1,
5.294117647059E-1,5.882352941176E-1,6.470588235294E-1,7.058823529412E-1,
7.647058823529E-1,8.235294117647E-1,8.823529411765E-1,9.411764705882E-1,1.E0),
.UNSPECIFIED.);
#6330=B_SPLINE_CURVE_WITH_KNOTS('',3,(#6324,#6325,#6326,#6327,#6328,#6329),
.UNSPECIFIED.,.F.,.F.,(4,1,1,4),(0.E0,3.333333333333E-1,6.666666666667E-1,1.E0),
.UNSPECIFIED.);
#6341=B_SPLINE_CURVE_WITH_KNOTS('',3,(#6335,#6336,#6337,#6338,#6339,#6340),
.UNSPECIFIED.,.F.,.F.,(4,1,1,4),(0.E0,3.333333333333E-1,6.666666666667E-1,1.E0),
.UNSPECIFIED.);
#6583=B_SPLINE_CURVE_WITH_KNOTS('',3,(#6574,#6575,#6576,#6577,#6578,#6579,#6580,
#6581,#6582),.UNSPECIFIED.,.F.,.F.,(4,1,1,1,1,1,4),(0.E0,1.666666666667E-1,
3.333333333333E-1,5.E-1,6.666666666667E-1,8.333333333333E-1,1.E0),
.UNSPECIFIED.);
#6593=B_SPLINE_CURVE_WITH_KNOTS('',3,(#6584,#6585,#6586,#6587,#6588,#6589,#6590,
#6591,#6592),.UNSPECIFIED.,.F.,.F.,(4,1,1,1,1,1,4),(0.E0,1.666666666667E-1,
3.333333333333E-1,5.E-1,6.666666666667E-1,8.333333333333E-1,1.E0),
.UNSPECIFIED.);
#6691=B_SPLINE_CURVE_WITH_KNOTS('',3,(#6666,#6667,#6668,#6669,#6670,#6671,#6672,
#6673,#6674,#6675,#6676,#6677,#6678,#6679,#6680,#6681,#6682,#6683,#6684,#6685,
#6686,#6687,#6688,#6689,#6690),.UNSPECIFIED.,.F.,.F.,(4,1,1,1,1,1,1,1,1,1,1,1,1,
1,1,1,1,1,1,1,1,1,4),(0.E0,4.545454545455E-2,9.090909090909E-2,
1.363636363636E-1,1.818181818182E-1,2.272727272727E-1,2.727272727273E-1,
3.181818181818E-1,3.636363636364E-1,4.090909090909E-1,4.545454545455E-1,5.E-1,
5.454545454545E-1,5.909090909091E-1,6.363636363636E-1,6.818181818182E-1,
7.272727272727E-1,7.727272727273E-1,8.181818181818E-1,8.636363636364E-1,
9.090909090909E-1,9.545454545455E-1,1.E0),.UNSPECIFIED.);
#6720=B_SPLINE_CURVE_WITH_KNOTS('',3,(#6696,#6697,#6698,#6699,#6700,#6701,#6702,
#6703,#6704,#6705,#6706,#6707,#6708,#6709,#6710,#6711,#6712,#6713,#6714,#6715,
#6716,#6717,#6718,#6719),.UNSPECIFIED.,.F.,.F.,(4,1,1,1,1,1,1,1,1,1,1,1,1,1,1,1,
1,1,1,1,1,4),(0.E0,4.761904761905E-2,9.523809523810E-2,1.428571428571E-1,
1.904761904762E-1,2.380952380952E-1,2.857142857143E-1,3.333333333333E-1,
3.809523809524E-1,4.285714285714E-1,4.761904761905E-1,5.238095238095E-1,
5.714285714286E-1,6.190476190476E-1,6.666666666667E-1,7.142857142857E-1,
7.619047619048E-1,8.095238095238E-1,8.571428571429E-1,9.047619047619E-1,
9.523809523810E-1,1.E0),.UNSPECIFIED.);
#6746=B_SPLINE_CURVE_WITH_KNOTS('',3,(#6721,#6722,#6723,#6724,#6725,#6726,#6727,
#6728,#6729,#6730,#6731,#6732,#6733,#6734,#6735,#6736,#6737,#6738,#6739,#6740,
#6741,#6742,#6743,#6744,#6745),.UNSPECIFIED.,.F.,.F.,(4,1,1,1,1,1,1,1,1,1,1,1,1,
1,1,1,1,1,1,1,1,1,4),(0.E0,4.545454545455E-2,9.090909090909E-2,
1.363636363636E-1,1.818181818182E-1,2.272727272727E-1,2.727272727273E-1,
3.181818181818E-1,3.636363636364E-1,4.090909090909E-1,4.545454545455E-1,5.E-1,
5.454545454545E-1,5.909090909091E-1,6.363636363636E-1,6.818181818182E-1,
7.272727272727E-1,7.727272727273E-1,8.181818181818E-1,8.636363636364E-1,
9.090909090909E-1,9.545454545455E-1,1.E0),.UNSPECIFIED.);
#6776=B_SPLINE_CURVE_WITH_KNOTS('',3,(#6751,#6752,#6753,#6754,#6755,#6756,#6757,
#6758,#6759,#6760,#6761,#6762,#6763,#6764,#6765,#6766,#6767,#6768,#6769,#6770,
#6771,#6772,#6773,#6774,#6775),.UNSPECIFIED.,.F.,.F.,(4,1,1,1,1,1,1,1,1,1,1,1,1,
1,1,1,1,1,1,1,1,1,4),(0.E0,4.545454545455E-2,9.090909090909E-2,
1.363636363636E-1,1.818181818182E-1,2.272727272727E-1,2.727272727273E-1,
3.181818181818E-1,3.636363636364E-1,4.090909090909E-1,4.545454545455E-1,5.E-1,
5.454545454545E-1,5.909090909091E-1,6.363636363636E-1,6.818181818182E-1,
7.272727272727E-1,7.727272727273E-1,8.181818181818E-1,8.636363636364E-1,
9.090909090909E-1,9.545454545455E-1,1.E0),.UNSPECIFIED.);
#6802=B_SPLINE_CURVE_WITH_KNOTS('',3,(#6777,#6778,#6779,#6780,#6781,#6782,#6783,
#6784,#6785,#6786,#6787,#6788,#6789,#6790,#6791,#6792,#6793,#6794,#6795,#6796,
#6797,#6798,#6799,#6800,#6801),.UNSPECIFIED.,.F.,.F.,(4,1,1,1,1,1,1,1,1,1,1,1,1,
1,1,1,1,1,1,1,1,1,4),(0.E0,4.545454545455E-2,9.090909090909E-2,
1.363636363636E-1,1.818181818182E-1,2.272727272727E-1,2.727272727273E-1,
3.181818181818E-1,3.636363636364E-1,4.090909090909E-1,4.545454545455E-1,5.E-1,
5.454545454545E-1,5.909090909091E-1,6.363636363636E-1,6.818181818182E-1,
7.272727272727E-1,7.727272727273E-1,8.181818181818E-1,8.636363636364E-1,
9.090909090909E-1,9.545454545455E-1,1.E0),.UNSPECIFIED.);
#6832=B_SPLINE_CURVE_WITH_KNOTS('',3,(#6807,#6808,#6809,#6810,#6811,#6812,#6813,
#6814,#6815,#6816,#6817,#6818,#6819,#6820,#6821,#6822,#6823,#6824,#6825,#6826,
#6827,#6828,#6829,#6830,#6831),.UNSPECIFIED.,.F.,.F.,(4,1,1,1,1,1,1,1,1,1,1,1,1,
1,1,1,1,1,1,1,1,1,4),(0.E0,4.545454545455E-2,9.090909090909E-2,
1.363636363636E-1,1.818181818182E-1,2.272727272727E-1,2.727272727273E-1,
3.181818181818E-1,3.636363636364E-1,4.090909090909E-1,4.545454545455E-1,5.E-1,
5.454545454545E-1,5.909090909091E-1,6.363636363636E-1,6.818181818182E-1,
7.272727272727E-1,7.727272727273E-1,8.181818181818E-1,8.636363636364E-1,
9.090909090909E-1,9.545454545455E-1,1.E0),.UNSPECIFIED.);
#6858=B_SPLINE_CURVE_WITH_KNOTS('',3,(#6833,#6834,#6835,#6836,#6837,#6838,#6839,
#6840,#6841,#6842,#6843,#6844,#6845,#6846,#6847,#6848,#6849,#6850,#6851,#6852,
#6853,#6854,#6855,#6856,#6857),.UNSPECIFIED.,.F.,.F.,(4,1,1,1,1,1,1,1,1,1,1,1,1,
1,1,1,1,1,1,1,1,1,4),(0.E0,4.545454545455E-2,9.090909090909E-2,
1.363636363636E-1,1.818181818182E-1,2.272727272727E-1,2.727272727273E-1,
3.181818181818E-1,3.636363636364E-1,4.090909090909E-1,4.545454545455E-1,5.E-1,
5.454545454545E-1,5.909090909091E-1,6.363636363636E-1,6.818181818182E-1,
7.272727272727E-1,7.727272727273E-1,8.181818181818E-1,8.636363636364E-1,
9.090909090909E-1,9.545454545455E-1,1.E0),.UNSPECIFIED.);
#6888=B_SPLINE_CURVE_WITH_KNOTS('',3,(#6863,#6864,#6865,#6866,#6867,#6868,#6869,
#6870,#6871,#6872,#6873,#6874,#6875,#6876,#6877,#6878,#6879,#6880,#6881,#6882,
#6883,#6884,#6885,#6886,#6887),.UNSPECIFIED.,.F.,.F.,(4,1,1,1,1,1,1,1,1,1,1,1,1,
1,1,1,1,1,1,1,1,1,4),(0.E0,4.545454545455E-2,9.090909090909E-2,
1.363636363636E-1,1.818181818182E-1,2.272727272727E-1,2.727272727273E-1,
3.181818181818E-1,3.636363636364E-1,4.090909090909E-1,4.545454545455E-1,5.E-1,
5.454545454545E-1,5.909090909091E-1,6.363636363636E-1,6.818181818182E-1,
7.272727272727E-1,7.727272727273E-1,8.181818181818E-1,8.636363636364E-1,
9.090909090909E-1,9.545454545455E-1,1.E0),.UNSPECIFIED.);
#6914=B_SPLINE_CURVE_WITH_KNOTS('',3,(#6889,#6890,#6891,#6892,#6893,#6894,#6895,
#6896,#6897,#6898,#6899,#6900,#6901,#6902,#6903,#6904,#6905,#6906,#6907,#6908,
#6909,#6910,#6911,#6912,#6913),.UNSPECIFIED.,.F.,.F.,(4,1,1,1,1,1,1,1,1,1,1,1,1,
1,1,1,1,1,1,1,1,1,4),(0.E0,4.545454545455E-2,9.090909090909E-2,
1.363636363636E-1,1.818181818182E-1,2.272727272727E-1,2.727272727273E-1,
3.181818181818E-1,3.636363636364E-1,4.090909090909E-1,4.545454545455E-1,5.E-1,
5.454545454545E-1,5.909090909091E-1,6.363636363636E-1,6.818181818182E-1,
7.272727272727E-1,7.727272727273E-1,8.181818181818E-1,8.636363636364E-1,
9.090909090909E-1,9.545454545455E-1,1.E0),.UNSPECIFIED.);
#6939=B_SPLINE_CURVE_WITH_KNOTS('',3,(#6915,#6916,#6917,#6918,#6919,#6920,#6921,
#6922,#6923,#6924,#6925,#6926,#6927,#6928,#6929,#6930,#6931,#6932,#6933,#6934,
#6935,#6936,#6937,#6938),.UNSPECIFIED.,.F.,.F.,(4,1,1,1,1,1,1,1,1,1,1,1,1,1,1,1,
1,1,1,1,1,4),(0.E0,4.761904761905E-2,9.523809523810E-2,1.428571428571E-1,
1.904761904762E-1,2.380952380952E-1,2.857142857143E-1,3.333333333333E-1,
3.809523809524E-1,4.285714285714E-1,4.761904761905E-1,5.238095238095E-1,
5.714285714286E-1,6.190476190476E-1,6.666666666667E-1,7.142857142857E-1,
7.619047619048E-1,8.095238095238E-1,8.571428571429E-1,9.047619047619E-1,
9.523809523810E-1,1.E0),.UNSPECIFIED.);
#6969=B_SPLINE_CURVE_WITH_KNOTS('',3,(#6944,#6945,#6946,#6947,#6948,#6949,#6950,
#6951,#6952,#6953,#6954,#6955,#6956,#6957,#6958,#6959,#6960,#6961,#6962,#6963,
#6964,#6965,#6966,#6967,#6968),.UNSPECIFIED.,.F.,.F.,(4,1,1,1,1,1,1,1,1,1,1,1,1,
1,1,1,1,1,1,1,1,1,4),(0.E0,4.545454545455E-2,9.090909090909E-2,
1.363636363636E-1,1.818181818182E-1,2.272727272727E-1,2.727272727273E-1,
3.181818181818E-1,3.636363636364E-1,4.090909090909E-1,4.545454545455E-1,5.E-1,
5.454545454545E-1,5.909090909091E-1,6.363636363636E-1,6.818181818182E-1,
7.272727272727E-1,7.727272727273E-1,8.181818181818E-1,8.636363636364E-1,
9.090909090909E-1,9.545454545455E-1,1.E0),.UNSPECIFIED.);
#6999=B_SPLINE_CURVE_WITH_KNOTS('',3,(#6974,#6975,#6976,#6977,#6978,#6979,#6980,
#6981,#6982,#6983,#6984,#6985,#6986,#6987,#6988,#6989,#6990,#6991,#6992,#6993,
#6994,#6995,#6996,#6997,#6998),.UNSPECIFIED.,.F.,.F.,(4,1,1,1,1,1,1,1,1,1,1,1,1,
1,1,1,1,1,1,1,1,1,4),(0.E0,4.545454545455E-2,9.090909090909E-2,
1.363636363636E-1,1.818181818182E-1,2.272727272727E-1,2.727272727273E-1,
3.181818181818E-1,3.636363636364E-1,4.090909090909E-1,4.545454545455E-1,5.E-1,
5.454545454545E-1,5.909090909091E-1,6.363636363636E-1,6.818181818182E-1,
7.272727272727E-1,7.727272727273E-1,8.181818181818E-1,8.636363636364E-1,
9.090909090909E-1,9.545454545455E-1,1.E0),.UNSPECIFIED.);
#7009=B_SPLINE_CURVE_WITH_KNOTS('',3,(#7000,#7001,#7002,#7003,#7004,#7005,#7006,
#7007,#7008),.UNSPECIFIED.,.F.,.F.,(4,1,1,1,1,1,4),(0.E0,1.666666666667E-1,
3.333333333333E-1,5.E-1,6.666666666667E-1,8.333333333333E-1,1.E0),
.UNSPECIFIED.);
#7023=B_SPLINE_CURVE_WITH_KNOTS('',3,(#7014,#7015,#7016,#7017,#7018,#7019,#7020,
#7021,#7022),.UNSPECIFIED.,.F.,.F.,(4,1,1,1,1,1,4),(0.E0,1.666666666667E-1,
3.333333333333E-1,5.E-1,6.666666666667E-1,8.333333333333E-1,1.E0),
.UNSPECIFIED.);
#7037=B_SPLINE_CURVE_WITH_KNOTS('',3,(#7028,#7029,#7030,#7031,#7032,#7033,#7034,
#7035,#7036),.UNSPECIFIED.,.F.,.F.,(4,1,1,1,1,1,4),(0.E0,1.666666666667E-1,
3.333333333333E-1,5.E-1,6.666666666667E-1,8.333333333333E-1,1.E0),
.UNSPECIFIED.);
#7047=B_SPLINE_CURVE_WITH_KNOTS('',3,(#7038,#7039,#7040,#7041,#7042,#7043,#7044,
#7045,#7046),.UNSPECIFIED.,.F.,.F.,(4,1,1,1,1,1,4),(0.E0,1.666666666667E-1,
3.333333333333E-1,5.E-1,6.666666666667E-1,8.333333333333E-1,1.E0),
.UNSPECIFIED.);
#7065=B_SPLINE_CURVE_WITH_KNOTS('',3,(#7056,#7057,#7058,#7059,#7060,#7061,#7062,
#7063,#7064),.UNSPECIFIED.,.F.,.F.,(4,1,1,1,1,1,4),(0.E0,1.666666666667E-1,
3.333333333333E-1,5.E-1,6.666666666667E-1,8.333333333333E-1,1.E0),
.UNSPECIFIED.);
#7079=B_SPLINE_CURVE_WITH_KNOTS('',3,(#7070,#7071,#7072,#7073,#7074,#7075,#7076,
#7077,#7078),.UNSPECIFIED.,.F.,.F.,(4,1,1,1,1,1,4),(0.E0,1.666666666667E-1,
3.333333333333E-1,5.E-1,6.666666666667E-1,8.333333333333E-1,1.E0),
.UNSPECIFIED.);
#7093=B_SPLINE_CURVE_WITH_KNOTS('',3,(#7084,#7085,#7086,#7087,#7088,#7089,#7090,
#7091,#7092),.UNSPECIFIED.,.F.,.F.,(4,1,1,1,1,1,4),(0.E0,1.666666666667E-1,
3.333333333333E-1,5.E-1,6.666666666667E-1,8.333333333333E-1,1.E0),
.UNSPECIFIED.);
#7103=B_SPLINE_CURVE_WITH_KNOTS('',3,(#7094,#7095,#7096,#7097,#7098,#7099,#7100,
#7101,#7102),.UNSPECIFIED.,.F.,.F.,(4,1,1,1,1,1,4),(0.E0,1.666666666667E-1,
3.333333333333E-1,5.E-1,6.666666666667E-1,8.333333333333E-1,1.E0),
.UNSPECIFIED.);
#7121=B_SPLINE_CURVE_WITH_KNOTS('',3,(#7112,#7113,#7114,#7115,#7116,#7117,#7118,
#7119,#7120),.UNSPECIFIED.,.F.,.F.,(4,1,1,1,1,1,4),(0.E0,1.666666666667E-1,
3.333333333333E-1,5.E-1,6.666666666667E-1,8.333333333333E-1,1.E0),
.UNSPECIFIED.);
#7135=B_SPLINE_CURVE_WITH_KNOTS('',3,(#7126,#7127,#7128,#7129,#7130,#7131,#7132,
#7133,#7134),.UNSPECIFIED.,.F.,.F.,(4,1,1,1,1,1,4),(0.E0,1.666666666667E-1,
3.333333333333E-1,5.E-1,6.666666666667E-1,8.333333333333E-1,1.E0),
.UNSPECIFIED.);
#7149=B_SPLINE_CURVE_WITH_KNOTS('',3,(#7140,#7141,#7142,#7143,#7144,#7145,#7146,
#7147,#7148),.UNSPECIFIED.,.F.,.F.,(4,1,1,1,1,1,4),(0.E0,1.666666666667E-1,
3.333333333333E-1,5.E-1,6.666666666667E-1,8.333333333333E-1,1.E0),
.UNSPECIFIED.);
#7163=B_SPLINE_CURVE_WITH_KNOTS('',3,(#7154,#7155,#7156,#7157,#7158,#7159,#7160,
#7161,#7162),.UNSPECIFIED.,.F.,.F.,(4,1,1,1,1,1,4),(0.E0,1.666666666667E-1,
3.333333333333E-1,5.E-1,6.666666666667E-1,8.333333333333E-1,1.E0),
.UNSPECIFIED.);
#7175=B_SPLINE_CURVE_WITH_KNOTS('',3,(#7168,#7169,#7170,#7171,#7172,#7173,
#7174),.UNSPECIFIED.,.F.,.F.,(4,1,1,1,4),(0.E0,2.5E-1,5.E-1,7.5E-1,1.E0),
.UNSPECIFIED.);
#7183=B_SPLINE_CURVE_WITH_KNOTS('',3,(#7176,#7177,#7178,#7179,#7180,#7181,
#7182),.UNSPECIFIED.,.F.,.F.,(4,1,1,1,4),(0.E0,2.5E-1,5.E-1,7.5E-1,1.E0),
.UNSPECIFIED.);
#7201=B_SPLINE_CURVE_WITH_KNOTS('',3,(#7192,#7193,#7194,#7195,#7196,#7197,#7198,
#7199,#7200),.UNSPECIFIED.,.F.,.F.,(4,1,1,1,1,1,4),(0.E0,1.666666666667E-1,
3.333333333333E-1,5.E-1,6.666666666667E-1,8.333333333333E-1,1.E0),
.UNSPECIFIED.);
#7211=B_SPLINE_CURVE_WITH_KNOTS('',3,(#7202,#7203,#7204,#7205,#7206,#7207,#7208,
#7209,#7210),.UNSPECIFIED.,.F.,.F.,(4,1,1,1,1,1,4),(0.E0,1.666666666667E-1,
3.333333333333E-1,5.E-1,6.666666666667E-1,8.333333333333E-1,1.E0),
.UNSPECIFIED.);
#7229=B_SPLINE_CURVE_WITH_KNOTS('',3,(#7220,#7221,#7222,#7223,#7224,#7225,#7226,
#7227,#7228),.UNSPECIFIED.,.F.,.F.,(4,1,1,1,1,1,4),(0.E0,1.666666666667E-1,
3.333333333333E-1,5.E-1,6.666666666667E-1,8.333333333333E-1,1.E0),
.UNSPECIFIED.);
#7243=B_SPLINE_CURVE_WITH_KNOTS('',3,(#7234,#7235,#7236,#7237,#7238,#7239,#7240,
#7241,#7242),.UNSPECIFIED.,.F.,.F.,(4,1,1,1,1,1,4),(0.E0,1.666666666667E-1,
3.333333333333E-1,5.E-1,6.666666666667E-1,8.333333333333E-1,1.E0),
.UNSPECIFIED.);
#7277=B_SPLINE_CURVE_WITH_KNOTS('',3,(#7252,#7253,#7254,#7255,#7256,#7257,#7258,
#7259,#7260,#7261,#7262,#7263,#7264,#7265,#7266,#7267,#7268,#7269,#7270,#7271,
#7272,#7273,#7274,#7275,#7276),.UNSPECIFIED.,.F.,.F.,(4,1,1,1,1,1,1,1,1,1,1,1,1,
1,1,1,1,1,1,1,1,1,4),(0.E0,4.545454545455E-2,9.090909090909E-2,
1.363636363636E-1,1.818181818182E-1,2.272727272727E-1,2.727272727273E-1,
3.181818181818E-1,3.636363636364E-1,4.090909090909E-1,4.545454545455E-1,5.E-1,
5.454545454545E-1,5.909090909091E-1,6.363636363636E-1,6.818181818182E-1,
7.272727272727E-1,7.727272727273E-1,8.181818181818E-1,8.636363636364E-1,
9.090909090909E-1,9.545454545455E-1,1.E0),.UNSPECIFIED.);
#7282=CIRCLE('',#7281,2.E-1);
#7299=CIRCLE('',#7298,2.E-1);
#7304=CIRCLE('',#7303,7.E-1);
#7321=CIRCLE('',#7320,2.E-1);
#7326=CIRCLE('',#7325,2.E-1);
#7347=CIRCLE('',#7346,7.E-1);
#7352=CIRCLE('',#7351,2.E-1);
#7373=CIRCLE('',#7372,2.E-1);
#7382=CIRCLE('',#7381,2.E-1);
#7411=CIRCLE('',#7410,2.E-1);
#7416=CIRCLE('',#7415,7.E-1);
#7433=CIRCLE('',#7432,2.E-1);
#7438=CIRCLE('',#7437,2.E-1);
#7463=CIRCLE('',#7462,2.E-1);
#7472=CIRCLE('',#7471,2.E-1);
#7485=CIRCLE('',#7484,7.E-1);
#7490=CIRCLE('',#7489,2.E-1);
#7523=CIRCLE('',#7522,2.E-1);
#7528=CIRCLE('',#7527,7.E-1);
#7545=CIRCLE('',#7544,2.E-1);
#7550=CIRCLE('',#7549,2.E-1);
#7575=CIRCLE('',#7574,2.E-1);
#7584=CIRCLE('',#7583,2.E-1);
#7597=CIRCLE('',#7596,7.E-1);
#7602=CIRCLE('',#7601,2.E-1);
#7635=CIRCLE('',#7634,2.E-1);
#7640=CIRCLE('',#7639,7.E-1);
#7657=CIRCLE('',#7656,2.E-1);
#7662=CIRCLE('',#7661,2.E-1);
#7687=CIRCLE('',#7686,2.E-1);
#7696=CIRCLE('',#7695,2.E-1);
#7709=CIRCLE('',#7708,7.E-1);
#7714=CIRCLE('',#7713,2.E-1);
#7747=CIRCLE('',#7746,2.E-1);
#7752=CIRCLE('',#7751,7.E-1);
#7769=CIRCLE('',#7768,2.E-1);
#7774=CIRCLE('',#7773,2.E-1);
#7799=CIRCLE('',#7798,2.E-1);
#7808=CIRCLE('',#7807,2.E-1);
#7821=CIRCLE('',#7820,7.E-1);
#7826=CIRCLE('',#7825,2.E-1);
#7859=CIRCLE('',#7858,2.E-1);
#7864=CIRCLE('',#7863,7.E-1);
#7881=CIRCLE('',#7880,2.E-1);
#7886=CIRCLE('',#7885,2.E-1);
#7911=CIRCLE('',#7910,2.E-1);
#7920=CIRCLE('',#7919,2.E-1);
#7933=CIRCLE('',#7932,7.E-1);
#7938=CIRCLE('',#7937,2.E-1);
#9141=EDGE_CURVE('',#8062,#8215,#5,.T.);
#9143=EDGE_CURVE('',#8215,#8217,#9,.T.);
#9145=EDGE_CURVE('',#8217,#7985,#13,.T.);
#9147=EDGE_CURVE('',#7985,#8341,#17,.T.);
#9149=EDGE_CURVE('',#8340,#8341,#22,.T.);
#9151=EDGE_CURVE('',#8340,#8117,#26,.T.);
#9153=EDGE_CURVE('',#8106,#8117,#30,.T.);
#9155=EDGE_CURVE('',#8106,#8107,#34,.T.);
#9157=EDGE_CURVE('',#8107,#8119,#38,.T.);
#9159=EDGE_CURVE('',#8119,#8113,#42,.T.);
#9161=EDGE_CURVE('',#8110,#8113,#46,.T.);
#9163=EDGE_CURVE('',#8110,#8111,#50,.T.);
#9165=EDGE_CURVE('',#8111,#8115,#54,.T.);
#9167=EDGE_CURVE('',#8115,#7961,#58,.T.);
#9169=EDGE_CURVE('',#7961,#7962,#63,.T.);
#9171=EDGE_CURVE('',#7962,#7964,#67,.T.);
#9173=EDGE_CURVE('',#7964,#7966,#71,.T.);
#9175=EDGE_CURVE('',#7966,#7969,#75,.T.);
#9177=EDGE_CURVE('',#7969,#7970,#79,.T.);
#9179=EDGE_CURVE('',#7970,#8301,#83,.T.);
#9181=EDGE_CURVE('',#8300,#8301,#88,.T.);
#9183=EDGE_CURVE('',#8300,#8229,#92,.T.);
#9185=EDGE_CURVE('',#8229,#8062,#96,.T.);
#9189=ADVANCED_FACE('',(#9188),#9140,.F.);
#9195=EDGE_CURVE('',#8062,#8063,#136,.T.);
#9197=EDGE_CURVE('',#8213,#8063,#101,.T.);
#9199=EDGE_CURVE('',#8211,#8213,#105,.T.);
#9201=EDGE_CURVE('',#8210,#8211,#110,.T.);
#9203=EDGE_CURVE('',#8215,#8210,#114,.T.);
#9208=ADVANCED_FACE('',(#9207),#9194,.T.);
#9214=EDGE_CURVE('',#8066,#8067,#212,.T.);
#9216=EDGE_CURVE('',#8067,#8219,#622,.T.);
#9218=EDGE_CURVE('',#8353,#8219,#118,.T.);
#9220=EDGE_CURVE('',#8351,#8353,#123,.T.);
#9222=EDGE_CURVE('',#8350,#8351,#127,.T.);
#9224=EDGE_CURVE('',#8066,#8350,#132,.T.);
#9228=ADVANCED_FACE('',(#9227),#9213,.T.);
#9236=EDGE_CURVE('',#8229,#8293,#140,.T.);
#9238=EDGE_CURVE('',#8292,#8293,#145,.T.);
#9240=EDGE_CURVE('',#8292,#8025,#149,.T.);
#9242=EDGE_CURVE('',#8025,#8026,#153,.T.);
#9244=EDGE_CURVE('',#8305,#8026,#157,.T.);
#9246=EDGE_CURVE('',#8304,#8305,#162,.T.);
#9248=EDGE_CURVE('',#8304,#8009,#166,.T.);
#9250=EDGE_CURVE('',#8009,#8010,#170,.T.);
#9252=EDGE_CURVE('',#8010,#8012,#174,.T.);
#9254=EDGE_CURVE('',#8014,#8012,#178,.T.);
#9256=EDGE_CURVE('',#8014,#8329,#182,.T.);
#9258=EDGE_CURVE('',#8328,#8329,#187,.T.);
#9260=EDGE_CURVE('',#8328,#8029,#191,.T.);
#9262=EDGE_CURVE('',#8029,#8030,#195,.T.);
#9264=EDGE_CURVE('',#8317,#8030,#199,.T.);
#9266=EDGE_CURVE('',#8316,#8317,#204,.T.);
#9268=EDGE_CURVE('',#8316,#8231,#208,.T.);
#9270=EDGE_CURVE('',#8231,#8067,#626,.T.);
#9273=EDGE_CURVE('',#8066,#8347,#216,.T.);
#9275=EDGE_CURVE('',#8221,#8347,#981,.T.);
#9277=EDGE_CURVE('',#8063,#8221,#220,.T.);
#9281=ADVANCED_FACE('',(#9280),#9233,.T.);
#9287=EDGE_CURVE('',#8293,#8295,#224,.T.);
#9291=EDGE_CURVE('',#8295,#8300,#228,.T.);
#9295=ADVANCED_FACE('',(#9294),#9286,.T.);
#9301=EDGE_CURVE('',#8309,#8304,#232,.T.);
#9303=EDGE_CURVE('',#8313,#8309,#236,.T.);
#9305=EDGE_CURVE('',#8313,#8009,#240,.T.);
#9310=ADVANCED_FACE('',(#9309),#9300,.T.);
#9316=EDGE_CURVE('',#8321,#8316,#244,.T.);
#9318=EDGE_CURVE('',#8325,#8321,#248,.T.);
#9320=EDGE_CURVE('',#8325,#8231,#630,.T.);
#9325=ADVANCED_FACE('',(#9324),#9315,.T.);
#9331=EDGE_CURVE('',#8329,#8331,#252,.T.);
#9334=EDGE_CURVE('',#8336,#8014,#256,.T.);
#9336=EDGE_CURVE('',#8331,#8336,#260,.T.);
#9340=ADVANCED_FACE('',(#9339),#9330,.T.);
#9348=EDGE_CURVE('',#8297,#8295,#286,.T.);
#9350=EDGE_CURVE('',#8292,#8297,#497,.T.);
#9354=ADVANCED_FACE('',(#9353),#9345,.T.);
#9361=EDGE_CURVE('',#8297,#8301,#290,.T.);
#9367=ADVANCED_FACE('',(#9366),#9359,.T.);
#9375=EDGE_CURVE('',#7970,#8016,#294,.T.);
#9377=EDGE_CURVE('',#8016,#8297,#298,.T.);
#9381=ADVANCED_FACE('',(#9380),#9372,.T.);
#9387=EDGE_CURVE('',#8312,#8307,#302,.T.);
#9389=EDGE_CURVE('',#8019,#8307,#306,.T.);
#9391=EDGE_CURVE('',#8019,#8020,#310,.T.);
#9393=EDGE_CURVE('',#8020,#8312,#314,.T.);
#9397=ADVANCED_FACE('',(#9396),#9386,.T.);
#9403=EDGE_CURVE('',#8324,#8319,#318,.T.);
#9405=EDGE_CURVE('',#8034,#8319,#322,.T.);
#9407=EDGE_CURVE('',#8034,#7982,#326,.T.);
#9409=EDGE_CURVE('',#7982,#8324,#639,.T.);
#9413=ADVANCED_FACE('',(#9412),#9402,.T.);
#9419=EDGE_CURVE('',#8333,#8337,#330,.T.);
#9421=EDGE_CURVE('',#8022,#8337,#334,.T.);
#9423=EDGE_CURVE('',#8022,#8032,#338,.T.);
#9425=EDGE_CURVE('',#8032,#8333,#342,.T.);
#9429=ADVANCED_FACE('',(#9428),#9418,.T.);
#9436=EDGE_CURVE('',#8026,#8019,#462,.T.);
#9439=EDGE_CURVE('',#8025,#8016,#346,.T.);
#9443=EDGE_CURVE('',#7969,#7981,#350,.T.);
#9445=EDGE_CURVE('',#7981,#7982,#643,.T.);
#9448=EDGE_CURVE('',#8030,#8034,#747,.T.);
#9451=EDGE_CURVE('',#8029,#8032,#354,.T.);
#9454=EDGE_CURVE('',#8012,#8022,#7286,.T.);
#9457=EDGE_CURVE('',#8010,#8020,#358,.T.);
#9461=EDGE_CURVE('',#8252,#8253,#362,.T.);
#9463=EDGE_CURVE('',#8253,#8257,#366,.T.);
#9465=EDGE_CURVE('',#8256,#8257,#370,.T.);
#9467=EDGE_CURVE('',#8252,#8256,#374,.T.);
#9471=EDGE_CURVE('',#8723,#8721,#378,.T.);
#9473=EDGE_CURVE('',#8723,#8727,#382,.T.);
#9475=EDGE_CURVE('',#8727,#8725,#386,.T.);
#9477=EDGE_CURVE('',#8721,#8725,#390,.T.);
#9481=EDGE_CURVE('',#8747,#8745,#394,.T.);
#9483=EDGE_CURVE('',#8747,#8751,#398,.T.);
#9485=EDGE_CURVE('',#8751,#8749,#402,.T.);
#9487=EDGE_CURVE('',#8745,#8749,#406,.T.);
#9491=EDGE_CURVE('',#8771,#8769,#410,.T.);
#9493=EDGE_CURVE('',#8771,#8775,#414,.T.);
#9495=EDGE_CURVE('',#8775,#8773,#418,.T.);
#9497=EDGE_CURVE('',#8769,#8773,#422,.T.);
#9501=EDGE_CURVE('',#8843,#8841,#426,.T.);
#9503=EDGE_CURVE('',#8843,#8847,#430,.T.);
#9505=EDGE_CURVE('',#8847,#8845,#434,.T.);
#9507=EDGE_CURVE('',#8841,#8845,#438,.T.);
#9511=EDGE_CURVE('',#8867,#8865,#442,.T.);
#9513=EDGE_CURVE('',#8867,#8871,#446,.T.);
#9515=EDGE_CURVE('',#8871,#8869,#450,.T.);
#9517=EDGE_CURVE('',#8865,#8869,#454,.T.);
#9521=ADVANCED_FACE('',(#9460,#9470,#9480,#9490,#9500,#9510,#9520),#9434,.T.);
#9527=EDGE_CURVE('',#8307,#8305,#458,.T.);
#9534=ADVANCED_FACE('',(#9533),#9526,.F.);
#9542=EDGE_CURVE('',#8309,#8307,#488,.T.);
#9547=ADVANCED_FACE('',(#9546),#9539,.T.);
#9553=EDGE_CURVE('',#8312,#8313,#493,.T.);
#9560=ADVANCED_FACE('',(#9559),#9552,.T.);
#9573=ADVANCED_FACE('',(#9572),#9565,.F.);
#9585=ADVANCED_FACE('',(#9584),#9578,.F.);
#9591=EDGE_CURVE('',#7981,#7978,#647,.T.);
#9595=EDGE_CURVE('',#7966,#7978,#501,.T.);
#9599=EDGE_CURVE('',#8591,#8587,#506,.T.);
#9601=EDGE_CURVE('',#8531,#8587,#510,.T.);
#9603=EDGE_CURVE('',#8044,#8531,#515,.T.);
#9605=EDGE_CURVE('',#8043,#8044,#519,.T.);
#9607=EDGE_CURVE('',#8532,#8043,#524,.T.);
#9609=EDGE_CURVE('',#8532,#8591,#528,.T.);
#9613=EDGE_CURVE('',#8588,#8930,#532,.T.);
#9615=EDGE_CURVE('',#8930,#8931,#537,.T.);
#9617=EDGE_CURVE('',#8586,#8931,#541,.T.);
#9619=EDGE_CURVE('',#8586,#8588,#546,.T.);
#9623=EDGE_CURVE('',#8935,#8954,#550,.T.);
#9625=EDGE_CURVE('',#8954,#8955,#555,.T.);
#9627=EDGE_CURVE('',#8934,#8955,#559,.T.);
#9629=EDGE_CURVE('',#8934,#8935,#564,.T.);
#9633=EDGE_CURVE('',#8959,#8978,#568,.T.);
#9635=EDGE_CURVE('',#8978,#8979,#573,.T.);
#9637=EDGE_CURVE('',#8958,#8979,#577,.T.);
#9639=EDGE_CURVE('',#8958,#8959,#582,.T.);
#9643=EDGE_CURVE('',#8983,#9002,#586,.T.);
#9645=EDGE_CURVE('',#9002,#9003,#591,.T.);
#9647=EDGE_CURVE('',#8982,#9003,#595,.T.);
#9649=EDGE_CURVE('',#8982,#8983,#600,.T.);
#9653=EDGE_CURVE('',#9006,#8049,#604,.T.);
#9655=EDGE_CURVE('',#9006,#9007,#609,.T.);
#9657=EDGE_CURVE('',#9007,#8051,#613,.T.);
#9659=EDGE_CURVE('',#8051,#8049,#618,.T.);
#9663=ADVANCED_FACE('',(#9598,#9612,#9622,#9632,#9642,#9652,#9662),#9590,.T.);
#9672=EDGE_CURVE('',#8324,#8325,#635,.T.);
#9677=EDGE_CURVE('',#7976,#7978,#651,.T.);
#9679=EDGE_CURVE('',#7974,#7976,#655,.T.);
#9681=EDGE_CURVE('',#7973,#7974,#660,.T.);
#9683=EDGE_CURVE('',#8201,#7973,#664,.T.);
#9685=EDGE_CURVE('',#8199,#8201,#668,.T.);
#9687=EDGE_CURVE('',#8198,#8199,#672,.T.);
#9689=EDGE_CURVE('',#8198,#8203,#676,.T.);
#9691=EDGE_CURVE('',#8207,#8203,#680,.T.);
#9693=EDGE_CURVE('',#8195,#8207,#684,.T.);
#9695=EDGE_CURVE('',#8194,#8195,#688,.T.);
#9697=EDGE_CURVE('',#8194,#8205,#692,.T.);
#9699=EDGE_CURVE('',#8345,#8205,#696,.T.);
#9701=EDGE_CURVE('',#8343,#8345,#701,.T.);
#9703=EDGE_CURVE('',#7986,#8343,#705,.T.);
#9705=EDGE_CURVE('',#8233,#7986,#709,.T.);
#9707=EDGE_CURVE('',#8219,#8233,#713,.T.);
#9711=ADVANCED_FACE('',(#9710),#9668,.T.);
#9719=EDGE_CURVE('',#8321,#8319,#739,.T.);
#9724=ADVANCED_FACE('',(#9723),#9716,.T.);
#9731=EDGE_CURVE('',#8319,#8317,#743,.T.);
#9737=ADVANCED_FACE('',(#9736),#9729,.T.);
#9749=ADVANCED_FACE('',(#9748),#9742,.F.);
#9756=EDGE_CURVE('',#7964,#7976,#751,.T.);
#9762=ADVANCED_FACE('',(#9761),#9754,.T.);
#9769=EDGE_CURVE('',#7962,#7974,#755,.T.);
#9775=ADVANCED_FACE('',(#9774),#9767,.T.);
#9782=EDGE_CURVE('',#7961,#7973,#759,.T.);
#9788=ADVANCED_FACE('',(#9787),#9780,.T.);
#9794=EDGE_CURVE('',#8345,#8340,#763,.T.);
#9797=EDGE_CURVE('',#8165,#8205,#768,.T.);
#9799=EDGE_CURVE('',#8163,#8165,#772,.T.);
#9801=EDGE_CURVE('',#8161,#8163,#777,.T.);
#9803=EDGE_CURVE('',#8159,#8161,#781,.T.);
#9805=EDGE_CURVE('',#8158,#8159,#786,.T.);
#9807=EDGE_CURVE('',#8167,#8158,#790,.T.);
#9809=EDGE_CURVE('',#8207,#8167,#795,.T.);
#9812=EDGE_CURVE('',#8155,#8203,#800,.T.);
#9814=EDGE_CURVE('',#8153,#8155,#804,.T.);
#9816=EDGE_CURVE('',#8151,#8153,#809,.T.);
#9818=EDGE_CURVE('',#8149,#8151,#813,.T.);
#9820=EDGE_CURVE('',#8147,#8149,#818,.T.);
#9822=EDGE_CURVE('',#8146,#8147,#822,.T.);
#9824=EDGE_CURVE('',#8201,#8146,#827,.T.);
#9829=EDGE_CURVE('',#8125,#8115,#832,.T.);
#9831=EDGE_CURVE('',#8125,#8127,#836,.T.);
#9833=EDGE_CURVE('',#8127,#8129,#841,.T.);
#9835=EDGE_CURVE('',#8129,#8131,#845,.T.);
#9837=EDGE_CURVE('',#8131,#8122,#850,.T.);
#9839=EDGE_CURVE('',#8122,#8123,#854,.T.);
#9841=EDGE_CURVE('',#8113,#8123,#859,.T.);
#9844=EDGE_CURVE('',#8134,#8119,#864,.T.);
#9846=EDGE_CURVE('',#8134,#8135,#868,.T.);
#9848=EDGE_CURVE('',#8135,#8137,#873,.T.);
#9850=EDGE_CURVE('',#8137,#8139,#877,.T.);
#9852=EDGE_CURVE('',#8139,#8141,#882,.T.);
#9854=EDGE_CURVE('',#8141,#8143,#886,.T.);
#9856=EDGE_CURVE('',#8117,#8143,#891,.T.);
#9861=EDGE_CURVE('',#7989,#7990,#896,.T.);
#9863=EDGE_CURVE('',#7990,#7989,#901,.T.);
#9867=EDGE_CURVE('',#8494,#8495,#906,.T.);
#9869=EDGE_CURVE('',#8495,#8494,#911,.T.);
#9873=EDGE_CURVE('',#8506,#8507,#916,.T.);
#9875=EDGE_CURVE('',#8507,#8506,#921,.T.);
#9879=EDGE_CURVE('',#8518,#8519,#926,.T.);
#9881=EDGE_CURVE('',#8519,#8518,#931,.T.);
#9885=EDGE_CURVE('',#8690,#8691,#936,.T.);
#9887=EDGE_CURVE('',#8691,#8690,#941,.T.);
#9891=EDGE_CURVE('',#8702,#8703,#946,.T.);
#9893=EDGE_CURVE('',#8703,#8702,#951,.T.);
#9897=ADVANCED_FACE('',(#9860,#9866,#9872,#9878,#9884,#9890,#9896),#9793,.T.);
#9904=EDGE_CURVE('',#8343,#8341,#955,.T.);
#9910=ADVANCED_FACE('',(#9909),#9902,.T.);
#9918=EDGE_CURVE('',#7985,#7986,#959,.T.);
#9923=ADVANCED_FACE('',(#9922),#9915,.T.);
#9929=EDGE_CURVE('',#8217,#8223,#963,.T.);
#9931=EDGE_CURVE('',#8223,#8225,#968,.T.);
#9933=EDGE_CURVE('',#8225,#8227,#972,.T.);
#9935=EDGE_CURVE('',#8221,#8227,#977,.T.);
#9938=EDGE_CURVE('',#8356,#8347,#986,.T.);
#9940=EDGE_CURVE('',#8356,#8357,#990,.T.);
#9942=EDGE_CURVE('',#8357,#8359,#995,.T.);
#9944=EDGE_CURVE('',#8233,#8359,#999,.T.);
#9951=ADVANCED_FACE('',(#9950),#9928,.T.);
#9959=EDGE_CURVE('',#8223,#8210,#1003,.T.);
#9964=ADVANCED_FACE('',(#9963),#9956,.F.);
#9973=EDGE_CURVE('',#8225,#8211,#1007,.T.);
#9977=ADVANCED_FACE('',(#9976),#9969,.F.);
#9986=EDGE_CURVE('',#8227,#8213,#1011,.T.);
#9990=ADVANCED_FACE('',(#9989),#9982,.F.);
#10002=ADVANCED_FACE('',(#10001),#9995,.T.);
#10010=EDGE_CURVE('',#8356,#8350,#1015,.T.);
#10015=ADVANCED_FACE('',(#10014),#10007,.T.);
#10024=EDGE_CURVE('',#8357,#8351,#1019,.T.);
#10028=ADVANCED_FACE('',(#10027),#10020,.F.);
#10037=EDGE_CURVE('',#8359,#8353,#1023,.T.);
#10041=ADVANCED_FACE('',(#10040),#10033,.F.);
#10053=ADVANCED_FACE('',(#10052),#10046,.F.);
#10060=EDGE_CURVE('',#8189,#8194,#1059,.T.);
#10062=EDGE_CURVE('',#8165,#8189,#1027,.T.);
#10067=ADVANCED_FACE('',(#10066),#10058,.F.);
#10074=EDGE_CURVE('',#8195,#8191,#1032,.T.);
#10076=EDGE_CURVE('',#8191,#8182,#1036,.T.);
#10078=EDGE_CURVE('',#8182,#8183,#1041,.T.);
#10080=EDGE_CURVE('',#8183,#8185,#1045,.T.);
#10082=EDGE_CURVE('',#8185,#8187,#1050,.T.);
#10084=EDGE_CURVE('',#8187,#8189,#1054,.T.);
#10089=ADVANCED_FACE('',(#10088),#10072,.F.);
#10096=EDGE_CURVE('',#8199,#8170,#1064,.T.);
#10098=EDGE_CURVE('',#8170,#8171,#1068,.T.);
#10100=EDGE_CURVE('',#8171,#8173,#1073,.T.);
#10102=EDGE_CURVE('',#8173,#8175,#1077,.T.);
#10104=EDGE_CURVE('',#8175,#8177,#1082,.T.);
#10106=EDGE_CURVE('',#8177,#8179,#1086,.T.);
#10108=EDGE_CURVE('',#8179,#8198,#1091,.T.);
#10112=ADVANCED_FACE('',(#10111),#10094,.F.);
#10120=EDGE_CURVE('',#8167,#8191,#1095,.T.);
#10125=ADVANCED_FACE('',(#10124),#10117,.F.);
#10132=EDGE_CURVE('',#8158,#8182,#1099,.T.);
#10138=ADVANCED_FACE('',(#10137),#10130,.T.);
#10145=EDGE_CURVE('',#8159,#8183,#1103,.T.);
#10151=ADVANCED_FACE('',(#10150),#10143,.T.);
#10158=EDGE_CURVE('',#8161,#8185,#1107,.T.);
#10164=ADVANCED_FACE('',(#10163),#10156,.T.);
#10171=EDGE_CURVE('',#8163,#8187,#1111,.T.);
#10177=ADVANCED_FACE('',(#10176),#10169,.T.);
#10189=ADVANCED_FACE('',(#10188),#10182,.T.);
#10197=EDGE_CURVE('',#8146,#8170,#1115,.T.);
#10202=ADVANCED_FACE('',(#10201),#10194,.F.);
#10209=EDGE_CURVE('',#8147,#8171,#1119,.T.);
#10215=ADVANCED_FACE('',(#10214),#10207,.T.);
#10222=EDGE_CURVE('',#8149,#8173,#1123,.T.);
#10228=ADVANCED_FACE('',(#10227),#10220,.T.);
#10235=EDGE_CURVE('',#8151,#8175,#1127,.T.);
#10241=ADVANCED_FACE('',(#10240),#10233,.T.);
#10248=EDGE_CURVE('',#8153,#8177,#1131,.T.);
#10254=ADVANCED_FACE('',(#10253),#10246,.T.);
#10261=EDGE_CURVE('',#8155,#8179,#1135,.T.);
#10267=ADVANCED_FACE('',(#10266),#10259,.T.);
#10279=ADVANCED_FACE('',(#10278),#10272,.F.);
#10286=EDGE_CURVE('',#8111,#8086,#1199,.T.);
#10288=EDGE_CURVE('',#8125,#8086,#1247,.T.);
#10293=ADVANCED_FACE('',(#10292),#10284,.T.);
#10300=EDGE_CURVE('',#8103,#8106,#1140,.T.);
#10302=EDGE_CURVE('',#8101,#8103,#1144,.T.);
#10304=EDGE_CURVE('',#8099,#8101,#1149,.T.);
#10306=EDGE_CURVE('',#8097,#8099,#1153,.T.);
#10308=EDGE_CURVE('',#8095,#8097,#1158,.T.);
#10310=EDGE_CURVE('',#8094,#8095,#1162,.T.);
#10312=EDGE_CURVE('',#8107,#8094,#1167,.T.);
#10316=ADVANCED_FACE('',(#10315),#10298,.T.);
#10323=EDGE_CURVE('',#8083,#8110,#1172,.T.);
#10325=EDGE_CURVE('',#8082,#8083,#1176,.T.);
#10327=EDGE_CURVE('',#8091,#8082,#1181,.T.);
#10329=EDGE_CURVE('',#8089,#8091,#1185,.T.);
#10331=EDGE_CURVE('',#8087,#8089,#1190,.T.);
#10333=EDGE_CURVE('',#8086,#8087,#1194,.T.);
#10338=ADVANCED_FACE('',(#10337),#10321,.T.);
#10346=EDGE_CURVE('',#8143,#8103,#1203,.T.);
#10351=ADVANCED_FACE('',(#10350),#10343,.T.);
#10358=EDGE_CURVE('',#8141,#8101,#1207,.T.);
#10364=ADVANCED_FACE('',(#10363),#10356,.F.);
#10371=EDGE_CURVE('',#8139,#8099,#1211,.T.);
#10377=ADVANCED_FACE('',(#10376),#10369,.F.);
#10384=EDGE_CURVE('',#8137,#8097,#1215,.T.);
#10390=ADVANCED_FACE('',(#10389),#10382,.F.);
#10397=EDGE_CURVE('',#8135,#8095,#1219,.T.);
#10403=ADVANCED_FACE('',(#10402),#10395,.F.);
#10410=EDGE_CURVE('',#8134,#8094,#1223,.T.);
#10416=ADVANCED_FACE('',(#10415),#10408,.F.);
#10428=ADVANCED_FACE('',(#10427),#10421,.T.);
#10436=EDGE_CURVE('',#8123,#8083,#1227,.T.);
#10441=ADVANCED_FACE('',(#10440),#10433,.T.);
#10448=EDGE_CURVE('',#8122,#8082,#1231,.T.);
#10454=ADVANCED_FACE('',(#10453),#10446,.F.);
#10461=EDGE_CURVE('',#8131,#8091,#1235,.T.);
#10467=ADVANCED_FACE('',(#10466),#10459,.F.);
#10474=EDGE_CURVE('',#8129,#8089,#1239,.T.);
#10480=ADVANCED_FACE('',(#10479),#10472,.F.);
#10487=EDGE_CURVE('',#8127,#8087,#1243,.T.);
#10493=ADVANCED_FACE('',(#10492),#10485,.F.);
#10505=ADVANCED_FACE('',(#10504),#10498,.F.);
#10511=EDGE_CURVE('',#8070,#7989,#1403,.T.);
#10513=EDGE_CURVE('',#8070,#8071,#1560,.T.);
#10515=EDGE_CURVE('',#7990,#8071,#1399,.T.);
#10520=EDGE_CURVE('',#7991,#7992,#1274,.T.);
#10522=EDGE_CURVE('',#7992,#7993,#1282,.T.);
#10524=EDGE_CURVE('',#7993,#7994,#1309,.T.);
#10526=EDGE_CURVE('',#7994,#7991,#1321,.T.);
#10530=EDGE_CURVE('',#8003,#8004,#1348,.T.);
#10532=EDGE_CURVE('',#8004,#8005,#1356,.T.);
#10534=EDGE_CURVE('',#8005,#8006,#1383,.T.);
#10536=EDGE_CURVE('',#8006,#8003,#1395,.T.);
#10540=ADVANCED_FACE('',(#10519,#10529,#10539),#10510,.F.);
#10547=EDGE_CURVE('',#8071,#8070,#1565,.T.);
#10553=EDGE_CURVE('',#7995,#7996,#1430,.T.);
#10555=EDGE_CURVE('',#7996,#7997,#1438,.T.);
#10557=EDGE_CURVE('',#7997,#7998,#1465,.T.);
#10559=EDGE_CURVE('',#7998,#7995,#1477,.T.);
#10563=EDGE_CURVE('',#7999,#8000,#1504,.T.);
#10565=EDGE_CURVE('',#8000,#8001,#1512,.T.);
#10567=EDGE_CURVE('',#8001,#8002,#1539,.T.);
#10569=EDGE_CURVE('',#8002,#7999,#1551,.T.);
#10573=ADVANCED_FACE('',(#10552,#10562,#10572),#10545,.F.);
#10583=EDGE_CURVE('',#8074,#8075,#1591,.T.);
#10585=EDGE_CURVE('',#8075,#8074,#1555,.T.);
#10589=EDGE_CURVE('',#8078,#8079,#1578,.T.);
#10591=EDGE_CURVE('',#8079,#8078,#1569,.T.);
#10595=ADVANCED_FACE('',(#10582,#10588,#10594),#10578,.T.);
#10601=EDGE_CURVE('',#8249,#8245,#1600,.T.);
#10603=EDGE_CURVE('',#8078,#8249,#1573,.T.);
#10606=EDGE_CURVE('',#8079,#8245,#1582,.T.);
#10610=ADVANCED_FACE('',(#10609),#10600,.T.);
#10616=EDGE_CURVE('',#8243,#8247,#1668,.T.);
#10618=EDGE_CURVE('',#8074,#8243,#1586,.T.);
#10621=EDGE_CURVE('',#8075,#8247,#1595,.T.);
#10625=ADVANCED_FACE('',(#10624),#10615,.T.);
#10632=EDGE_CURVE('',#8245,#8240,#1630,.T.);
#10634=EDGE_CURVE('',#8240,#8241,#1605,.T.);
#10636=EDGE_CURVE('',#8241,#8249,#1655,.T.);
#10640=ADVANCED_FACE('',(#10639),#10630,.T.);
#10646=EDGE_CURVE('',#8240,#8241,#1659,.T.);
#10655=ADVANCED_FACE('',(#10654),#10645,.F.);
#10665=ADVANCED_FACE('',(#10664),#10660,.T.);
#10671=EDGE_CURVE('',#8236,#8237,#1673,.T.);
#10673=EDGE_CURVE('',#8236,#8237,#1663,.T.);
#10677=ADVANCED_FACE('',(#10676),#10670,.T.);
#10684=EDGE_CURVE('',#8247,#8236,#1698,.T.);
#10687=EDGE_CURVE('',#8237,#8243,#1723,.T.);
#10691=ADVANCED_FACE('',(#10690),#10682,.T.);
#10705=ADVANCED_FACE('',(#10704),#10696,.F.);
#10712=EDGE_CURVE('',#7995,#7998,#1727,.T.);
#10715=EDGE_CURVE('',#7996,#7997,#1731,.T.);
#10719=ADVANCED_FACE('',(#10718),#10710,.T.);
#10729=ADVANCED_FACE('',(#10728),#10724,.T.);
#10739=ADVANCED_FACE('',(#10738),#10734,.T.);
#10746=EDGE_CURVE('',#7999,#8002,#1735,.T.);
#10749=EDGE_CURVE('',#8000,#8001,#1739,.T.);
#10753=ADVANCED_FACE('',(#10752),#10744,.T.);
#10763=ADVANCED_FACE('',(#10762),#10758,.T.);
#10773=ADVANCED_FACE('',(#10772),#10768,.T.);
#10780=EDGE_CURVE('',#7991,#7994,#1743,.T.);
#10783=EDGE_CURVE('',#7992,#7993,#1747,.T.);
#10787=ADVANCED_FACE('',(#10786),#10778,.T.);
#10797=ADVANCED_FACE('',(#10796),#10792,.T.);
#10807=ADVANCED_FACE('',(#10806),#10802,.T.);
#10814=EDGE_CURVE('',#8003,#8006,#1751,.T.);
#10817=EDGE_CURVE('',#8004,#8005,#1755,.T.);
#10821=ADVANCED_FACE('',(#10820),#10812,.T.);
#10831=ADVANCED_FACE('',(#10830),#10826,.T.);
#10841=ADVANCED_FACE('',(#10840),#10836,.T.);
#10847=EDGE_CURVE('',#8362,#8494,#1911,.T.);
#10849=EDGE_CURVE('',#8362,#8363,#2068,.T.);
#10851=EDGE_CURVE('',#8495,#8363,#1907,.T.);
#10856=EDGE_CURVE('',#8374,#8378,#1782,.T.);
#10858=EDGE_CURVE('',#8378,#8379,#1790,.T.);
#10860=EDGE_CURVE('',#8379,#8375,#1817,.T.);
#10862=EDGE_CURVE('',#8375,#8374,#1829,.T.);
#10866=EDGE_CURVE('',#8398,#8402,#1856,.T.);
#10868=EDGE_CURVE('',#8402,#8403,#1864,.T.);
#10870=EDGE_CURVE('',#8403,#8399,#1891,.T.);
#10872=EDGE_CURVE('',#8399,#8398,#1903,.T.);
#10876=ADVANCED_FACE('',(#10855,#10865,#10875),#10846,.F.);
#10883=EDGE_CURVE('',#8363,#8362,#2073,.T.);
#10889=EDGE_CURVE('',#8382,#8386,#1938,.T.);
#10891=EDGE_CURVE('',#8386,#8387,#1946,.T.);
#10893=EDGE_CURVE('',#8387,#8383,#1973,.T.);
#10895=EDGE_CURVE('',#8383,#8382,#1985,.T.);
#10899=EDGE_CURVE('',#8390,#8394,#2012,.T.);
#10901=EDGE_CURVE('',#8394,#8395,#2020,.T.);
#10903=EDGE_CURVE('',#8395,#8391,#2047,.T.);
#10905=EDGE_CURVE('',#8391,#8390,#2059,.T.);
#10909=ADVANCED_FACE('',(#10888,#10898,#10908),#10881,.F.);
#10919=EDGE_CURVE('',#8367,#8366,#2086,.T.);
#10921=EDGE_CURVE('',#8366,#8367,#2063,.T.);
#10925=EDGE_CURVE('',#8371,#8370,#2099,.T.);
#10927=EDGE_CURVE('',#8370,#8371,#2077,.T.);
#10931=ADVANCED_FACE('',(#10918,#10924,#10930),#10914,.T.);
#10937=EDGE_CURVE('',#8499,#8496,#2108,.T.);
#10939=EDGE_CURVE('',#8367,#8499,#2081,.T.);
#10942=EDGE_CURVE('',#8366,#8496,#2090,.T.);
#10946=ADVANCED_FACE('',(#10945),#10936,.T.);
#10952=EDGE_CURVE('',#8503,#8500,#2176,.T.);
#10954=EDGE_CURVE('',#8371,#8503,#2094,.T.);
#10957=EDGE_CURVE('',#8370,#8500,#2103,.T.);
#10961=ADVANCED_FACE('',(#10960),#10951,.T.);
#10968=EDGE_CURVE('',#8496,#8497,#2138,.T.);
#10970=EDGE_CURVE('',#8497,#8498,#2113,.T.);
#10972=EDGE_CURVE('',#8498,#8499,#2163,.T.);
#10976=ADVANCED_FACE('',(#10975),#10966,.T.);
#10987=EDGE_CURVE('',#8497,#8498,#2167,.T.);
#10991=ADVANCED_FACE('',(#10990),#10981,.F.);
#11001=ADVANCED_FACE('',(#11000),#10996,.T.);
#11007=EDGE_CURVE('',#8501,#8502,#2181,.T.);
#11009=EDGE_CURVE('',#8501,#8502,#2171,.T.);
#11013=ADVANCED_FACE('',(#11012),#11006,.T.);
#11020=EDGE_CURVE('',#8500,#8501,#2206,.T.);
#11023=EDGE_CURVE('',#8502,#8503,#2231,.T.);
#11027=ADVANCED_FACE('',(#11026),#11018,.T.);
#11041=ADVANCED_FACE('',(#11040),#11032,.F.);
#11047=EDGE_CURVE('',#8382,#8383,#2235,.T.);
#11050=EDGE_CURVE('',#8386,#8387,#2239,.T.);
#11055=ADVANCED_FACE('',(#11054),#11046,.T.);
#11065=ADVANCED_FACE('',(#11064),#11060,.T.);
#11075=ADVANCED_FACE('',(#11074),#11070,.T.);
#11081=EDGE_CURVE('',#8390,#8391,#2243,.T.);
#11084=EDGE_CURVE('',#8394,#8395,#2247,.T.);
#11089=ADVANCED_FACE('',(#11088),#11080,.T.);
#11099=ADVANCED_FACE('',(#11098),#11094,.T.);
#11109=ADVANCED_FACE('',(#11108),#11104,.T.);
#11115=EDGE_CURVE('',#8374,#8375,#2251,.T.);
#11118=EDGE_CURVE('',#8378,#8379,#2255,.T.);
#11123=ADVANCED_FACE('',(#11122),#11114,.T.);
#11133=ADVANCED_FACE('',(#11132),#11128,.T.);
#11143=ADVANCED_FACE('',(#11142),#11138,.T.);
#11149=EDGE_CURVE('',#8398,#8399,#2259,.T.);
#11152=EDGE_CURVE('',#8402,#8403,#2263,.T.);
#11157=ADVANCED_FACE('',(#11156),#11148,.T.);
#11167=ADVANCED_FACE('',(#11166),#11162,.T.);
#11177=ADVANCED_FACE('',(#11176),#11172,.T.);
#11183=EDGE_CURVE('',#8406,#8506,#2419,.T.);
#11185=EDGE_CURVE('',#8406,#8407,#2576,.T.);
#11187=EDGE_CURVE('',#8507,#8407,#2415,.T.);
#11192=EDGE_CURVE('',#8418,#8422,#2290,.T.);
#11194=EDGE_CURVE('',#8422,#8423,#2298,.T.);
#11196=EDGE_CURVE('',#8423,#8419,#2325,.T.);
#11198=EDGE_CURVE('',#8419,#8418,#2337,.T.);
#11202=EDGE_CURVE('',#8442,#8446,#2364,.T.);
#11204=EDGE_CURVE('',#8446,#8447,#2372,.T.);
#11206=EDGE_CURVE('',#8447,#8443,#2399,.T.);
#11208=EDGE_CURVE('',#8443,#8442,#2411,.T.);
#11212=ADVANCED_FACE('',(#11191,#11201,#11211),#11182,.F.);
#11219=EDGE_CURVE('',#8407,#8406,#2581,.T.);
#11225=EDGE_CURVE('',#8426,#8430,#2446,.T.);
#11227=EDGE_CURVE('',#8430,#8431,#2454,.T.);
#11229=EDGE_CURVE('',#8431,#8427,#2481,.T.);
#11231=EDGE_CURVE('',#8427,#8426,#2493,.T.);
#11235=EDGE_CURVE('',#8434,#8438,#2520,.T.);
#11237=EDGE_CURVE('',#8438,#8439,#2528,.T.);
#11239=EDGE_CURVE('',#8439,#8435,#2555,.T.);
#11241=EDGE_CURVE('',#8435,#8434,#2567,.T.);
#11245=ADVANCED_FACE('',(#11224,#11234,#11244),#11217,.F.);
#11255=EDGE_CURVE('',#8411,#8410,#2594,.T.);
#11257=EDGE_CURVE('',#8410,#8411,#2571,.T.);
#11261=EDGE_CURVE('',#8415,#8414,#2607,.T.);
#11263=EDGE_CURVE('',#8414,#8415,#2585,.T.);
#11267=ADVANCED_FACE('',(#11254,#11260,#11266),#11250,.T.);
#11273=EDGE_CURVE('',#8511,#8508,#2616,.T.);
#11275=EDGE_CURVE('',#8411,#8511,#2589,.T.);
#11278=EDGE_CURVE('',#8410,#8508,#2598,.T.);
#11282=ADVANCED_FACE('',(#11281),#11272,.T.);
#11288=EDGE_CURVE('',#8515,#8512,#2684,.T.);
#11290=EDGE_CURVE('',#8415,#8515,#2602,.T.);
#11293=EDGE_CURVE('',#8414,#8512,#2611,.T.);
#11297=ADVANCED_FACE('',(#11296),#11287,.T.);
#11304=EDGE_CURVE('',#8508,#8509,#2646,.T.);
#11306=EDGE_CURVE('',#8509,#8510,#2621,.T.);
#11308=EDGE_CURVE('',#8510,#8511,#2671,.T.);
#11312=ADVANCED_FACE('',(#11311),#11302,.T.);
#11323=EDGE_CURVE('',#8509,#8510,#2675,.T.);
#11327=ADVANCED_FACE('',(#11326),#11317,.F.);
#11337=ADVANCED_FACE('',(#11336),#11332,.T.);
#11343=EDGE_CURVE('',#8513,#8514,#2689,.T.);
#11345=EDGE_CURVE('',#8513,#8514,#2679,.T.);
#11349=ADVANCED_FACE('',(#11348),#11342,.T.);
#11356=EDGE_CURVE('',#8512,#8513,#2714,.T.);
#11359=EDGE_CURVE('',#8514,#8515,#2739,.T.);
#11363=ADVANCED_FACE('',(#11362),#11354,.T.);
#11377=ADVANCED_FACE('',(#11376),#11368,.F.);
#11383=EDGE_CURVE('',#8426,#8427,#2743,.T.);
#11386=EDGE_CURVE('',#8430,#8431,#2747,.T.);
#11391=ADVANCED_FACE('',(#11390),#11382,.T.);
#11401=ADVANCED_FACE('',(#11400),#11396,.T.);
#11411=ADVANCED_FACE('',(#11410),#11406,.T.);
#11417=EDGE_CURVE('',#8434,#8435,#2751,.T.);
#11420=EDGE_CURVE('',#8438,#8439,#2755,.T.);
#11425=ADVANCED_FACE('',(#11424),#11416,.T.);
#11435=ADVANCED_FACE('',(#11434),#11430,.T.);
#11445=ADVANCED_FACE('',(#11444),#11440,.T.);
#11451=EDGE_CURVE('',#8418,#8419,#2759,.T.);
#11454=EDGE_CURVE('',#8422,#8423,#2763,.T.);
#11459=ADVANCED_FACE('',(#11458),#11450,.T.);
#11469=ADVANCED_FACE('',(#11468),#11464,.T.);
#11479=ADVANCED_FACE('',(#11478),#11474,.T.);
#11485=EDGE_CURVE('',#8442,#8443,#2767,.T.);
#11488=EDGE_CURVE('',#8446,#8447,#2771,.T.);
#11493=ADVANCED_FACE('',(#11492),#11484,.T.);
#11503=ADVANCED_FACE('',(#11502),#11498,.T.);
#11513=ADVANCED_FACE('',(#11512),#11508,.T.);
#11519=EDGE_CURVE('',#8450,#8518,#2927,.T.);
#11521=EDGE_CURVE('',#8450,#8451,#3084,.T.);
#11523=EDGE_CURVE('',#8519,#8451,#2923,.T.);
#11528=EDGE_CURVE('',#8462,#8466,#2798,.T.);
#11530=EDGE_CURVE('',#8466,#8467,#2806,.T.);
#11532=EDGE_CURVE('',#8467,#8463,#2833,.T.);
#11534=EDGE_CURVE('',#8463,#8462,#2845,.T.);
#11538=EDGE_CURVE('',#8486,#8490,#2872,.T.);
#11540=EDGE_CURVE('',#8490,#8491,#2880,.T.);
#11542=EDGE_CURVE('',#8491,#8487,#2907,.T.);
#11544=EDGE_CURVE('',#8487,#8486,#2919,.T.);
#11548=ADVANCED_FACE('',(#11527,#11537,#11547),#11518,.F.);
#11555=EDGE_CURVE('',#8451,#8450,#3089,.T.);
#11561=EDGE_CURVE('',#8470,#8474,#2954,.T.);
#11563=EDGE_CURVE('',#8474,#8475,#2962,.T.);
#11565=EDGE_CURVE('',#8475,#8471,#2989,.T.);
#11567=EDGE_CURVE('',#8471,#8470,#3001,.T.);
#11571=EDGE_CURVE('',#8478,#8482,#3028,.T.);
#11573=EDGE_CURVE('',#8482,#8483,#3036,.T.);
#11575=EDGE_CURVE('',#8483,#8479,#3063,.T.);
#11577=EDGE_CURVE('',#8479,#8478,#3075,.T.);
#11581=ADVANCED_FACE('',(#11560,#11570,#11580),#11553,.F.);
#11591=EDGE_CURVE('',#8455,#8454,#3102,.T.);
#11593=EDGE_CURVE('',#8454,#8455,#3079,.T.);
#11597=EDGE_CURVE('',#8459,#8458,#3115,.T.);
#11599=EDGE_CURVE('',#8458,#8459,#3093,.T.);
#11603=ADVANCED_FACE('',(#11590,#11596,#11602),#11586,.T.);
#11609=EDGE_CURVE('',#8523,#8520,#3124,.T.);
#11611=EDGE_CURVE('',#8455,#8523,#3097,.T.);
#11614=EDGE_CURVE('',#8454,#8520,#3106,.T.);
#11618=ADVANCED_FACE('',(#11617),#11608,.T.);
#11624=EDGE_CURVE('',#8527,#8524,#3192,.T.);
#11626=EDGE_CURVE('',#8459,#8527,#3110,.T.);
#11629=EDGE_CURVE('',#8458,#8524,#3119,.T.);
#11633=ADVANCED_FACE('',(#11632),#11623,.T.);
#11640=EDGE_CURVE('',#8520,#8521,#3154,.T.);
#11642=EDGE_CURVE('',#8521,#8522,#3129,.T.);
#11644=EDGE_CURVE('',#8522,#8523,#3179,.T.);
#11648=ADVANCED_FACE('',(#11647),#11638,.T.);
#11659=EDGE_CURVE('',#8521,#8522,#3183,.T.);
#11663=ADVANCED_FACE('',(#11662),#11653,.F.);
#11673=ADVANCED_FACE('',(#11672),#11668,.T.);
#11679=EDGE_CURVE('',#8525,#8526,#3197,.T.);
#11681=EDGE_CURVE('',#8525,#8526,#3187,.T.);
#11685=ADVANCED_FACE('',(#11684),#11678,.T.);
#11692=EDGE_CURVE('',#8524,#8525,#3222,.T.);
#11695=EDGE_CURVE('',#8526,#8527,#3247,.T.);
#11699=ADVANCED_FACE('',(#11698),#11690,.T.);
#11713=ADVANCED_FACE('',(#11712),#11704,.F.);
#11719=EDGE_CURVE('',#8470,#8471,#3251,.T.);
#11722=EDGE_CURVE('',#8474,#8475,#3255,.T.);
#11727=ADVANCED_FACE('',(#11726),#11718,.T.);
#11737=ADVANCED_FACE('',(#11736),#11732,.T.);
#11747=ADVANCED_FACE('',(#11746),#11742,.T.);
#11753=EDGE_CURVE('',#8478,#8479,#3259,.T.);
#11756=EDGE_CURVE('',#8482,#8483,#3263,.T.);
#11761=ADVANCED_FACE('',(#11760),#11752,.T.);
#11771=ADVANCED_FACE('',(#11770),#11766,.T.);
#11781=ADVANCED_FACE('',(#11780),#11776,.T.);
#11787=EDGE_CURVE('',#8462,#8463,#3267,.T.);
#11790=EDGE_CURVE('',#8466,#8467,#3271,.T.);
#11795=ADVANCED_FACE('',(#11794),#11786,.T.);
#11805=ADVANCED_FACE('',(#11804),#11800,.T.);
#11815=ADVANCED_FACE('',(#11814),#11810,.T.);
#11821=EDGE_CURVE('',#8486,#8487,#3275,.T.);
#11824=EDGE_CURVE('',#8490,#8491,#3279,.T.);
#11829=ADVANCED_FACE('',(#11828),#11820,.T.);
#11839=ADVANCED_FACE('',(#11838),#11834,.T.);
#11849=ADVANCED_FACE('',(#11848),#11844,.T.);
#11855=EDGE_CURVE('',#8602,#8690,#3435,.T.);
#11857=EDGE_CURVE('',#8602,#8603,#3592,.T.);
#11859=EDGE_CURVE('',#8691,#8603,#3431,.T.);
#11864=EDGE_CURVE('',#8614,#8618,#3306,.T.);
#11866=EDGE_CURVE('',#8618,#8619,#3314,.T.);
#11868=EDGE_CURVE('',#8619,#8615,#3341,.T.);
#11870=EDGE_CURVE('',#8615,#8614,#3353,.T.);
#11874=EDGE_CURVE('',#8638,#8642,#3380,.T.);
#11876=EDGE_CURVE('',#8642,#8643,#3388,.T.);
#11878=EDGE_CURVE('',#8643,#8639,#3415,.T.);
#11880=EDGE_CURVE('',#8639,#8638,#3427,.T.);
#11884=ADVANCED_FACE('',(#11863,#11873,#11883),#11854,.F.);
#11891=EDGE_CURVE('',#8603,#8602,#3597,.T.);
#11897=EDGE_CURVE('',#8622,#8626,#3462,.T.);
#11899=EDGE_CURVE('',#8626,#8627,#3470,.T.);
#11901=EDGE_CURVE('',#8627,#8623,#3497,.T.);
#11903=EDGE_CURVE('',#8623,#8622,#3509,.T.);
#11907=EDGE_CURVE('',#8630,#8634,#3536,.T.);
#11909=EDGE_CURVE('',#8634,#8635,#3544,.T.);
#11911=EDGE_CURVE('',#8635,#8631,#3571,.T.);
#11913=EDGE_CURVE('',#8631,#8630,#3583,.T.);
#11917=ADVANCED_FACE('',(#11896,#11906,#11916),#11889,.F.);
#11927=EDGE_CURVE('',#8607,#8606,#3610,.T.);
#11929=EDGE_CURVE('',#8606,#8607,#3587,.T.);
#11933=EDGE_CURVE('',#8611,#8610,#3623,.T.);
#11935=EDGE_CURVE('',#8610,#8611,#3601,.T.);
#11939=ADVANCED_FACE('',(#11926,#11932,#11938),#11922,.T.);
#11945=EDGE_CURVE('',#8695,#8692,#3632,.T.);
#11947=EDGE_CURVE('',#8607,#8695,#3605,.T.);
#11950=EDGE_CURVE('',#8606,#8692,#3614,.T.);
#11954=ADVANCED_FACE('',(#11953),#11944,.T.);
#11960=EDGE_CURVE('',#8699,#8696,#3700,.T.);
#11962=EDGE_CURVE('',#8611,#8699,#3618,.T.);
#11965=EDGE_CURVE('',#8610,#8696,#3627,.T.);
#11969=ADVANCED_FACE('',(#11968),#11959,.T.);
#11976=EDGE_CURVE('',#8692,#8693,#3662,.T.);
#11978=EDGE_CURVE('',#8693,#8694,#3637,.T.);
#11980=EDGE_CURVE('',#8694,#8695,#3687,.T.);
#11984=ADVANCED_FACE('',(#11983),#11974,.T.);
#11995=EDGE_CURVE('',#8693,#8694,#3691,.T.);
#11999=ADVANCED_FACE('',(#11998),#11989,.F.);
#12009=ADVANCED_FACE('',(#12008),#12004,.T.);
#12015=EDGE_CURVE('',#8697,#8698,#3705,.T.);
#12017=EDGE_CURVE('',#8697,#8698,#3695,.T.);
#12021=ADVANCED_FACE('',(#12020),#12014,.T.);
#12028=EDGE_CURVE('',#8696,#8697,#3730,.T.);
#12031=EDGE_CURVE('',#8698,#8699,#3755,.T.);
#12035=ADVANCED_FACE('',(#12034),#12026,.T.);
#12049=ADVANCED_FACE('',(#12048),#12040,.F.);
#12055=EDGE_CURVE('',#8622,#8623,#3759,.T.);
#12058=EDGE_CURVE('',#8626,#8627,#3763,.T.);
#12063=ADVANCED_FACE('',(#12062),#12054,.T.);
#12073=ADVANCED_FACE('',(#12072),#12068,.T.);
#12083=ADVANCED_FACE('',(#12082),#12078,.T.);
#12089=EDGE_CURVE('',#8630,#8631,#3767,.T.);
#12092=EDGE_CURVE('',#8634,#8635,#3771,.T.);
#12097=ADVANCED_FACE('',(#12096),#12088,.T.);
#12107=ADVANCED_FACE('',(#12106),#12102,.T.);
#12117=ADVANCED_FACE('',(#12116),#12112,.T.);
#12123=EDGE_CURVE('',#8614,#8615,#3775,.T.);
#12126=EDGE_CURVE('',#8618,#8619,#3779,.T.);
#12131=ADVANCED_FACE('',(#12130),#12122,.T.);
#12141=ADVANCED_FACE('',(#12140),#12136,.T.);
#12151=ADVANCED_FACE('',(#12150),#12146,.T.);
#12157=EDGE_CURVE('',#8638,#8639,#3783,.T.);
#12160=EDGE_CURVE('',#8642,#8643,#3787,.T.);
#12165=ADVANCED_FACE('',(#12164),#12156,.T.);
#12175=ADVANCED_FACE('',(#12174),#12170,.T.);
#12185=ADVANCED_FACE('',(#12184),#12180,.T.);
#12191=EDGE_CURVE('',#8646,#8702,#3943,.T.);
#12193=EDGE_CURVE('',#8646,#8647,#4100,.T.);
#12195=EDGE_CURVE('',#8703,#8647,#3939,.T.);
#12200=EDGE_CURVE('',#8658,#8662,#3814,.T.);
#12202=EDGE_CURVE('',#8662,#8663,#3822,.T.);
#12204=EDGE_CURVE('',#8663,#8659,#3849,.T.);
#12206=EDGE_CURVE('',#8659,#8658,#3861,.T.);
#12210=EDGE_CURVE('',#8682,#8686,#3888,.T.);
#12212=EDGE_CURVE('',#8686,#8687,#3896,.T.);
#12214=EDGE_CURVE('',#8687,#8683,#3923,.T.);
#12216=EDGE_CURVE('',#8683,#8682,#3935,.T.);
#12220=ADVANCED_FACE('',(#12199,#12209,#12219),#12190,.F.);
#12227=EDGE_CURVE('',#8647,#8646,#4105,.T.);
#12233=EDGE_CURVE('',#8666,#8670,#3970,.T.);
#12235=EDGE_CURVE('',#8670,#8671,#3978,.T.);
#12237=EDGE_CURVE('',#8671,#8667,#4005,.T.);
#12239=EDGE_CURVE('',#8667,#8666,#4017,.T.);
#12243=EDGE_CURVE('',#8674,#8678,#4044,.T.);
#12245=EDGE_CURVE('',#8678,#8679,#4052,.T.);
#12247=EDGE_CURVE('',#8679,#8675,#4079,.T.);
#12249=EDGE_CURVE('',#8675,#8674,#4091,.T.);
#12253=ADVANCED_FACE('',(#12232,#12242,#12252),#12225,.F.);
#12263=EDGE_CURVE('',#8651,#8650,#4118,.T.);
#12265=EDGE_CURVE('',#8650,#8651,#4095,.T.);
#12269=EDGE_CURVE('',#8655,#8654,#4131,.T.);
#12271=EDGE_CURVE('',#8654,#8655,#4109,.T.);
#12275=ADVANCED_FACE('',(#12262,#12268,#12274),#12258,.T.);
#12281=EDGE_CURVE('',#8707,#8704,#4140,.T.);
#12283=EDGE_CURVE('',#8651,#8707,#4113,.T.);
#12286=EDGE_CURVE('',#8650,#8704,#4122,.T.);
#12290=ADVANCED_FACE('',(#12289),#12280,.T.);
#12296=EDGE_CURVE('',#8711,#8708,#4208,.T.);
#12298=EDGE_CURVE('',#8655,#8711,#4126,.T.);
#12301=EDGE_CURVE('',#8654,#8708,#4135,.T.);
#12305=ADVANCED_FACE('',(#12304),#12295,.T.);
#12312=EDGE_CURVE('',#8704,#8705,#4170,.T.);
#12314=EDGE_CURVE('',#8705,#8706,#4145,.T.);
#12316=EDGE_CURVE('',#8706,#8707,#4195,.T.);
#12320=ADVANCED_FACE('',(#12319),#12310,.T.);
#12331=EDGE_CURVE('',#8705,#8706,#4199,.T.);
#12335=ADVANCED_FACE('',(#12334),#12325,.F.);
#12345=ADVANCED_FACE('',(#12344),#12340,.T.);
#12351=EDGE_CURVE('',#8709,#8710,#4213,.T.);
#12353=EDGE_CURVE('',#8709,#8710,#4203,.T.);
#12357=ADVANCED_FACE('',(#12356),#12350,.T.);
#12364=EDGE_CURVE('',#8708,#8709,#4238,.T.);
#12367=EDGE_CURVE('',#8710,#8711,#4263,.T.);
#12371=ADVANCED_FACE('',(#12370),#12362,.T.);
#12385=ADVANCED_FACE('',(#12384),#12376,.F.);
#12391=EDGE_CURVE('',#8666,#8667,#4267,.T.);
#12394=EDGE_CURVE('',#8670,#8671,#4271,.T.);
#12399=ADVANCED_FACE('',(#12398),#12390,.T.);
#12409=ADVANCED_FACE('',(#12408),#12404,.T.);
#12419=ADVANCED_FACE('',(#12418),#12414,.T.);
#12425=EDGE_CURVE('',#8674,#8675,#4275,.T.);
#12428=EDGE_CURVE('',#8678,#8679,#4279,.T.);
#12433=ADVANCED_FACE('',(#12432),#12424,.T.);
#12443=ADVANCED_FACE('',(#12442),#12438,.T.);
#12453=ADVANCED_FACE('',(#12452),#12448,.T.);
#12459=EDGE_CURVE('',#8658,#8659,#4283,.T.);
#12462=EDGE_CURVE('',#8662,#8663,#4287,.T.);
#12467=ADVANCED_FACE('',(#12466),#12458,.T.);
#12477=ADVANCED_FACE('',(#12476),#12472,.T.);
#12487=ADVANCED_FACE('',(#12486),#12482,.T.);
#12493=EDGE_CURVE('',#8682,#8683,#4291,.T.);
#12496=EDGE_CURVE('',#8686,#8687,#4295,.T.);
#12501=ADVANCED_FACE('',(#12500),#12492,.T.);
#12511=ADVANCED_FACE('',(#12510),#12506,.T.);
#12521=ADVANCED_FACE('',(#12520),#12516,.T.);
#12527=EDGE_CURVE('',#8578,#8579,#4300,.T.);
#12529=EDGE_CURVE('',#8581,#8579,#5292,.T.);
#12531=EDGE_CURVE('',#8581,#8585,#6597,.T.);
#12533=EDGE_CURVE('',#8587,#8585,#6691,.T.);
#12536=EDGE_CURVE('',#8590,#8591,#4978,.T.);
#12538=EDGE_CURVE('',#8595,#8590,#4884,.T.);
#12540=EDGE_CURVE('',#8594,#8595,#4649,.T.);
#12542=EDGE_CURVE('',#8594,#8597,#4478,.T.);
#12544=EDGE_CURVE('',#8598,#8597,#4473,.T.);
#12546=EDGE_CURVE('',#8578,#8598,#4463,.T.);
#12550=ADVANCED_FACE('',(#12549),#12526,.F.);
#12557=EDGE_CURVE('',#8544,#8578,#4307,.T.);
#12559=EDGE_CURVE('',#8036,#8544,#4311,.T.);
#12561=EDGE_CURVE('',#8035,#8036,#4318,.T.);
#12563=EDGE_CURVE('',#8035,#8579,#5296,.T.);
#12567=ADVANCED_FACE('',(#12566),#12555,.F.);
#12573=EDGE_CURVE('',#9022,#9023,#4323,.T.);
#12575=EDGE_CURVE('',#9010,#9022,#4330,.T.);
#12577=EDGE_CURVE('',#8567,#9010,#4334,.T.);
#12579=EDGE_CURVE('',#8577,#8567,#4341,.T.);
#12581=EDGE_CURVE('',#8576,#8577,#4346,.T.);
#12583=EDGE_CURVE('',#8576,#9023,#5340,.T.);
#12587=ADVANCED_FACE('',(#12586),#12572,.F.);
#12593=EDGE_CURVE('',#9054,#9055,#4351,.T.);
#12595=EDGE_CURVE('',#9042,#9054,#4358,.T.);
#12597=EDGE_CURVE('',#9011,#9042,#4362,.T.);
#12599=EDGE_CURVE('',#9021,#9011,#4369,.T.);
#12601=EDGE_CURVE('',#9020,#9021,#4374,.T.);
#12603=EDGE_CURVE('',#9020,#9055,#5380,.T.);
#12607=ADVANCED_FACE('',(#12606),#12592,.F.);
#12613=EDGE_CURVE('',#9086,#9087,#4379,.T.);
#12615=EDGE_CURVE('',#9074,#9086,#4386,.T.);
#12617=EDGE_CURVE('',#9043,#9074,#4390,.T.);
#12619=EDGE_CURVE('',#9053,#9043,#4397,.T.);
#12621=EDGE_CURVE('',#9052,#9053,#4402,.T.);
#12623=EDGE_CURVE('',#9052,#9087,#5420,.T.);
#12627=ADVANCED_FACE('',(#12626),#12612,.F.);
#12633=EDGE_CURVE('',#9116,#9117,#4407,.T.);
#12635=EDGE_CURVE('',#9116,#8548,#5483,.T.);
#12637=EDGE_CURVE('',#8547,#8548,#4414,.T.);
#12639=EDGE_CURVE('',#9107,#8547,#4418,.T.);
#12641=EDGE_CURVE('',#9117,#9107,#4425,.T.);
#12645=ADVANCED_FACE('',(#12644),#12632,.F.);
#12651=EDGE_CURVE('',#9118,#9119,#4430,.T.);
#12653=EDGE_CURVE('',#9106,#9118,#4437,.T.);
#12655=EDGE_CURVE('',#9075,#9106,#4441,.T.);
#12657=EDGE_CURVE('',#9085,#9075,#4448,.T.);
#12659=EDGE_CURVE('',#9084,#9085,#4453,.T.);
#12661=EDGE_CURVE('',#9084,#9119,#5505,.T.);
#12665=ADVANCED_FACE('',(#12664),#12650,.F.);
#12673=EDGE_CURVE('',#8546,#8597,#4496,.T.);
#12675=EDGE_CURVE('',#8536,#8546,#5991,.T.);
#12677=EDGE_CURVE('',#8539,#8536,#5961,.T.);
#12679=EDGE_CURVE('',#8544,#8539,#5639,.T.);
#12684=ADVANCED_FACE('',(#12683),#12670,.F.);
#12691=EDGE_CURVE('',#8037,#8594,#4482,.T.);
#12693=EDGE_CURVE('',#8037,#8038,#4489,.T.);
#12695=EDGE_CURVE('',#8038,#8546,#5995,.T.);
#12700=ADVANCED_FACE('',(#12699),#12689,.F.);
#12706=EDGE_CURVE('',#9034,#9037,#4501,.T.);
#12708=EDGE_CURVE('',#8593,#9034,#4505,.T.);
#12710=EDGE_CURVE('',#8596,#8593,#4510,.T.);
#12712=EDGE_CURVE('',#8596,#8566,#4517,.T.);
#12714=EDGE_CURVE('',#8566,#9008,#6034,.T.);
#12716=EDGE_CURVE('',#9008,#9037,#4524,.T.);
#12720=ADVANCED_FACE('',(#12719),#12705,.F.);
#12726=EDGE_CURVE('',#9066,#9069,#4529,.T.);
#12728=EDGE_CURVE('',#9033,#9066,#4533,.T.);
#12730=EDGE_CURVE('',#9036,#9033,#4538,.T.);
#12732=EDGE_CURVE('',#9036,#9009,#4545,.T.);
#12734=EDGE_CURVE('',#9009,#9040,#6098,.T.);
#12736=EDGE_CURVE('',#9040,#9069,#4552,.T.);
#12740=ADVANCED_FACE('',(#12739),#12725,.F.);
#12746=EDGE_CURVE('',#9098,#9101,#4557,.T.);
#12748=EDGE_CURVE('',#9065,#9098,#4561,.T.);
#12750=EDGE_CURVE('',#9068,#9065,#4566,.T.);
#12752=EDGE_CURVE('',#9068,#9041,#4573,.T.);
#12754=EDGE_CURVE('',#9041,#9072,#6162,.T.);
#12756=EDGE_CURVE('',#9072,#9101,#4580,.T.);
#12760=ADVANCED_FACE('',(#12759),#12745,.F.);
#12766=EDGE_CURVE('',#9132,#9129,#4585,.T.);
#12768=EDGE_CURVE('',#9132,#9105,#4592,.T.);
#12770=EDGE_CURVE('',#9105,#8549,#6334,.T.);
#12772=EDGE_CURVE('',#8549,#8550,#4599,.T.);
#12774=EDGE_CURVE('',#9129,#8550,#4603,.T.);
#12778=ADVANCED_FACE('',(#12777),#12765,.F.);
#12784=EDGE_CURVE('',#9130,#9133,#4608,.T.);
#12786=EDGE_CURVE('',#9097,#9130,#4612,.T.);
#12788=EDGE_CURVE('',#9100,#9097,#4617,.T.);
#12790=EDGE_CURVE('',#9100,#9073,#4624,.T.);
#12792=EDGE_CURVE('',#9073,#9104,#6226,.T.);
#12794=EDGE_CURVE('',#9104,#9133,#4631,.T.);
#12798=ADVANCED_FACE('',(#12797),#12783,.F.);
#12805=EDGE_CURVE('',#8595,#8534,#4653,.T.);
#12807=EDGE_CURVE('',#8534,#8055,#4665,.T.);
#12809=EDGE_CURVE('',#8055,#8037,#4675,.T.);
#12814=ADVANCED_FACE('',(#12813),#12803,.F.);
#12820=EDGE_CURVE('',#9034,#9035,#4693,.T.);
#12822=EDGE_CURVE('',#9035,#8592,#4697,.T.);
#12824=EDGE_CURVE('',#8592,#8593,#4715,.T.);
#12829=ADVANCED_FACE('',(#12828),#12819,.F.);
#12835=EDGE_CURVE('',#9066,#9067,#4733,.T.);
#12837=EDGE_CURVE('',#9067,#9032,#4737,.T.);
#12839=EDGE_CURVE('',#9032,#9033,#4755,.T.);
#12844=ADVANCED_FACE('',(#12843),#12834,.F.);
#12850=EDGE_CURVE('',#9098,#9099,#4773,.T.);
#12852=EDGE_CURVE('',#9099,#9064,#4777,.T.);
#12854=EDGE_CURVE('',#9064,#9065,#4795,.T.);
#12859=ADVANCED_FACE('',(#12858),#12849,.F.);
#12865=EDGE_CURVE('',#9128,#9129,#4813,.T.);
#12868=EDGE_CURVE('',#8550,#8052,#4819,.T.);
#12870=EDGE_CURVE('',#8052,#8053,#4836,.T.);
#12872=EDGE_CURVE('',#8053,#9128,#4840,.T.);
#12876=ADVANCED_FACE('',(#12875),#12864,.F.);
#12882=EDGE_CURVE('',#9130,#9131,#4858,.T.);
#12884=EDGE_CURVE('',#9131,#9096,#4862,.T.);
#12886=EDGE_CURVE('',#9096,#9097,#4880,.T.);
#12891=ADVANCED_FACE('',(#12890),#12881,.F.);
#12898=EDGE_CURVE('',#8590,#8533,#4888,.T.);
#12900=EDGE_CURVE('',#8534,#8533,#4892,.T.);
#12905=ADVANCED_FACE('',(#12904),#12896,.F.);
#12911=EDGE_CURVE('',#9035,#9031,#4896,.T.);
#12913=EDGE_CURVE('',#9031,#8589,#4900,.T.);
#12915=EDGE_CURVE('',#8592,#8589,#4904,.T.);
#12920=ADVANCED_FACE('',(#12919),#12910,.F.);
#12926=EDGE_CURVE('',#9067,#9063,#4908,.T.);
#12928=EDGE_CURVE('',#9063,#9030,#4912,.T.);
#12930=EDGE_CURVE('',#9032,#9030,#4916,.T.);
#12935=ADVANCED_FACE('',(#12934),#12925,.F.);
#12941=EDGE_CURVE('',#9099,#9095,#4920,.T.);
#12943=EDGE_CURVE('',#9095,#9062,#4924,.T.);
#12945=EDGE_CURVE('',#9064,#9062,#4928,.T.);
#12950=ADVANCED_FACE('',(#12949),#12940,.F.);
#12956=EDGE_CURVE('',#9128,#9126,#4932,.T.);
#12959=EDGE_CURVE('',#8053,#8050,#4936,.T.);
#12961=EDGE_CURVE('',#8050,#9126,#4940,.T.);
#12965=ADVANCED_FACE('',(#12964),#12955,.F.);
#12971=EDGE_CURVE('',#9131,#9127,#4944,.T.);
#12973=EDGE_CURVE('',#9127,#9094,#4948,.T.);
#12975=EDGE_CURVE('',#9096,#9094,#4952,.T.);
#12980=ADVANCED_FACE('',(#12979),#12970,.F.);
#12988=EDGE_CURVE('',#8532,#8533,#5003,.T.);
#12993=ADVANCED_FACE('',(#12992),#12985,.T.);
#12999=EDGE_CURVE('',#9031,#8930,#5029,.T.);
#13002=EDGE_CURVE('',#8588,#8589,#5055,.T.);
#13007=ADVANCED_FACE('',(#13006),#12998,.T.);
#13013=EDGE_CURVE('',#9063,#8954,#5081,.T.);
#13016=EDGE_CURVE('',#8935,#9030,#5107,.T.);
#13021=ADVANCED_FACE('',(#13020),#13012,.T.);
#13027=EDGE_CURVE('',#9095,#8978,#5133,.T.);
#13030=EDGE_CURVE('',#8959,#9062,#5159,.T.);
#13035=ADVANCED_FACE('',(#13034),#13026,.T.);
#13041=EDGE_CURVE('',#9007,#9126,#5185,.T.);
#13044=EDGE_CURVE('',#8050,#8051,#5210,.T.);
#13049=ADVANCED_FACE('',(#13048),#13040,.T.);
#13055=EDGE_CURVE('',#9127,#9002,#5236,.T.);
#13058=EDGE_CURVE('',#8983,#9094,#5262,.T.);
#13063=ADVANCED_FACE('',(#13062),#13054,.T.);
#13071=EDGE_CURVE('',#8058,#8043,#5274,.T.);
#13073=EDGE_CURVE('',#8055,#8058,#5552,.T.);
#13079=ADVANCED_FACE('',(#13078),#13068,.F.);
#13086=EDGE_CURVE('',#8059,#8044,#5266,.T.);
#13088=EDGE_CURVE('',#8058,#8059,#5270,.T.);
#13093=ADVANCED_FACE('',(#13092),#13084,.T.);
#13099=EDGE_CURVE('',#8054,#8528,#5318,.T.);
#13101=EDGE_CURVE('',#8059,#8054,#5577,.T.);
#13105=EDGE_CURVE('',#8530,#8531,#6720,.T.);
#13107=EDGE_CURVE('',#8528,#8530,#6605,.T.);
#13111=ADVANCED_FACE('',(#13110),#13098,.F.);
#13119=EDGE_CURVE('',#8035,#8054,#5306,.T.);
#13122=EDGE_CURVE('',#8528,#8581,#6601,.T.);
#13126=ADVANCED_FACE('',(#13125),#13116,.F.);
#13132=EDGE_CURVE('',#9025,#9023,#5336,.T.);
#13135=EDGE_CURVE('',#8576,#8580,#5358,.T.);
#13137=EDGE_CURVE('',#8580,#9025,#6613,.T.);
#13141=ADVANCED_FACE('',(#13140),#13131,.F.);
#13147=EDGE_CURVE('',#9057,#9055,#5376,.T.);
#13150=EDGE_CURVE('',#9020,#9024,#5398,.T.);
#13152=EDGE_CURVE('',#9024,#9057,#6625,.T.);
#13156=ADVANCED_FACE('',(#13155),#13146,.F.);
#13162=EDGE_CURVE('',#9089,#9087,#5416,.T.);
#13165=EDGE_CURVE('',#9052,#9056,#5438,.T.);
#13167=EDGE_CURVE('',#9056,#9089,#6637,.T.);
#13171=ADVANCED_FACE('',(#13170),#13161,.F.);
#13177=EDGE_CURVE('',#9116,#9120,#5456,.T.);
#13179=EDGE_CURVE('',#9120,#8045,#6653,.T.);
#13181=EDGE_CURVE('',#8045,#8046,#5473,.T.);
#13183=EDGE_CURVE('',#8046,#8548,#5479,.T.);
#13188=ADVANCED_FACE('',(#13187),#13176,.F.);
#13194=EDGE_CURVE('',#9121,#9119,#5501,.T.);
#13197=EDGE_CURVE('',#9084,#9088,#5523,.T.);
#13199=EDGE_CURVE('',#9088,#9121,#6661,.T.);
#13203=ADVANCED_FACE('',(#13202),#13193,.F.);
#13211=EDGE_CURVE('',#8040,#8036,#5632,.T.);
#13213=EDGE_CURVE('',#8039,#8040,#5527,.T.);
#13215=EDGE_CURVE('',#8038,#8039,#6002,.T.);
#13224=ADVANCED_FACE('',(#13223),#13208,.F.);
#13230=EDGE_CURVE('',#8539,#8540,#5600,.T.);
#13232=EDGE_CURVE('',#8540,#8554,#5604,.T.);
#13234=EDGE_CURVE('',#8554,#8040,#5625,.T.);
#13241=ADVANCED_FACE('',(#13240),#13229,.T.);
#13247=EDGE_CURVE('',#9010,#8914,#5646,.T.);
#13249=EDGE_CURVE('',#8914,#8918,#5669,.T.);
#13251=EDGE_CURVE('',#8918,#8541,#5673,.T.);
#13253=EDGE_CURVE('',#8541,#8542,#5696,.T.);
#13255=EDGE_CURVE('',#8542,#8567,#5703,.T.);
#13260=ADVANCED_FACE('',(#13259),#13246,.T.);
#13266=EDGE_CURVE('',#9042,#8938,#5710,.T.);
#13268=EDGE_CURVE('',#8938,#8942,#5733,.T.);
#13270=EDGE_CURVE('',#8942,#8922,#5737,.T.);
#13272=EDGE_CURVE('',#8922,#8926,#5760,.T.);
#13274=EDGE_CURVE('',#8926,#9011,#5767,.T.);
#13279=ADVANCED_FACE('',(#13278),#13265,.T.);
#13285=EDGE_CURVE('',#9074,#8962,#5774,.T.);
#13287=EDGE_CURVE('',#8962,#8966,#5797,.T.);
#13289=EDGE_CURVE('',#8966,#8946,#5801,.T.);
#13291=EDGE_CURVE('',#8946,#8950,#5824,.T.);
#13293=EDGE_CURVE('',#8950,#9043,#5831,.T.);
#13298=ADVANCED_FACE('',(#13297),#13284,.T.);
#13304=EDGE_CURVE('',#9106,#8986,#5838,.T.);
#13306=EDGE_CURVE('',#8986,#8990,#5861,.T.);
#13308=EDGE_CURVE('',#8990,#8970,#5865,.T.);
#13310=EDGE_CURVE('',#8970,#8974,#5888,.T.);
#13312=EDGE_CURVE('',#8974,#9075,#5895,.T.);
#13317=ADVANCED_FACE('',(#13316),#13303,.T.);
#13323=EDGE_CURVE('',#8994,#8998,#5918,.T.);
#13325=EDGE_CURVE('',#8998,#9107,#5925,.T.);
#13328=EDGE_CURVE('',#8547,#8555,#5932,.T.);
#13330=EDGE_CURVE('',#8555,#8556,#5953,.T.);
#13332=EDGE_CURVE('',#8556,#8994,#5957,.T.);
#13336=ADVANCED_FACE('',(#13335),#13322,.T.);
#13342=EDGE_CURVE('',#8535,#8536,#5984,.T.);
#13344=EDGE_CURVE('',#8540,#8535,#6421,.T.);
#13350=ADVANCED_FACE('',(#13349),#13341,.T.);
#13360=EDGE_CURVE('',#8039,#8551,#6023,.T.);
#13362=EDGE_CURVE('',#8535,#8551,#6353,.T.);
#13366=ADVANCED_FACE('',(#13365),#13355,.T.);
#13372=EDGE_CURVE('',#8915,#9008,#6030,.T.);
#13375=EDGE_CURVE('',#8566,#8537,#6041,.T.);
#13377=EDGE_CURVE('',#8537,#8538,#6064,.T.);
#13379=EDGE_CURVE('',#8919,#8538,#6365,.T.);
#13381=EDGE_CURVE('',#8919,#8915,#6087,.T.);
#13385=ADVANCED_FACE('',(#13384),#13371,.T.);
#13391=EDGE_CURVE('',#8939,#9040,#6094,.T.);
#13394=EDGE_CURVE('',#9009,#8927,#6105,.T.);
#13396=EDGE_CURVE('',#8927,#8923,#6128,.T.);
#13398=EDGE_CURVE('',#8943,#8923,#6377,.T.);
#13400=EDGE_CURVE('',#8943,#8939,#6151,.T.);
#13404=ADVANCED_FACE('',(#13403),#13390,.T.);
#13410=EDGE_CURVE('',#8963,#9072,#6158,.T.);
#13413=EDGE_CURVE('',#9041,#8951,#6169,.T.);
#13415=EDGE_CURVE('',#8951,#8947,#6192,.T.);
#13417=EDGE_CURVE('',#8967,#8947,#6389,.T.);
#13419=EDGE_CURVE('',#8967,#8963,#6215,.T.);
#13423=ADVANCED_FACE('',(#13422),#13409,.T.);
#13429=EDGE_CURVE('',#8987,#9104,#6222,.T.);
#13432=EDGE_CURVE('',#9073,#8975,#6233,.T.);
#13434=EDGE_CURVE('',#8975,#8971,#6256,.T.);
#13436=EDGE_CURVE('',#8991,#8971,#6401,.T.);
#13438=EDGE_CURVE('',#8991,#8987,#6279,.T.);
#13442=ADVANCED_FACE('',(#13441),#13428,.T.);
#13448=EDGE_CURVE('',#8999,#8995,#6302,.T.);
#13450=EDGE_CURVE('',#8553,#8995,#6417,.T.);
#13452=EDGE_CURVE('',#8553,#8552,#6323,.T.);
#13454=EDGE_CURVE('',#8552,#8549,#6330,.T.);
#13457=EDGE_CURVE('',#9105,#8999,#6341,.T.);
#13461=ADVANCED_FACE('',(#13460),#13447,.T.);
#13470=EDGE_CURVE('',#8551,#8554,#6345,.T.);
#13474=ADVANCED_FACE('',(#13473),#13466,.T.);
#13480=EDGE_CURVE('',#8551,#8558,#6357,.T.);
#13483=EDGE_CURVE('',#8562,#8554,#6505,.T.);
#13485=EDGE_CURVE('',#8558,#8562,#6433,.T.);
#13489=ADVANCED_FACE('',(#13488),#13479,.T.);
#13495=EDGE_CURVE('',#8535,#8569,#6349,.T.);
#13499=EDGE_CURVE('',#8569,#8558,#6429,.T.);
#13503=ADVANCED_FACE('',(#13502),#13494,.F.);
#13509=EDGE_CURVE('',#8919,#9013,#6361,.T.);
#13512=EDGE_CURVE('',#8538,#8571,#6369,.T.);
#13514=EDGE_CURVE('',#9013,#8571,#6441,.T.);
#13518=ADVANCED_FACE('',(#13517),#13508,.F.);
#13524=EDGE_CURVE('',#8943,#9045,#6373,.T.);
#13527=EDGE_CURVE('',#8923,#9015,#6381,.T.);
#13529=EDGE_CURVE('',#9045,#9015,#6453,.T.);
#13533=ADVANCED_FACE('',(#13532),#13523,.F.);
#13539=EDGE_CURVE('',#8967,#9077,#6385,.T.);
#13542=EDGE_CURVE('',#8947,#9047,#6393,.T.);
#13544=EDGE_CURVE('',#9077,#9047,#6465,.T.);
#13548=ADVANCED_FACE('',(#13547),#13538,.F.);
#13554=EDGE_CURVE('',#8991,#9109,#6397,.T.);
#13557=EDGE_CURVE('',#8971,#9079,#6405,.T.);
#13559=EDGE_CURVE('',#9109,#9079,#6477,.T.);
#13563=ADVANCED_FACE('',(#13562),#13553,.F.);
#13569=EDGE_CURVE('',#8995,#9111,#6409,.T.);
#13571=EDGE_CURVE('',#8560,#9111,#6493,.T.);
#13573=EDGE_CURVE('',#8553,#8560,#6413,.T.);
#13578=ADVANCED_FACE('',(#13577),#13568,.F.);
#13586=EDGE_CURVE('',#8569,#8573,#6425,.T.);
#13588=EDGE_CURVE('',#8573,#8540,#6497,.T.);
#13592=ADVANCED_FACE('',(#13591),#13583,.T.);
#13601=EDGE_CURVE('',#8573,#8562,#6501,.T.);
#13605=ADVANCED_FACE('',(#13604),#13597,.F.);
#13611=EDGE_CURVE('',#9013,#9017,#6437,.T.);
#13614=EDGE_CURVE('',#8571,#8575,#6445,.T.);
#13616=EDGE_CURVE('',#9017,#8575,#6513,.T.);
#13620=ADVANCED_FACE('',(#13619),#13610,.F.);
#13626=EDGE_CURVE('',#9045,#9049,#6449,.T.);
#13629=EDGE_CURVE('',#9015,#9019,#6457,.T.);
#13631=EDGE_CURVE('',#9049,#9019,#6525,.T.);
#13635=ADVANCED_FACE('',(#13634),#13625,.F.);
#13641=EDGE_CURVE('',#9077,#9081,#6461,.T.);
#13644=EDGE_CURVE('',#9047,#9051,#6469,.T.);
#13646=EDGE_CURVE('',#9081,#9051,#6537,.T.);
#13650=ADVANCED_FACE('',(#13649),#13640,.F.);
#13656=EDGE_CURVE('',#9109,#9113,#6473,.T.);
#13659=EDGE_CURVE('',#9079,#9083,#6481,.T.);
#13661=EDGE_CURVE('',#9113,#9083,#6549,.T.);
#13665=ADVANCED_FACE('',(#13664),#13655,.F.);
#13671=EDGE_CURVE('',#9111,#9115,#6485,.T.);
#13673=EDGE_CURVE('',#8564,#9115,#6565,.T.);
#13675=EDGE_CURVE('',#8560,#8564,#6489,.T.);
#13680=ADVANCED_FACE('',(#13679),#13670,.F.);
#13692=ADVANCED_FACE('',(#13691),#13685,.F.);
#13698=EDGE_CURVE('',#9017,#8918,#6509,.T.);
#13701=EDGE_CURVE('',#8575,#8541,#6517,.T.);
#13706=ADVANCED_FACE('',(#13705),#13697,.F.);
#13712=EDGE_CURVE('',#9049,#8942,#6521,.T.);
#13715=EDGE_CURVE('',#9019,#8922,#6529,.T.);
#13720=ADVANCED_FACE('',(#13719),#13711,.F.);
#13726=EDGE_CURVE('',#9081,#8966,#6533,.T.);
#13729=EDGE_CURVE('',#9051,#8946,#6541,.T.);
#13734=ADVANCED_FACE('',(#13733),#13725,.F.);
#13740=EDGE_CURVE('',#9113,#8990,#6545,.T.);
#13743=EDGE_CURVE('',#9083,#8970,#6553,.T.);
#13748=ADVANCED_FACE('',(#13747),#13739,.F.);
#13754=EDGE_CURVE('',#9115,#8994,#6557,.T.);
#13757=EDGE_CURVE('',#8564,#8556,#6561,.T.);
#13762=ADVANCED_FACE('',(#13761),#13753,.F.);
#13768=EDGE_CURVE('',#8918,#8919,#6569,.T.);
#13775=ADVANCED_FACE('',(#13774),#13767,.T.);
#13781=EDGE_CURVE('',#8914,#8915,#6573,.T.);
#13788=ADVANCED_FACE('',(#13787),#13780,.T.);
#13794=EDGE_CURVE('',#9022,#9038,#6583,.T.);
#13796=EDGE_CURVE('',#9038,#9037,#6593,.T.);
#13805=ADVANCED_FACE('',(#13804),#13793,.F.);
#13820=EDGE_CURVE('',#9025,#9029,#6609,.T.);
#13822=EDGE_CURVE('',#8931,#9029,#6746,.T.);
#13826=ADVANCED_FACE('',(#13825),#13810,.F.);
#13835=EDGE_CURVE('',#8530,#8585,#6695,.T.);
#13839=ADVANCED_FACE('',(#13838),#13831,.F.);
#13847=EDGE_CURVE('',#8580,#8583,#6617,.T.);
#13849=EDGE_CURVE('',#8583,#9029,#6750,.T.);
#13853=ADVANCED_FACE('',(#13852),#13844,.F.);
#13859=EDGE_CURVE('',#9057,#9061,#6621,.T.);
#13862=EDGE_CURVE('',#9024,#9027,#6629,.T.);
#13864=EDGE_CURVE('',#9027,#9061,#6806,.T.);
#13868=ADVANCED_FACE('',(#13867),#13858,.F.);
#13874=EDGE_CURVE('',#9089,#9093,#6633,.T.);
#13877=EDGE_CURVE('',#9056,#9059,#6641,.T.);
#13879=EDGE_CURVE('',#9059,#9093,#6862,.T.);
#13883=ADVANCED_FACE('',(#13882),#13873,.F.);
#13889=EDGE_CURVE('',#9120,#9123,#6645,.T.);
#13891=EDGE_CURVE('',#9123,#8048,#6943,.T.);
#13893=EDGE_CURVE('',#8045,#8048,#6649,.T.);
#13898=ADVANCED_FACE('',(#13897),#13888,.F.);
#13904=EDGE_CURVE('',#9121,#9125,#6657,.T.);
#13907=EDGE_CURVE('',#9088,#9091,#6665,.T.);
#13909=EDGE_CURVE('',#9091,#9125,#6973,.T.);
#13913=ADVANCED_FACE('',(#13912),#13903,.F.);
#13925=ADVANCED_FACE('',(#13924),#13918,.T.);
#13933=EDGE_CURVE('',#8583,#8586,#6776,.T.);
#13938=ADVANCED_FACE('',(#13937),#13930,.T.);
#13944=EDGE_CURVE('',#8955,#9061,#6802,.T.);
#13947=EDGE_CURVE('',#9027,#8934,#6832,.T.);
#13952=ADVANCED_FACE('',(#13951),#13943,.T.);
#13958=EDGE_CURVE('',#8979,#9093,#6858,.T.);
#13961=EDGE_CURVE('',#9059,#8958,#6888,.T.);
#13966=ADVANCED_FACE('',(#13965),#13957,.T.);
#13972=EDGE_CURVE('',#9123,#9006,#6914,.T.);
#13975=EDGE_CURVE('',#8049,#8048,#6939,.T.);
#13980=ADVANCED_FACE('',(#13979),#13971,.T.);
#13986=EDGE_CURVE('',#9003,#9125,#6969,.T.);
#13989=EDGE_CURVE('',#9091,#8982,#6999,.T.);
#13994=ADVANCED_FACE('',(#13993),#13985,.T.);
#14001=EDGE_CURVE('',#8599,#8577,#7009,.T.);
#14003=EDGE_CURVE('',#8596,#8599,#7023,.T.);
#14015=ADVANCED_FACE('',(#14014),#13999,.F.);
#14024=EDGE_CURVE('',#8542,#8537,#7013,.T.);
#14031=ADVANCED_FACE('',(#14030),#14020,.F.);
#14040=EDGE_CURVE('',#8541,#8538,#7027,.T.);
#14044=ADVANCED_FACE('',(#14043),#14036,.T.);
#14056=ADVANCED_FACE('',(#14055),#14049,.T.);
#14067=EDGE_CURVE('',#9070,#9069,#7047,.T.);
#14069=EDGE_CURVE('',#9054,#9070,#7037,.T.);
#14077=ADVANCED_FACE('',(#14076),#14061,.F.);
#14087=EDGE_CURVE('',#8938,#8939,#7051,.T.);
#14093=ADVANCED_FACE('',(#14092),#14082,.F.);
#14101=EDGE_CURVE('',#8942,#8943,#7055,.T.);
#14106=ADVANCED_FACE('',(#14105),#14098,.T.);
#14118=ADVANCED_FACE('',(#14117),#14111,.T.);
#14129=EDGE_CURVE('',#9039,#9021,#7065,.T.);
#14131=EDGE_CURVE('',#9036,#9039,#7079,.T.);
#14139=ADVANCED_FACE('',(#14138),#14123,.F.);
#14148=EDGE_CURVE('',#8926,#8927,#7069,.T.);
#14155=ADVANCED_FACE('',(#14154),#14144,.F.);
#14161=EDGE_CURVE('',#8922,#8923,#7083,.T.);
#14168=ADVANCED_FACE('',(#14167),#14160,.T.);
#14180=ADVANCED_FACE('',(#14179),#14173,.T.);
#14191=EDGE_CURVE('',#9102,#9101,#7103,.T.);
#14193=EDGE_CURVE('',#9086,#9102,#7093,.T.);
#14201=ADVANCED_FACE('',(#14200),#14185,.F.);
#14211=EDGE_CURVE('',#8962,#8963,#7107,.T.);
#14217=ADVANCED_FACE('',(#14216),#14206,.F.);
#14225=EDGE_CURVE('',#8966,#8967,#7111,.T.);
#14230=ADVANCED_FACE('',(#14229),#14222,.T.);
#14242=ADVANCED_FACE('',(#14241),#14235,.T.);
#14253=EDGE_CURVE('',#9071,#9053,#7121,.T.);
#14255=EDGE_CURVE('',#9068,#9071,#7135,.T.);
#14263=ADVANCED_FACE('',(#14262),#14247,.F.);
#14272=EDGE_CURVE('',#8950,#8951,#7125,.T.);
#14279=ADVANCED_FACE('',(#14278),#14268,.F.);
#14285=EDGE_CURVE('',#8946,#8947,#7139,.T.);
#14292=ADVANCED_FACE('',(#14291),#14284,.T.);
#14304=ADVANCED_FACE('',(#14303),#14297,.T.);
#14315=EDGE_CURVE('',#9135,#9117,#7149,.T.);
#14317=EDGE_CURVE('',#9132,#9135,#7163,.T.);
#14325=ADVANCED_FACE('',(#14324),#14309,.F.);
#14334=EDGE_CURVE('',#8998,#8999,#7153,.T.);
#14341=ADVANCED_FACE('',(#14340),#14330,.F.);
#14347=EDGE_CURVE('',#8994,#8995,#7167,.T.);
#14354=ADVANCED_FACE('',(#14353),#14346,.T.);
#14366=ADVANCED_FACE('',(#14365),#14359,.T.);
#14379=EDGE_CURVE('',#8565,#8052,#7183,.T.);
#14381=EDGE_CURVE('',#8046,#8565,#7175,.T.);
#14385=ADVANCED_FACE('',(#14384),#14371,.F.);
#14396=EDGE_CURVE('',#8552,#8555,#7187,.T.);
#14403=ADVANCED_FACE('',(#14402),#14390,.F.);
#14410=EDGE_CURVE('',#8553,#8556,#7191,.T.);
#14416=ADVANCED_FACE('',(#14415),#14408,.T.);
#14428=ADVANCED_FACE('',(#14427),#14421,.T.);
#14439=EDGE_CURVE('',#9134,#9133,#7211,.T.);
#14441=EDGE_CURVE('',#9118,#9134,#7201,.T.);
#14449=ADVANCED_FACE('',(#14448),#14433,.F.);
#14459=EDGE_CURVE('',#8986,#8987,#7215,.T.);
#14465=ADVANCED_FACE('',(#14464),#14454,.F.);
#14473=EDGE_CURVE('',#8990,#8991,#7219,.T.);
#14478=ADVANCED_FACE('',(#14477),#14470,.T.);
#14490=ADVANCED_FACE('',(#14489),#14483,.T.);
#14501=EDGE_CURVE('',#9103,#9085,#7229,.T.);
#14503=EDGE_CURVE('',#9100,#9103,#7243,.T.);
#14511=ADVANCED_FACE('',(#14510),#14495,.F.);
#14520=EDGE_CURVE('',#8974,#8975,#7233,.T.);
#14527=ADVANCED_FACE('',(#14526),#14516,.F.);
#14533=EDGE_CURVE('',#8970,#8971,#7247,.T.);
#14540=ADVANCED_FACE('',(#14539),#14532,.T.);
#14552=ADVANCED_FACE('',(#14551),#14545,.T.);
#14558=EDGE_CURVE('',#8328,#8333,#7251,.T.);
#14565=ADVANCED_FACE('',(#14564),#14557,.F.);
#14573=EDGE_CURVE('',#8333,#8331,#7277,.T.);
#14578=ADVANCED_FACE('',(#14577),#14570,.T.);
#14584=EDGE_CURVE('',#8336,#8337,#7282,.T.);
#14591=ADVANCED_FACE('',(#14590),#14583,.T.);
#14604=ADVANCED_FACE('',(#14603),#14596,.F.);
#14610=EDGE_CURVE('',#8284,#8285,#7290,.T.);
#14612=EDGE_CURVE('',#8285,#8264,#7294,.T.);
#14614=EDGE_CURVE('',#8264,#8253,#7299,.T.);
#14617=EDGE_CURVE('',#8252,#8260,#7304,.T.);
#14619=EDGE_CURVE('',#8260,#8284,#7308,.T.);
#14623=ADVANCED_FACE('',(#14622),#14609,.F.);
#14630=EDGE_CURVE('',#8287,#8284,#7330,.T.);
#14632=EDGE_CURVE('',#8287,#8289,#7312,.T.);
#14634=EDGE_CURVE('',#8289,#8285,#7368,.T.);
#14638=ADVANCED_FACE('',(#14637),#14628,.F.);
#14644=EDGE_CURVE('',#8268,#8271,#7316,.T.);
#14646=EDGE_CURVE('',#8277,#8271,#7321,.T.);
#14648=EDGE_CURVE('',#8276,#8277,#7386,.T.);
#14650=EDGE_CURVE('',#8287,#8276,#7326,.T.);
#14654=EDGE_CURVE('',#8260,#8261,#7334,.T.);
#14656=EDGE_CURVE('',#8261,#8268,#7342,.T.);
#14660=ADVANCED_FACE('',(#14659),#14643,.T.);
#14666=EDGE_CURVE('',#8268,#8269,#7338,.T.);
#14668=EDGE_CURVE('',#8269,#8273,#7364,.T.);
#14670=EDGE_CURVE('',#8271,#8273,#7398,.T.);
#14675=ADVANCED_FACE('',(#14674),#14665,.F.);
#14683=EDGE_CURVE('',#8256,#8261,#7347,.T.);
#14686=EDGE_CURVE('',#8265,#8257,#7352,.T.);
#14688=EDGE_CURVE('',#8269,#8265,#7356,.T.);
#14692=ADVANCED_FACE('',(#14691),#14680,.T.);
#14704=ADVANCED_FACE('',(#14703),#14697,.T.);
#14712=EDGE_CURVE('',#8264,#8265,#7360,.T.);
#14717=ADVANCED_FACE('',(#14716),#14709,.F.);
#14728=EDGE_CURVE('',#8289,#8280,#7373,.T.);
#14730=EDGE_CURVE('',#8280,#8281,#7377,.T.);
#14732=EDGE_CURVE('',#8281,#8273,#7382,.T.);
#14736=ADVANCED_FACE('',(#14735),#14722,.T.);
#14743=EDGE_CURVE('',#8280,#8276,#7394,.T.);
#14749=ADVANCED_FACE('',(#14748),#14741,.T.);
#14756=EDGE_CURVE('',#8281,#8277,#7390,.T.);
#14762=ADVANCED_FACE('',(#14761),#14754,.T.);
#14774=ADVANCED_FACE('',(#14773),#14767,.T.);
#14780=EDGE_CURVE('',#8786,#8787,#7402,.T.);
#14782=EDGE_CURVE('',#8787,#8718,#7406,.T.);
#14784=EDGE_CURVE('',#8718,#8723,#7411,.T.);
#14787=EDGE_CURVE('',#8721,#8714,#7416,.T.);
#14789=EDGE_CURVE('',#8714,#8786,#7420,.T.);
#14793=ADVANCED_FACE('',(#14792),#14779,.F.);
#14799=EDGE_CURVE('',#8734,#8735,#7424,.T.);
#14801=EDGE_CURVE('',#8735,#8787,#7458,.T.);
#14804=EDGE_CURVE('',#8734,#8786,#7442,.T.);
#14808=ADVANCED_FACE('',(#14807),#14798,.F.);
#14815=EDGE_CURVE('',#8734,#8795,#7438,.T.);
#14817=EDGE_CURVE('',#8799,#8795,#7506,.T.);
#14819=EDGE_CURVE('',#8735,#8799,#7463,.T.);
#14823=ADVANCED_FACE('',(#14822),#14813,.T.);
#14829=EDGE_CURVE('',#8790,#8730,#7428,.T.);
#14831=EDGE_CURVE('',#8793,#8730,#7433,.T.);
#14833=EDGE_CURVE('',#8795,#8793,#7510,.T.);
#14838=EDGE_CURVE('',#8714,#8715,#7446,.T.);
#14840=EDGE_CURVE('',#8715,#8790,#7480,.T.);
#14844=ADVANCED_FACE('',(#14843),#14828,.T.);
#14850=EDGE_CURVE('',#8730,#8731,#7450,.T.);
#14853=EDGE_CURVE('',#8790,#8791,#7476,.T.);
#14855=EDGE_CURVE('',#8791,#8731,#7454,.T.);
#14859=ADVANCED_FACE('',(#14858),#14849,.F.);
#14866=EDGE_CURVE('',#8797,#8731,#7472,.T.);
#14868=EDGE_CURVE('',#8797,#8793,#7502,.T.);
#14873=ADVANCED_FACE('',(#14872),#14864,.T.);
#14880=EDGE_CURVE('',#8791,#8719,#7494,.T.);
#14882=EDGE_CURVE('',#8718,#8719,#7498,.T.);
#14887=EDGE_CURVE('',#8799,#8797,#7467,.T.);
#14892=ADVANCED_FACE('',(#14891),#14878,.T.);
#14900=EDGE_CURVE('',#8725,#8715,#7485,.T.);
#14903=EDGE_CURVE('',#8719,#8727,#7490,.T.);
#14908=ADVANCED_FACE('',(#14907),#14897,.T.);
#14920=ADVANCED_FACE('',(#14919),#14913,.T.);
#14932=ADVANCED_FACE('',(#14931),#14925,.F.);
#14944=ADVANCED_FACE('',(#14943),#14937,.T.);
#14950=EDGE_CURVE('',#8802,#8803,#7514,.T.);
#14952=EDGE_CURVE('',#8803,#8742,#7518,.T.);
#14954=EDGE_CURVE('',#8742,#8747,#7523,.T.);
#14957=EDGE_CURVE('',#8745,#8738,#7528,.T.);
#14959=EDGE_CURVE('',#8738,#8802,#7532,.T.);
#14963=ADVANCED_FACE('',(#14962),#14949,.F.);
#14969=EDGE_CURVE('',#8758,#8759,#7536,.T.);
#14971=EDGE_CURVE('',#8759,#8803,#7570,.T.);
#14974=EDGE_CURVE('',#8758,#8802,#7554,.T.);
#14978=ADVANCED_FACE('',(#14977),#14968,.F.);
#14985=EDGE_CURVE('',#8758,#8811,#7550,.T.);
#14987=EDGE_CURVE('',#8815,#8811,#7618,.T.);
#14989=EDGE_CURVE('',#8759,#8815,#7575,.T.);
#14993=ADVANCED_FACE('',(#14992),#14983,.T.);
#14999=EDGE_CURVE('',#8806,#8754,#7540,.T.);
#15001=EDGE_CURVE('',#8809,#8754,#7545,.T.);
#15003=EDGE_CURVE('',#8811,#8809,#7622,.T.);
#15008=EDGE_CURVE('',#8738,#8739,#7558,.T.);
#15010=EDGE_CURVE('',#8739,#8806,#7592,.T.);
#15014=ADVANCED_FACE('',(#15013),#14998,.T.);
#15020=EDGE_CURVE('',#8754,#8755,#7562,.T.);
#15023=EDGE_CURVE('',#8806,#8807,#7588,.T.);
#15025=EDGE_CURVE('',#8807,#8755,#7566,.T.);
#15029=ADVANCED_FACE('',(#15028),#15019,.F.);
#15036=EDGE_CURVE('',#8813,#8755,#7584,.T.);
#15038=EDGE_CURVE('',#8813,#8809,#7614,.T.);
#15043=ADVANCED_FACE('',(#15042),#15034,.T.);
#15050=EDGE_CURVE('',#8807,#8743,#7606,.T.);
#15052=EDGE_CURVE('',#8742,#8743,#7610,.T.);
#15057=EDGE_CURVE('',#8815,#8813,#7579,.T.);
#15062=ADVANCED_FACE('',(#15061),#15048,.T.);
#15070=EDGE_CURVE('',#8749,#8739,#7597,.T.);
#15073=EDGE_CURVE('',#8743,#8751,#7602,.T.);
#15078=ADVANCED_FACE('',(#15077),#15067,.T.);
#15090=ADVANCED_FACE('',(#15089),#15083,.T.);
#15102=ADVANCED_FACE('',(#15101),#15095,.F.);
#15114=ADVANCED_FACE('',(#15113),#15107,.T.);
#15120=EDGE_CURVE('',#8818,#8819,#7626,.T.);
#15122=EDGE_CURVE('',#8819,#8766,#7630,.T.);
#15124=EDGE_CURVE('',#8766,#8771,#7635,.T.);
#15127=EDGE_CURVE('',#8769,#8762,#7640,.T.);
#15129=EDGE_CURVE('',#8762,#8818,#7644,.T.);
#15133=ADVANCED_FACE('',(#15132),#15119,.F.);
#15139=EDGE_CURVE('',#8782,#8783,#7648,.T.);
#15141=EDGE_CURVE('',#8783,#8819,#7682,.T.);
#15144=EDGE_CURVE('',#8782,#8818,#7666,.T.);
#15148=ADVANCED_FACE('',(#15147),#15138,.F.);
#15155=EDGE_CURVE('',#8782,#8827,#7662,.T.);
#15157=EDGE_CURVE('',#8831,#8827,#7730,.T.);
#15159=EDGE_CURVE('',#8783,#8831,#7687,.T.);
#15163=ADVANCED_FACE('',(#15162),#15153,.T.);
#15169=EDGE_CURVE('',#8822,#8778,#7652,.T.);
#15171=EDGE_CURVE('',#8825,#8778,#7657,.T.);
#15173=EDGE_CURVE('',#8827,#8825,#7734,.T.);
#15178=EDGE_CURVE('',#8762,#8763,#7670,.T.);
#15180=EDGE_CURVE('',#8763,#8822,#7704,.T.);
#15184=ADVANCED_FACE('',(#15183),#15168,.T.);
#15190=EDGE_CURVE('',#8778,#8779,#7674,.T.);
#15193=EDGE_CURVE('',#8822,#8823,#7700,.T.);
#15195=EDGE_CURVE('',#8823,#8779,#7678,.T.);
#15199=ADVANCED_FACE('',(#15198),#15189,.F.);
#15206=EDGE_CURVE('',#8829,#8779,#7696,.T.);
#15208=EDGE_CURVE('',#8829,#8825,#7726,.T.);
#15213=ADVANCED_FACE('',(#15212),#15204,.T.);
#15220=EDGE_CURVE('',#8823,#8767,#7718,.T.);
#15222=EDGE_CURVE('',#8766,#8767,#7722,.T.);
#15227=EDGE_CURVE('',#8831,#8829,#7691,.T.);
#15232=ADVANCED_FACE('',(#15231),#15218,.T.);
#15240=EDGE_CURVE('',#8773,#8763,#7709,.T.);
#15243=EDGE_CURVE('',#8767,#8775,#7714,.T.);
#15248=ADVANCED_FACE('',(#15247),#15237,.T.);
#15260=ADVANCED_FACE('',(#15259),#15253,.T.);
#15272=ADVANCED_FACE('',(#15271),#15265,.F.);
#15284=ADVANCED_FACE('',(#15283),#15277,.T.);
#15290=EDGE_CURVE('',#8882,#8883,#7738,.T.);
#15292=EDGE_CURVE('',#8883,#8838,#7742,.T.);
#15294=EDGE_CURVE('',#8838,#8843,#7747,.T.);
#15297=EDGE_CURVE('',#8841,#8834,#7752,.T.);
#15299=EDGE_CURVE('',#8834,#8882,#7756,.T.);
#15303=ADVANCED_FACE('',(#15302),#15289,.F.);
#15309=EDGE_CURVE('',#8854,#8855,#7760,.T.);
#15311=EDGE_CURVE('',#8855,#8883,#7794,.T.);
#15314=EDGE_CURVE('',#8854,#8882,#7778,.T.);
#15318=ADVANCED_FACE('',(#15317),#15308,.F.);
#15325=EDGE_CURVE('',#8854,#8891,#7774,.T.);
#15327=EDGE_CURVE('',#8895,#8891,#7842,.T.);
#15329=EDGE_CURVE('',#8855,#8895,#7799,.T.);
#15333=ADVANCED_FACE('',(#15332),#15323,.T.);
#15339=EDGE_CURVE('',#8886,#8850,#7764,.T.);
#15341=EDGE_CURVE('',#8889,#8850,#7769,.T.);
#15343=EDGE_CURVE('',#8891,#8889,#7846,.T.);
#15348=EDGE_CURVE('',#8834,#8835,#7782,.T.);
#15350=EDGE_CURVE('',#8835,#8886,#7816,.T.);
#15354=ADVANCED_FACE('',(#15353),#15338,.T.);
#15360=EDGE_CURVE('',#8850,#8851,#7786,.T.);
#15363=EDGE_CURVE('',#8886,#8887,#7812,.T.);
#15365=EDGE_CURVE('',#8887,#8851,#7790,.T.);
#15369=ADVANCED_FACE('',(#15368),#15359,.F.);
#15376=EDGE_CURVE('',#8893,#8851,#7808,.T.);
#15378=EDGE_CURVE('',#8893,#8889,#7838,.T.);
#15383=ADVANCED_FACE('',(#15382),#15374,.T.);
#15390=EDGE_CURVE('',#8887,#8839,#7830,.T.);
#15392=EDGE_CURVE('',#8838,#8839,#7834,.T.);
#15397=EDGE_CURVE('',#8895,#8893,#7803,.T.);
#15402=ADVANCED_FACE('',(#15401),#15388,.T.);
#15410=EDGE_CURVE('',#8845,#8835,#7821,.T.);
#15413=EDGE_CURVE('',#8839,#8847,#7826,.T.);
#15418=ADVANCED_FACE('',(#15417),#15407,.T.);
#15430=ADVANCED_FACE('',(#15429),#15423,.T.);
#15442=ADVANCED_FACE('',(#15441),#15435,.F.);
#15454=ADVANCED_FACE('',(#15453),#15447,.T.);
#15460=EDGE_CURVE('',#8898,#8899,#7850,.T.);
#15462=EDGE_CURVE('',#8899,#8862,#7854,.T.);
#15464=EDGE_CURVE('',#8862,#8867,#7859,.T.);
#15467=EDGE_CURVE('',#8865,#8858,#7864,.T.);
#15469=EDGE_CURVE('',#8858,#8898,#7868,.T.);
#15473=ADVANCED_FACE('',(#15472),#15459,.F.);
#15479=EDGE_CURVE('',#8878,#8879,#7872,.T.);
#15481=EDGE_CURVE('',#8879,#8899,#7906,.T.);
#15484=EDGE_CURVE('',#8878,#8898,#7890,.T.);
#15488=ADVANCED_FACE('',(#15487),#15478,.F.);
#15495=EDGE_CURVE('',#8878,#8907,#7886,.T.);
#15497=EDGE_CURVE('',#8911,#8907,#7954,.T.);
#15499=EDGE_CURVE('',#8879,#8911,#7911,.T.);
#15503=ADVANCED_FACE('',(#15502),#15493,.T.);
#15509=EDGE_CURVE('',#8902,#8874,#7876,.T.);
#15511=EDGE_CURVE('',#8905,#8874,#7881,.T.);
#15513=EDGE_CURVE('',#8907,#8905,#7958,.T.);
#15518=EDGE_CURVE('',#8858,#8859,#7894,.T.);
#15520=EDGE_CURVE('',#8859,#8902,#7928,.T.);
#15524=ADVANCED_FACE('',(#15523),#15508,.T.);
#15530=EDGE_CURVE('',#8874,#8875,#7898,.T.);
#15533=EDGE_CURVE('',#8902,#8903,#7924,.T.);
#15535=EDGE_CURVE('',#8903,#8875,#7902,.T.);
#15539=ADVANCED_FACE('',(#15538),#15529,.F.);
#15546=EDGE_CURVE('',#8909,#8875,#7920,.T.);
#15548=EDGE_CURVE('',#8909,#8905,#7950,.T.);
#15553=ADVANCED_FACE('',(#15552),#15544,.T.);
#15560=EDGE_CURVE('',#8903,#8863,#7942,.T.);
#15562=EDGE_CURVE('',#8862,#8863,#7946,.T.);
#15567=EDGE_CURVE('',#8911,#8909,#7915,.T.);
#15572=ADVANCED_FACE('',(#15571),#15558,.T.);
#15580=EDGE_CURVE('',#8869,#8859,#7933,.T.);
#15583=EDGE_CURVE('',#8863,#8871,#7938,.T.);
#15588=ADVANCED_FACE('',(#15587),#15577,.T.);
#15600=ADVANCED_FACE('',(#15599),#15593,.T.);
#15612=ADVANCED_FACE('',(#15611),#15605,.F.);
#15624=ADVANCED_FACE('',(#15623),#15617,.T.);
#15625=CLOSED_SHELL('',(#9189,#9208,#9228,#9281,#9295,#9310,#9325,#9340,#9354,
#9367,#9381,#9397,#9413,#9429,#9521,#9534,#9547,#9560,#9573,#9585,#9663,#9711,
#9724,#9737,#9749,#9762,#9775,#9788,#9897,#9910,#9923,#9951,#9964,#9977,#9990,
#10002,#10015,#10028,#10041,#10053,#10067,#10089,#10112,#10125,#10138,#10151,
#10164,#10177,#10189,#10202,#10215,#10228,#10241,#10254,#10267,#10279,#10293,
#10316,#10338,#10351,#10364,#10377,#10390,#10403,#10416,#10428,#10441,#10454,
#10467,#10480,#10493,#10505,#10540,#10573,#10595,#10610,#10625,#10640,#10655,
#10665,#10677,#10691,#10705,#10719,#10729,#10739,#10753,#10763,#10773,#10787,
#10797,#10807,#10821,#10831,#10841,#10876,#10909,#10931,#10946,#10961,#10976,
#10991,#11001,#11013,#11027,#11041,#11055,#11065,#11075,#11089,#11099,#11109,
#11123,#11133,#11143,#11157,#11167,#11177,#11212,#11245,#11267,#11282,#11297,
#11312,#11327,#11337,#11349,#11363,#11377,#11391,#11401,#11411,#11425,#11435,
#11445,#11459,#11469,#11479,#11493,#11503,#11513,#11548,#11581,#11603,#11618,
#11633,#11648,#11663,#11673,#11685,#11699,#11713,#11727,#11737,#11747,#11761,
#11771,#11781,#11795,#11805,#11815,#11829,#11839,#11849,#11884,#11917,#11939,
#11954,#11969,#11984,#11999,#12009,#12021,#12035,#12049,#12063,#12073,#12083,
#12097,#12107,#12117,#12131,#12141,#12151,#12165,#12175,#12185,#12220,#12253,
#12275,#12290,#12305,#12320,#12335,#12345,#12357,#12371,#12385,#12399,#12409,
#12419,#12433,#12443,#12453,#12467,#12477,#12487,#12501,#12511,#12521,#12550,
#12567,#12587,#12607,#12627,#12645,#12665,#12684,#12700,#12720,#12740,#12760,
#12778,#12798,#12814,#12829,#12844,#12859,#12876,#12891,#12905,#12920,#12935,
#12950,#12965,#12980,#12993,#13007,#13021,#13035,#13049,#13063,#13079,#13093,
#13111,#13126,#13141,#13156,#13171,#13188,#13203,#13224,#13241,#13260,#13279,
#13298,#13317,#13336,#13350,#13366,#13385,#13404,#13423,#13442,#13461,#13474,
#13489,#13503,#13518,#13533,#13548,#13563,#13578,#13592,#13605,#13620,#13635,
#13650,#13665,#13680,#13692,#13706,#13720,#13734,#13748,#13762,#13775,#13788,
#13805,#13826,#13839,#13853,#13868,#13883,#13898,#13913,#13925,#13938,#13952,
#13966,#13980,#13994,#14015,#14031,#14044,#14056,#14077,#14093,#14106,#14118,
#14139,#14155,#14168,#14180,#14201,#14217,#14230,#14242,#14263,#14279,#14292,
#14304,#14325,#14341,#14354,#14366,#14385,#14403,#14416,#14428,#14449,#14465,
#14478,#14490,#14511,#14527,#14540,#14552,#14565,#14578,#14591,#14604,#14623,
#14638,#14660,#14675,#14692,#14704,#14717,#14736,#14749,#14762,#14774,#14793,
#14808,#14823,#14844,#14859,#14873,#14892,#14908,#14920,#14932,#14944,#14963,
#14978,#14993,#15014,#15029,#15043,#15062,#15078,#15090,#15102,#15114,#15133,
#15148,#15163,#15184,#15199,#15213,#15232,#15248,#15260,#15272,#15284,#15303,
#15318,#15333,#15354,#15369,#15383,#15402,#15418,#15430,#15442,#15454,#15473,
#15488,#15503,#15524,#15539,#15553,#15572,#15588,#15600,#15612,#15624));
#15626=MANIFOLD_SOLID_BREP('',#15625);
#15627=(LENGTH_UNIT()NAMED_UNIT(*)SI_UNIT(.MILLI.,.METRE.));
#15628=(NAMED_UNIT(*)PLANE_ANGLE_UNIT()SI_UNIT($,.RADIAN.));
#15631=(NAMED_UNIT(*)SI_UNIT($,.STERADIAN.)SOLID_ANGLE_UNIT());
#15633=(GEOMETRIC_REPRESENTATION_CONTEXT(3)GLOBAL_UNCERTAINTY_ASSIGNED_CONTEXT((
#15632))GLOBAL_UNIT_ASSIGNED_CONTEXT((#15627,#15630,#15631))REPRESENTATION_CONTEXT('ID1','3'));
#15634=ADVANCED_BREP_SHAPE_REPRESENTATION('',(#15626),#15633);
#15641=PRODUCT_DEFINITION('part definition','',#15640,#15637);
#15642=PRODUCT_DEFINITION_SHAPE('','SHAPE FOR C-284414-6.',#15641);
#15643=SHAPE_ASPECT('','solid data associated with C-284414-6',#15642,.F.);
#15644=PROPERTY_DEFINITION('',
'shape for solid data with which properties are associated',#15643);
#15645=SHAPE_REPRESENTATION('',(#15626),#15633);
#15646=SHAPE_DEFINITION_REPRESENTATION(#15644,#15645);
#15647=(LENGTH_UNIT()NAMED_UNIT(*)SI_UNIT(.MILLI.,.METRE.));
#15651=PROPERTY_DEFINITION('geometric validation property','area of C-284414-6',
#15643);
#15652=REPRESENTATION('surface area',(#15650),#15633);
#15653=PROPERTY_DEFINITION_REPRESENTATION(#15651,#15652);
#15654=(LENGTH_UNIT()NAMED_UNIT(*)SI_UNIT(.MILLI.,.METRE.));
#15658=PROPERTY_DEFINITION('geometric validation property',
'volume of C-284414-6',#15643);
#15659=REPRESENTATION('volume',(#15657),#15633);
#15660=PROPERTY_DEFINITION_REPRESENTATION(#15658,#15659);
#15662=PROPERTY_DEFINITION('geometric validation property',
'centroid of C-284414-6',#15643);
#15663=REPRESENTATION('centroid',(#15661),#15633);
#15664=PROPERTY_DEFINITION_REPRESENTATION(#15662,#15663);
#15665=(LENGTH_UNIT()NAMED_UNIT(*)SI_UNIT(.MILLI.,.METRE.));
#15669=PROPERTY_DEFINITION('geometric validation property','area of C-284414-6',
#15642);
#15670=REPRESENTATION('surface area',(#15668),#15633);
#15671=PROPERTY_DEFINITION_REPRESENTATION(#15669,#15670);
#15672=(LENGTH_UNIT()NAMED_UNIT(*)SI_UNIT(.MILLI.,.METRE.));
#15676=PROPERTY_DEFINITION('geometric validation property',
'volume of C-284414-6',#15642);
#15677=REPRESENTATION('volume',(#15675),#15633);
#15678=PROPERTY_DEFINITION_REPRESENTATION(#15676,#15677);
#15680=PROPERTY_DEFINITION('geometric validation property',
'centroid of C-284414-6',#15642);
#15681=REPRESENTATION('centroid',(#15679),#15633);
#15682=PROPERTY_DEFINITION_REPRESENTATION(#15680,#15681);
#15683=SHAPE_DEFINITION_REPRESENTATION(#15642,#15634);
ENDSEC;
END-ISO-10303-21;
